0 verbose cli /vercel/runtimes/node24/bin/node /vercel/runtimes/node24/bin/npm
1 info using npm@11.11.0
2 info using node@v24.14.1
3 silly config load:file:/vercel/runtimes/node24/lib/node_modules/npm/npmrc
4 silly config load:file:/vercel/share/v0-project/far/.npmrc
5 silly config load:file:/home/vercel-sandbox/.npmrc
6 silly config load:file:/home/vercel-sandbox/.global/npm/etc/npmrc
7 verbose title npm install espree
8 verbose argv "install" "--save-dev" "espree"
9 verbose logfile logs-max:10 dir:/vercel/share/v0-project/far/.npm-cache/_logs/2026-06-13T10_35_43_966Z-
10 verbose logfile /vercel/share/v0-project/far/.npm-cache/_logs/2026-06-13T10_35_43_966Z-debug-0.log
11 silly logfile done cleaning log files
12 silly packumentCache heap:2348810240 maxSize:587202560 maxEntrySize:293601280
13 silly idealTree buildDeps
14 silly fetch manifest espree@*
15 silly packumentCache full:https://registry.npmjs.org/espree cache-miss
16 http fetch GET 200 https://registry.npmjs.org/espree 89ms (cache miss)
17 silly packumentCache full:https://registry.npmjs.org/espree set size:undefined disposed:false
18 silly placeDep ROOT espree@11.2.0 REPLACE for: plasmadeck@1.1.2 want: *
19 silly reify mark retired [ '/vercel/share/v0-project/far/node_modules/chart.js' ]
20 silly reify mark retired [ '/vercel/share/v0-project/far/node_modules/dompurify' ]
21 silly reify mark retired [
21 silly reify   '/vercel/share/v0-project/far/node_modules/esbuild',
21 silly reify   '/vercel/share/v0-project/far/node_modules/.bin/esbuild'
21 silly reify ]
22 silly reify mark retired [
22 silly reify   '/vercel/share/v0-project/far/node_modules/eslint',
22 silly reify   '/vercel/share/v0-project/far/node_modules/.bin/eslint'
22 silly reify ]
23 silly reify mark retired [ '/vercel/share/v0-project/far/node_modules/fake-indexeddb' ]
24 silly reify mark retired [ '/vercel/share/v0-project/far/node_modules/fuse.js' ]
25 silly reify mark retired [ '/vercel/share/v0-project/far/node_modules/globals' ]
26 silly reify mark retired [
26 silly reify   '/vercel/share/v0-project/far/node_modules/http-server',
26 silly reify   '/vercel/share/v0-project/far/node_modules/.bin/http-server'
26 silly reify ]
27 silly reify mark retired [ '/vercel/share/v0-project/far/node_modules/jsdom' ]
28 silly reify mark retired [
28 silly reify   '/vercel/share/v0-project/far/node_modules/marked',
28 silly reify   '/vercel/share/v0-project/far/node_modules/.bin/marked'
28 silly reify ]
29 silly reify mark retired [ '/vercel/share/v0-project/far/node_modules/pdfjs-dist' ]
30 silly reify mark retired [ '/vercel/share/v0-project/far/node_modules/sharp' ]
31 silly reify mark retired [
31 silly reify   '/vercel/share/v0-project/far/node_modules/vitest',
31 silly reify   '/vercel/share/v0-project/far/node_modules/.bin/vitest'
31 silly reify ]
32 silly reify mark retired [
32 silly reify   '/vercel/share/v0-project/far/node_modules/workbox-cli',
32 silly reify   '/vercel/share/v0-project/far/node_modules/.bin/workbox'
32 silly reify ]
33 silly reify mark retired [ '/vercel/share/v0-project/far/node_modules/@eslint/js' ]
34 silly reify mark retired [ '/vercel/share/v0-project/far/node_modules/@fontsource/inter' ]
35 silly reify mark retired [
35 silly reify   '/vercel/share/v0-project/far/node_modules/@fontsource/jetbrains-mono'
35 silly reify ]
36 silly reify mark retired [
36 silly reify   '/vercel/share/v0-project/far/node_modules/@fontsource/playfair-display'
36 silly reify ]
37 silly reify mark retired [
37 silly reify   '/vercel/share/v0-project/far/node_modules/@fortawesome/fontawesome-free'
37 silly reify ]
38 silly reify mark retired [ '/vercel/share/v0-project/far/node_modules/@testing-library/dom' ]
39 silly reify moves {
39 silly reify   '/vercel/share/v0-project/far/node_modules/chart.js': '/vercel/share/v0-project/far/node_modules/.chart.js-oRBWXYyM',
39 silly reify   '/vercel/share/v0-project/far/node_modules/dompurify': '/vercel/share/v0-project/far/node_modules/.dompurify-ucfywojS',
39 silly reify   '/vercel/share/v0-project/far/node_modules/esbuild': '/vercel/share/v0-project/far/node_modules/.esbuild-to6Z1MLB',
39 silly reify   '/vercel/share/v0-project/far/node_modules/.bin/esbuild': '/vercel/share/v0-project/far/node_modules/.bin/.esbuild-oYTsbzbg',
39 silly reify   '/vercel/share/v0-project/far/node_modules/eslint': '/vercel/share/v0-project/far/node_modules/.eslint-rNbGdKo9',
39 silly reify   '/vercel/share/v0-project/far/node_modules/.bin/eslint': '/vercel/share/v0-project/far/node_modules/.bin/.eslint-Ut0NqKtS',
39 silly reify   '/vercel/share/v0-project/far/node_modules/fake-indexeddb': '/vercel/share/v0-project/far/node_modules/.fake-indexeddb-dglqVbDX',
39 silly reify   '/vercel/share/v0-project/far/node_modules/fuse.js': '/vercel/share/v0-project/far/node_modules/.fuse.js-6psq63U1',
39 silly reify   '/vercel/share/v0-project/far/node_modules/globals': '/vercel/share/v0-project/far/node_modules/.globals-PMVb6gq6',
39 silly reify   '/vercel/share/v0-project/far/node_modules/http-server': '/vercel/share/v0-project/far/node_modules/.http-server-DYkFCvtw',
39 silly reify   '/vercel/share/v0-project/far/node_modules/.bin/http-server': '/vercel/share/v0-project/far/node_modules/.bin/.http-server-SFMW4jrc',
39 silly reify   '/vercel/share/v0-project/far/node_modules/jsdom': '/vercel/share/v0-project/far/node_modules/.jsdom-9LJ9qeHK',
39 silly reify   '/vercel/share/v0-project/far/node_modules/marked': '/vercel/share/v0-project/far/node_modules/.marked-9MX4Yao2',
39 silly reify   '/vercel/share/v0-project/far/node_modules/.bin/marked': '/vercel/share/v0-project/far/node_modules/.bin/.marked-Jv6wQiUs',
39 silly reify   '/vercel/share/v0-project/far/node_modules/pdfjs-dist': '/vercel/share/v0-project/far/node_modules/.pdfjs-dist-I0wSJHBr',
39 silly reify   '/vercel/share/v0-project/far/node_modules/sharp': '/vercel/share/v0-project/far/node_modules/.sharp-ALtGnp2s',
39 silly reify   '/vercel/share/v0-project/far/node_modules/vitest': '/vercel/share/v0-project/far/node_modules/.vitest-UVdSffCj',
39 silly reify   '/vercel/share/v0-project/far/node_modules/.bin/vitest': '/vercel/share/v0-project/far/node_modules/.bin/.vitest-O1ALllaL',
39 silly reify   '/vercel/share/v0-project/far/node_modules/workbox-cli': '/vercel/share/v0-project/far/node_modules/.workbox-cli-z5kefWCO',
39 silly reify   '/vercel/share/v0-project/far/node_modules/.bin/workbox': '/vercel/share/v0-project/far/node_modules/.bin/.workbox-fTrijEpN',
39 silly reify   '/vercel/share/v0-project/far/node_modules/@eslint/js': '/vercel/share/v0-project/far/node_modules/@eslint/.js-L9FxjH72',
39 silly reify   '/vercel/share/v0-project/far/node_modules/@fontsource/inter': '/vercel/share/v0-project/far/node_modules/@fontsource/.inter-tgKudIV2',
39 silly reify   '/vercel/share/v0-project/far/node_modules/@fontsource/jetbrains-mono': '/vercel/share/v0-project/far/node_modules/@fontsource/.jetbrains-mono-33NlshHm',
39 silly reify   '/vercel/share/v0-project/far/node_modules/@fontsource/playfair-display': '/vercel/share/v0-project/far/node_modules/@fontsource/.playfair-display-cb6iObR6',
39 silly reify   '/vercel/share/v0-project/far/node_modules/@fortawesome/fontawesome-free': '/vercel/share/v0-project/far/node_modules/@fortawesome/.fontawesome-free-svrXZVUx',
39 silly reify   '/vercel/share/v0-project/far/node_modules/@testing-library/dom': '/vercel/share/v0-project/far/node_modules/@testing-library/.dom-HKRtboAF'
39 silly reify }
40 silly audit bulk request {
40 silly audit   '@asamuzakjp/css-color': [ '5.1.11' ],
40 silly audit   '@asamuzakjp/dom-selector': [ '7.1.1' ],
40 silly audit   '@asamuzakjp/generational-cache': [ '1.0.1' ],
40 silly audit   '@asamuzakjp/nwsapi': [ '2.3.9' ],
40 silly audit   '@babel/code-frame': [ '7.29.0' ],
40 silly audit   '@babel/compat-data': [ '7.29.0' ],
40 silly audit   '@babel/core': [ '7.29.0' ],
40 silly audit   semver: [ '6.3.1', '5.7.2', '7.7.4' ],
40 silly audit   '@babel/generator': [ '7.29.1' ],
40 silly audit   '@babel/helper-annotate-as-pure': [ '7.27.3' ],
40 silly audit   '@babel/helper-compilation-targets': [ '7.28.6' ],
40 silly audit   '@babel/helper-create-class-features-plugin': [ '7.28.6' ],
40 silly audit   '@babel/helper-create-regexp-features-plugin': [ '7.28.5' ],
40 silly audit   '@babel/helper-define-polyfill-provider': [ '0.6.8' ],
40 silly audit   '@babel/helper-globals': [ '7.28.0' ],
40 silly audit   '@babel/helper-member-expression-to-functions': [ '7.28.5' ],
40 silly audit   '@babel/helper-module-imports': [ '7.28.6' ],
40 silly audit   '@babel/helper-module-transforms': [ '7.28.6' ],
40 silly audit   '@babel/helper-optimise-call-expression': [ '7.27.1' ],
40 silly audit   '@babel/helper-plugin-utils': [ '7.28.6' ],
40 silly audit   '@babel/helper-remap-async-to-generator': [ '7.27.1' ],
40 silly audit   '@babel/helper-replace-supers': [ '7.28.6' ],
40 silly audit   '@babel/helper-skip-transparent-expression-wrappers': [ '7.27.1' ],
40 silly audit   '@babel/helper-string-parser': [ '7.27.1' ],
40 silly audit   '@babel/helper-validator-identifier': [ '7.28.5' ],
40 silly audit   '@babel/helper-validator-option': [ '7.27.1' ],
40 silly audit   '@babel/helper-wrap-function': [ '7.28.6' ],
40 silly audit   '@babel/helpers': [ '7.29.2' ],
40 silly audit   '@babel/parser': [ '7.29.2' ],
40 silly audit   '@babel/plugin-bugfix-firefox-class-in-computed-class-key': [ '7.28.5' ],
40 silly audit   '@babel/plugin-bugfix-safari-class-field-initializer-scope': [ '7.27.1' ],
40 silly audit   '@babel/plugin-bugfix-safari-id-destructuring-collision-in-function-expression': [ '7.27.1' ],
40 silly audit   '@babel/plugin-bugfix-v8-spread-parameters-in-optional-chaining': [ '7.27.1' ],
40 silly audit   '@babel/plugin-bugfix-v8-static-class-fields-redefine-readonly': [ '7.28.6' ],
40 silly audit   '@babel/plugin-proposal-private-property-in-object': [ '7.21.0-placeholder-for-preset-env.2' ],
40 silly audit   '@babel/plugin-syntax-import-assertions': [ '7.28.6' ],
40 silly audit   '@babel/plugin-syntax-import-attributes': [ '7.28.6' ],
40 silly audit   '@babel/plugin-syntax-unicode-sets-regex': [ '7.18.6' ],
40 silly audit   '@babel/plugin-transform-arrow-functions': [ '7.27.1' ],
40 silly audit   '@babel/plugin-transform-async-generator-functions': [ '7.29.0' ],
40 silly audit   '@babel/plugin-transform-async-to-generator': [ '7.28.6' ],
40 silly audit   '@babel/plugin-transform-block-scoped-functions': [ '7.27.1' ],
40 silly audit   '@babel/plugin-transform-block-scoping': [ '7.28.6' ],
40 silly audit   '@babel/plugin-transform-class-properties': [ '7.28.6' ],
40 silly audit   '@babel/plugin-transform-class-static-block': [ '7.28.6' ],
40 silly audit   '@babel/plugin-transform-classes': [ '7.28.6' ],
40 silly audit   '@babel/plugin-transform-computed-properties': [ '7.28.6' ],
40 silly audit   '@babel/plugin-transform-destructuring': [ '7.28.5' ],
40 silly audit   '@babel/plugin-transform-dotall-regex': [ '7.28.6' ],
40 silly audit   '@babel/plugin-transform-duplicate-keys': [ '7.27.1' ],
40 silly audit   '@babel/plugin-transform-duplicate-named-capturing-groups-regex': [ '7.29.0' ],
40 silly audit   '@babel/plugin-transform-dynamic-import': [ '7.27.1' ],
40 silly audit   '@babel/plugin-transform-explicit-resource-management': [ '7.28.6' ],
40 silly audit   '@babel/plugin-transform-exponentiation-operator': [ '7.28.6' ],
40 silly audit   '@babel/plugin-transform-export-namespace-from': [ '7.27.1' ],
40 silly audit   '@babel/plugin-transform-for-of': [ '7.27.1' ],
40 silly audit   '@babel/plugin-transform-function-name': [ '7.27.1' ],
40 silly audit   '@babel/plugin-transform-json-strings': [ '7.28.6' ],
40 silly audit   '@babel/plugin-transform-literals': [ '7.27.1' ],
40 silly audit   '@babel/plugin-transform-logical-assignment-operators': [ '7.28.6' ],
40 silly audit   '@babel/plugin-transform-member-expression-literals': [ '7.27.1' ],
40 silly audit   '@babel/plugin-transform-modules-amd': [ '7.27.1' ],
40 silly audit   '@babel/plugin-transform-modules-commonjs': [ '7.28.6' ],
40 silly audit   '@babel/plugin-transform-modules-systemjs': [ '7.29.0' ],
40 silly audit   '@babel/plugin-transform-modules-umd': [ '7.27.1' ],
40 silly audit   '@babel/plugin-transform-named-capturing-groups-regex': [ '7.29.0' ],
40 silly audit   '@babel/plugin-transform-new-target': [ '7.27.1' ],
40 silly audit   '@babel/plugin-transform-nullish-coalescing-operator': [ '7.28.6' ],
40 silly audit   '@babel/plugin-transform-numeric-separator': [ '7.28.6' ],
40 silly audit   '@babel/plugin-transform-object-rest-spread': [ '7.28.6' ],
40 silly audit   '@babel/plugin-transform-object-super': [ '7.27.1' ],
40 silly audit   '@babel/plugin-transform-optional-catch-binding': [ '7.28.6' ],
40 silly audit   '@babel/plugin-transform-optional-chaining': [ '7.28.6' ],
40 silly audit   '@babel/plugin-transform-parameters': [ '7.27.7' ],
40 silly audit   '@babel/plugin-transform-private-methods': [ '7.28.6' ],
40 silly audit   '@babel/plugin-transform-private-property-in-object': [ '7.28.6' ],
40 silly audit   '@babel/plugin-transform-property-literals': [ '7.27.1' ],
40 silly audit   '@babel/plugin-transform-regenerator': [ '7.29.0' ],
40 silly audit   '@babel/plugin-transform-regexp-modifiers': [ '7.28.6' ],
40 silly audit   '@babel/plugin-transform-reserved-words': [ '7.27.1' ],
40 silly audit   '@babel/plugin-transform-shorthand-properties': [ '7.27.1' ],
40 silly audit   '@babel/plugin-transform-spread': [ '7.28.6' ],
40 silly audit   '@babel/plugin-transform-sticky-regex': [ '7.27.1' ],
40 silly audit   '@babel/plugin-transform-template-literals': [ '7.27.1' ],
40 silly audit   '@babel/plugin-transform-typeof-symbol': [ '7.27.1' ],
40 silly audit   '@babel/plugin-transform-unicode-escapes': [ '7.27.1' ],
40 silly audit   '@babel/plugin-transform-unicode-property-regex': [ '7.28.6' ],
40 silly audit   '@babel/plugin-transform-unicode-regex': [ '7.27.1' ],
40 silly audit   '@babel/plugin-transform-unicode-sets-regex': [ '7.28.6' ],
40 silly audit   '@babel/preset-env': [ '7.29.2' ],
40 silly audit   '@babel/preset-modules': [ '0.1.6-no-external-plugins' ],
40 silly audit   '@babel/runtime': [ '7.29.2' ],
40 silly audit   '@babel/template': [ '7.28.6' ],
40 silly audit   '@babel/traverse': [ '7.29.0' ],
40 silly audit   '@babel/types': [ '7.29.0' ],
40 silly audit   '@bramus/specificity': [ '2.4.2' ],
40 silly audit   '@csstools/color-helpers': [ '6.0.2' ],
40 silly audit   '@csstools/css-calc': [ '3.2.0' ],
40 silly audit   '@csstools/css-color-parser': [ '4.1.0' ],
40 silly audit   '@csstools/css-parser-algorithms': [ '4.0.0' ],
40 silly audit   '@csstools/css-syntax-patches-for-csstree': [ '1.1.3' ],
40 silly audit   '@csstools/css-tokenizer': [ '4.0.0' ],
40 silly audit   '@emnapi/core': [ '1.9.2' ],
40 silly audit   '@emnapi/runtime': [ '1.10.0', '1.9.2' ],
40 silly audit   '@emnapi/wasi-threads': [ '1.2.1' ],
40 silly audit   '@esbuild/aix-ppc64': [ '0.28.0' ],
40 silly audit   '@esbuild/android-arm': [ '0.28.0' ],
40 silly audit   '@esbuild/android-arm64': [ '0.28.0' ],
40 silly audit   '@esbuild/android-x64': [ '0.28.0' ],
40 silly audit   '@esbuild/darwin-arm64': [ '0.28.0' ],
40 silly audit   '@esbuild/darwin-x64': [ '0.28.0' ],
40 silly audit   '@esbuild/freebsd-arm64': [ '0.28.0' ],
40 silly audit   '@esbuild/freebsd-x64': [ '0.28.0' ],
40 silly audit   '@esbuild/linux-arm': [ '0.28.0' ],
40 silly audit   '@esbuild/linux-arm64': [ '0.28.0' ],
40 silly audit   '@esbuild/linux-ia32': [ '0.28.0' ],
40 silly audit   '@esbuild/linux-loong64': [ '0.28.0' ],
40 silly audit   '@esbuild/linux-mips64el': [ '0.28.0' ],
40 silly audit   '@esbuild/linux-ppc64': [ '0.28.0' ],
40 silly audit   '@esbuild/linux-riscv64': [ '0.28.0' ],
40 silly audit   '@esbuild/linux-s390x': [ '0.28.0' ],
40 silly audit   '@esbuild/linux-x64': [ '0.28.0' ],
40 silly audit   '@esbuild/netbsd-arm64': [ '0.28.0' ],
40 silly audit   '@esbuild/netbsd-x64': [ '0.28.0' ],
40 silly audit   '@esbuild/openbsd-arm64': [ '0.28.0' ],
40 silly audit   '@esbuild/openbsd-x64': [ '0.28.0' ],
40 silly audit   '@esbuild/openharmony-arm64': [ '0.28.0' ],
40 silly audit   '@esbuild/sunos-x64': [ '0.28.0' ],
40 silly audit   '@esbuild/win32-arm64': [ '0.28.0' ],
40 silly audit   '@esbuild/win32-ia32': [ '0.28.0' ],
40 silly audit   '@esbuild/win32-x64': [ '0.28.0' ],
40 silly audit   '@eslint-community/eslint-utils': [ '4.9.1' ],
40 silly audit   'eslint-visitor-keys': [ '3.4.3', '5.0.1' ],
40 silly audit   '@eslint-community/regexpp': [ '4.12.2' ],
40 silly audit   '@eslint/config-array': [ '0.23.5' ],
40 silly audit   'balanced-match': [ '4.0.4', '1.0.2' ],
40 silly audit   'brace-expansion': [ '5.0.5', '1.1.14', '2.1.0' ],
40 silly audit   minimatch: [ '10.2.5', '5.1.9', '3.1.5' ],
40 silly audit   '@eslint/config-helpers': [ '0.5.5' ],
40 silly audit   '@eslint/core': [ '1.2.1' ],
40 silly audit   '@eslint/js': [ '10.0.1' ],
40 silly audit   '@eslint/object-schema': [ '3.0.5' ],
40 silly audit   '@eslint/plugin-kit': [ '0.7.1' ],
40 silly audit   '@exodus/bytes': [ '1.15.0' ],
40 silly audit   '@fontsource/inter': [ '5.2.8' ],
40 silly audit   '@fontsource/jetbrains-mono': [ '5.2.8' ],
40 silly audit   '@fontsource/playfair-display': [ '5.2.8' ],
40 silly audit   '@fortawesome/fontawesome-free': [ '7.2.0' ],
40 silly audit   '@humanfs/core': [ '0.19.2' ],
40 silly audit   '@humanfs/node': [ '0.16.8' ],
40 silly audit   '@humanfs/types': [ '0.15.0' ],
40 silly audit   '@humanwhocodes/module-importer': [ '1.0.1' ],
40 silly audit   '@humanwhocodes/retry': [ '0.4.3' ],
40 silly audit   '@img/colour': [ '1.1.0' ],
40 silly audit   '@img/sharp-darwin-arm64': [ '0.34.5' ],
40 silly audit   '@img/sharp-darwin-x64': [ '0.34.5' ],
40 silly audit   '@img/sharp-libvips-darwin-arm64': [ '1.2.4' ],
40 silly audit   '@img/sharp-libvips-darwin-x64': [ '1.2.4' ],
40 silly audit   '@img/sharp-libvips-linux-arm': [ '1.2.4' ],
40 silly audit   '@img/sharp-libvips-linux-arm64': [ '1.2.4' ],
40 silly audit   '@img/sharp-libvips-linux-ppc64': [ '1.2.4' ],
40 silly audit   '@img/sharp-libvips-linux-riscv64': [ '1.2.4' ],
40 silly audit   '@img/sharp-libvips-linux-s390x': [ '1.2.4' ],
40 silly audit   '@img/sharp-libvips-linux-x64': [ '1.2.4' ],
40 silly audit   '@img/sharp-libvips-linuxmusl-arm64': [ '1.2.4' ],
40 silly audit   '@img/sharp-libvips-linuxmusl-x64': [ '1.2.4' ],
40 silly audit   '@img/sharp-linux-arm': [ '0.34.5' ],
40 silly audit   '@img/sharp-linux-arm64': [ '0.34.5' ],
40 silly audit   '@img/sharp-linux-ppc64': [ '0.34.5' ],
40 silly audit   '@img/sharp-linux-riscv64': [ '0.34.5' ],
40 silly audit   '@img/sharp-linux-s390x': [ '0.34.5' ],
40 silly audit   '@img/sharp-linux-x64': [ '0.34.5' ],
40 silly audit   '@img/sharp-linuxmusl-arm64': [ '0.34.5' ],
40 silly audit   '@img/sharp-linuxmusl-x64': [ '0.34.5' ],
40 silly audit   '@img/sharp-wasm32': [ '0.34.5' ],
40 silly audit   '@img/sharp-win32-arm64': [ '0.34.5' ],
40 silly audit   '@img/sharp-win32-ia32': [ '0.34.5' ],
40 silly audit   '@img/sharp-win32-x64': [ '0.34.5' ],
40 silly audit   '@isaacs/cliui': [ '9.0.0' ],
40 silly audit   '@jridgewell/gen-mapping': [ '0.3.13' ],
40 silly audit   '@jridgewell/remapping': [ '2.3.5' ],
40 silly audit   '@jridgewell/resolve-uri': [ '3.1.2' ],
40 silly audit   '@jridgewell/source-map': [ '0.3.11' ],
40 silly audit   '@jridgewell/sourcemap-codec': [ '1.5.5' ],
40 silly audit   '@jridgewell/trace-mapping': [ '0.3.31' ],
40 silly audit   '@kurkle/color': [ '0.3.4' ],
40 silly audit   '@mapbox/node-pre-gyp': [ '1.0.11' ],
40 silly audit   '@napi-rs/wasm-runtime': [ '1.1.4' ],
40 silly audit   '@oxc-project/types': [ '0.126.0' ],
40 silly audit   '@pnpm/config.env-replace': [ '1.1.0' ],
40 silly audit   '@pnpm/network.ca-file': [ '1.0.2' ],
40 silly audit   'graceful-fs': [ '4.2.10', '4.2.11' ],
40 silly audit   '@pnpm/npm-conf': [ '3.0.2' ],
40 silly audit   '@rolldown/binding-android-arm64': [ '1.0.0-rc.16' ],
40 silly audit   '@rolldown/binding-darwin-arm64': [ '1.0.0-rc.16' ],
40 silly audit   '@rolldown/binding-darwin-x64': [ '1.0.0-rc.16' ],
40 silly audit   '@rolldown/binding-freebsd-x64': [ '1.0.0-rc.16' ],
40 silly audit   '@rolldown/binding-linux-arm-gnueabihf': [ '1.0.0-rc.16' ],
40 silly audit   '@rolldown/binding-linux-arm64-gnu': [ '1.0.0-rc.16' ],
40 silly audit   '@rolldown/binding-linux-arm64-musl': [ '1.0.0-rc.16' ],
40 silly audit   '@rolldown/binding-linux-ppc64-gnu': [ '1.0.0-rc.16' ],
40 silly audit   '@rolldown/binding-linux-s390x-gnu': [ '1.0.0-rc.16' ],
40 silly audit   '@rolldown/binding-linux-x64-gnu': [ '1.0.0-rc.16' ],
40 silly audit   '@rolldown/binding-linux-x64-musl': [ '1.0.0-rc.16' ],
40 silly audit   '@rolldown/binding-openharmony-arm64': [ '1.0.0-rc.16' ],
40 silly audit   '@rolldown/binding-wasm32-wasi': [ '1.0.0-rc.16' ],
40 silly audit   '@rolldown/binding-win32-arm64-msvc': [ '1.0.0-rc.16' ],
40 silly audit   '@rolldown/binding-win32-x64-msvc': [ '1.0.0-rc.16' ],
40 silly audit   '@rolldown/pluginutils': [ '1.0.0-rc.16' ],
40 silly audit   '@rollup/plugin-babel': [ '5.3.1' ],
40 silly audit   '@rollup/plugin-node-resolve': [ '15.3.1' ],
40 silly audit   '@rollup/pluginutils': [ '5.3.0', '3.1.0' ],
40 silly audit   'estree-walker': [ '2.0.2', '1.0.1', '3.0.3' ],
40 silly audit   '@rollup/plugin-replace': [ '2.4.2' ],
40 silly audit   'magic-string': [ '0.25.9', '0.30.21' ],
40 silly audit   '@rollup/plugin-terser': [ '0.4.4' ],
40 silly audit   '@types/estree': [ '0.0.39', '1.0.8' ],
40 silly audit   picomatch: [ '2.3.2', '4.0.4' ],
40 silly audit   '@standard-schema/spec': [ '1.1.0' ],
40 silly audit   '@surma/rollup-plugin-off-main-thread': [ '2.2.3' ],
40 silly audit   '@testing-library/dom': [ '10.4.1' ],
40 silly audit   '@tybys/wasm-util': [ '0.10.1' ],
40 silly audit   '@types/aria-query': [ '5.0.4' ],
40 silly audit   '@types/chai': [ '5.2.3' ],
40 silly audit   '@types/deep-eql': [ '4.0.2' ],
40 silly audit   '@types/esrecurse': [ '4.3.1' ],
40 silly audit   '@types/json-schema': [ '7.0.15' ],
40 silly audit   '@types/minimist': [ '1.2.5' ],
40 silly audit   '@types/normalize-package-data': [ '2.4.4' ],
40 silly audit   '@types/resolve': [ '1.20.2' ],
40 silly audit   '@types/trusted-types': [ '2.0.7' ],
40 silly audit   '@vitest/expect': [ '4.1.4' ],
40 silly audit   '@vitest/mocker': [ '4.1.4' ],
40 silly audit   '@vitest/pretty-format': [ '4.1.4' ],
40 silly audit   '@vitest/runner': [ '4.1.4' ],
40 silly audit   '@vitest/snapshot': [ '4.1.4' ],
40 silly audit   '@vitest/spy': [ '4.1.4' ],
40 silly audit   '@vitest/utils': [ '4.1.4' ],
40 silly audit   abbrev: [ '1.1.1' ],
40 silly audit   acorn: [ '8.16.0' ],
40 silly audit   'acorn-jsx': [ '5.3.2' ],
40 silly audit   'agent-base': [ '6.0.2' ],
40 silly audit   ajv: [ '6.14.0', '8.18.0' ],
40 silly audit   'ansi-align': [ '3.0.1' ],
40 silly audit   'ansi-escapes': [ '4.3.2' ],
40 silly audit   'ansi-regex': [ '5.0.1', '6.2.2' ],
40 silly audit   'ansi-styles': [ '4.3.0', '5.2.0', '6.2.3' ],
40 silly audit   anymatch: [ '3.1.3' ],
40 silly audit   aproba: [ '2.1.0' ],
40 silly audit   'are-we-there-yet': [ '2.0.0' ],
40 silly audit   'aria-query': [ '5.3.0' ],
40 silly audit   'array-buffer-byte-length': [ '1.0.2' ],
40 silly audit   'arraybuffer.prototype.slice': [ '1.0.4' ],
40 silly audit   arrify: [ '1.0.1' ],
40 silly audit   'assertion-error': [ '2.0.1' ],
40 silly audit   async: [ '3.2.6' ],
40 silly audit   'async-function': [ '1.0.0' ],
40 silly audit   'at-least-node': [ '1.0.0' ],
40 silly audit   atomically: [ '2.1.1' ],
40 silly audit   'available-typed-arrays': [ '1.0.7' ],
40 silly audit   'babel-plugin-polyfill-corejs2': [ '0.4.17' ],
40 silly audit   'babel-plugin-polyfill-corejs3': [ '0.14.2' ],
40 silly audit   'babel-plugin-polyfill-regenerator': [ '0.6.8' ],
40 silly audit   'base64-js': [ '1.5.1' ],
40 silly audit   'baseline-browser-mapping': [ '2.10.20' ],
40 silly audit   'basic-auth': [ '2.0.1' ],
40 silly audit   'safe-buffer': [ '5.1.2', '5.2.1' ],
40 silly audit   'bidi-js': [ '1.0.3' ],
40 silly audit   'binary-extensions': [ '2.3.0' ],
40 silly audit   bl: [ '4.1.0' ],
40 silly audit   boxen: [ '8.0.1' ],
40 silly audit   camelcase: [ '8.0.0', '5.3.1' ],
40 silly audit   chalk: [ '5.6.2', '4.1.2' ],
40 silly audit   'emoji-regex': [ '10.6.0', '8.0.0' ],
40 silly audit   'string-width': [ '7.2.0', '4.2.3' ],
40 silly audit   'strip-ansi': [ '7.2.0', '6.0.1' ],
40 silly audit   'type-fest': [ '4.41.0', '0.13.1', '0.8.1', '0.6.0', '0.16.0', '0.21.3' ],
40 silly audit   braces: [ '3.0.3' ],
40 silly audit   browserslist: [ '4.28.2' ],
40 silly audit   buffer: [ '5.7.1' ],
40 silly audit   'buffer-from': [ '1.1.2' ],
40 silly audit   'call-bind': [ '1.0.9' ],
40 silly audit   'call-bind-apply-helpers': [ '1.0.2' ],
40 silly audit   'call-bound': [ '1.0.4' ],
40 silly audit   'camelcase-keys': [ '6.2.2' ],
40 silly audit   'caniuse-lite': [ '1.0.30001788' ],
40 silly audit   chai: [ '6.2.2' ],
40 silly audit   chardet: [ '0.7.0' ],
40 silly audit   'chart.js': [ '4.5.1' ],
40 silly audit   chokidar: [ '3.6.0' ],
40 silly audit   'glob-parent': [ '5.1.2', '6.0.2' ],
40 silly audit   'cli-boxes': [ '3.0.0' ],
40 silly audit   'cli-cursor': [ '3.1.0' ],
40 silly audit   'cli-spinners': [ '2.9.2' ],
40 silly audit   'cli-width': [ '3.0.0' ],
40 silly audit   clone: [ '1.0.4' ],
40 silly audit   'color-convert': [ '2.0.1' ],
40 silly audit   'color-name': [ '1.1.4' ],
40 silly audit   'color-support': [ '1.1.3' ],
40 silly audit   commander: [ '2.20.3' ],
40 silly audit   'common-tags': [ '1.8.2' ],
40 silly audit   'concat-map': [ '0.0.1' ],
40 silly audit   'config-chain': [ '1.1.13' ],
40 silly audit   ini: [ '1.3.8', '4.1.1' ],
40 silly audit   configstore: [ '7.1.0' ],
40 silly audit   'console-control-strings': [ '1.1.0' ],
40 silly audit   'convert-source-map': [ '2.0.0' ],
40 silly audit   'core-js-compat': [ '3.49.0' ],
40 silly audit   corser: [ '2.0.1' ],
40 silly audit   'cross-spawn': [ '7.0.6' ],
40 silly audit   'crypto-random-string': [ '2.0.0' ],
40 silly audit   'css-tree': [ '3.2.1' ],
40 silly audit   'data-urls': [ '7.0.0' ],
40 silly audit   'data-view-buffer': [ '1.0.2' ],
40 silly audit   'data-view-byte-length': [ '1.0.2' ],
40 silly audit   'data-view-byte-offset': [ '1.0.1' ],
40 silly audit   debug: [ '4.4.3' ],
40 silly audit   decamelize: [ '1.2.0' ],
40 silly audit   'decamelize-keys': [ '1.1.1' ],
40 silly audit   'map-obj': [ '1.0.1', '4.3.0' ],
40 silly audit   'decimal.js': [ '10.6.0' ],
40 silly audit   'deep-extend': [ '0.6.0' ],
40 silly audit   'deep-is': [ '0.1.4' ],
40 silly audit   deepmerge: [ '4.3.1' ],
40 silly audit   defaults: [ '1.0.4' ],
40 silly audit   'define-data-property': [ '1.1.4' ],
40 silly audit   'define-properties': [ '1.2.1' ],
40 silly audit   delegates: [ '1.0.0' ],
40 silly audit   dequal: [ '2.0.3' ],
40 silly audit   'detect-libc': [ '2.1.2' ],
40 silly audit   'dom-accessibility-api': [ '0.5.16' ],
40 silly audit   dompurify: [ '3.4.0' ],
40 silly audit   'dot-prop': [ '9.0.0' ],
40 silly audit   'dunder-proto': [ '1.0.1' ],
40 silly audit   ejs: [ '3.1.10' ],
40 silly audit   'electron-to-chromium': [ '1.5.340' ],
40 silly audit   entities: [ '8.0.0' ],
40 silly audit   'error-ex': [ '1.3.4' ],
40 silly audit   'es-abstract': [ '1.24.2' ],
40 silly audit   'es-define-property': [ '1.0.1' ],
40 silly audit   'es-errors': [ '1.3.0' ],
40 silly audit   'es-module-lexer': [ '2.0.0' ],
40 silly audit   'es-object-atoms': [ '1.1.1' ],
40 silly audit   'es-set-tostringtag': [ '2.1.0' ],
40 silly audit   'es-to-primitive': [ '1.3.0' ],
40 silly audit   esbuild: [ '0.28.0' ],
40 silly audit   escalade: [ '3.2.0' ],
40 silly audit   'escape-goat': [ '4.0.0' ],
40 silly audit   'escape-string-regexp': [ '4.0.0', '1.0.5' ],
40 silly audit   eslint: [ '10.2.1' ],
40 silly audit   'eslint-scope': [ '9.1.2' ],
40 silly audit   esquery: [ '1.7.0' ],
40 silly audit   esrecurse: [ '4.3.0' ],
40 silly audit   estraverse: [ '5.3.0' ],
40 silly audit   esutils: [ '2.0.3' ],
40 silly audit   eventemitter3: [ '4.0.7' ],
40 silly audit   'expect-type': [ '1.3.0' ],
40 silly audit   'external-editor': [ '3.1.0' ],
40 silly audit   'iconv-lite': [ '0.4.24', '0.6.3' ],
40 silly audit   'fake-indexeddb': [ '6.2.5' ],
40 silly audit   'fast-deep-equal': [ '3.1.3' ],
40 silly audit   'fast-json-stable-stringify': [ '2.1.0' ],
40 silly audit   'fast-levenshtein': [ '2.0.6' ],
40 silly audit   'fast-uri': [ '3.1.0' ],
40 silly audit   fdir: [ '6.5.0' ],
40 silly audit   figures: [ '3.2.0' ],
40 silly audit   'file-entry-cache': [ '8.0.0' ],
40 silly audit   filelist: [ '1.0.6' ],
40 silly audit   'fill-range': [ '7.1.1' ],
40 silly audit   'find-up': [ '5.0.0', '4.1.0' ],
40 silly audit   'flat-cache': [ '4.0.1' ],
40 silly audit   flatted: [ '3.4.2' ],
40 silly audit   'follow-redirects': [ '1.16.0' ],
40 silly audit   'for-each': [ '0.3.5' ],
40 silly audit   'foreground-child': [ '3.3.1' ],
40 silly audit   'signal-exit': [ '4.1.0', '3.0.7' ],
40 silly audit   'fs-extra': [ '9.1.0' ],
40 silly audit   'fs-minipass': [ '2.1.0' ],
40 silly audit   minipass: [ '3.3.6', '5.0.0', '7.1.3' ],
40 silly audit   'fs.realpath': [ '1.0.0' ],
40 silly audit   fsevents: [ '2.3.3' ],
40 silly audit   'function-bind': [ '1.1.2' ],
40 silly audit   'function.prototype.name': [ '1.1.8' ],
40 silly audit   'functions-have-names': [ '1.2.3' ],
40 silly audit   'fuse.js': [ '7.0.0' ],
40 silly audit   gauge: [ '3.0.2' ],
40 silly audit   'generator-function': [ '2.0.1' ],
40 silly audit   gensync: [ '1.0.0-beta.2' ],
40 silly audit   'get-east-asian-width': [ '1.5.0' ],
40 silly audit   'get-intrinsic': [ '1.3.0' ],
40 silly audit   'get-own-enumerable-property-symbols': [ '3.0.2' ],
40 silly audit   'get-proto': [ '1.0.1' ],
40 silly audit   'get-symbol-description': [ '1.1.0' ],
40 silly audit   glob: [ '7.2.3', '11.1.0' ],
40 silly audit   'global-directory': [ '4.0.1' ],
40 silly audit   globals: [ '17.5.0' ],
40 silly audit   globalthis: [ '1.0.4' ],
40 silly audit   gopd: [ '1.2.0' ],
40 silly audit   'hard-rejection': [ '2.1.0' ],
40 silly audit   'has-bigints': [ '1.1.0' ],
40 silly audit   'has-flag': [ '4.0.0' ],
40 silly audit   'has-property-descriptors': [ '1.0.2' ],
40 silly audit   'has-proto': [ '1.2.0' ],
40 silly audit   'has-symbols': [ '1.1.0' ],
40 silly audit   'has-tostringtag': [ '1.0.2' ],
40 silly audit   'has-unicode': [ '2.0.1' ],
40 silly audit   hasown: [ '2.0.3' ],
40 silly audit   he: [ '1.2.0' ],
40 silly audit   'hosted-git-info': [ '2.8.9' ],
40 silly audit   'html-encoding-sniffer': [ '3.0.0', '6.0.0' ],
40 silly audit   'http-proxy': [ '1.18.1' ],
40 silly audit   'http-server': [ '14.1.1' ],
40 silly audit   'https-proxy-agent': [ '5.0.1' ],
40 silly audit   idb: [ '7.1.1' ],
40 silly audit   ieee754: [ '1.2.1' ],
40 silly audit   ignore: [ '5.3.2' ],
40 silly audit   imurmurhash: [ '0.1.4' ],
40 silly audit   'indent-string': [ '4.0.0' ],
40 silly audit   inflight: [ '1.0.6' ],
40 silly audit   inherits: [ '2.0.4' ],
40 silly audit   inquirer: [ '7.3.3' ],
40 silly audit   'internal-slot': [ '1.1.0' ],
40 silly audit   'is-array-buffer': [ '3.0.5' ],
40 silly audit   'is-arrayish': [ '0.2.1' ],
40 silly audit   'is-async-function': [ '2.1.1' ],
40 silly audit   'is-bigint': [ '1.1.0' ],
40 silly audit   'is-binary-path': [ '2.1.0' ],
40 silly audit   'is-boolean-object': [ '1.2.2' ],
40 silly audit   'is-callable': [ '1.2.7' ],
40 silly audit   'is-core-module': [ '2.16.1' ],
40 silly audit   'is-data-view': [ '1.0.2' ],
40 silly audit   'is-date-object': [ '1.1.0' ],
40 silly audit   'is-extglob': [ '2.1.1' ],
40 silly audit   'is-finalizationregistry': [ '1.1.1' ],
40 silly audit   'is-fullwidth-code-point': [ '3.0.0' ],
40 silly audit   'is-generator-function': [ '1.1.2' ],
40 silly audit   'is-glob': [ '4.0.3' ],
40 silly audit   'is-in-ci': [ '1.0.0' ],
40 silly audit   'is-installed-globally': [ '1.0.0' ],
40 silly audit   'is-interactive': [ '1.0.0' ],
40 silly audit   'is-map': [ '2.0.3' ],
40 silly audit   'is-module': [ '1.0.0' ],
40 silly audit   'is-negative-zero': [ '2.0.3' ],
40 silly audit   'is-npm': [ '6.1.0' ],
40 silly audit   'is-number': [ '7.0.0' ],
40 silly audit   'is-number-object': [ '1.1.1' ],
40 silly audit   'is-obj': [ '1.0.1' ],
40 silly audit   'is-path-inside': [ '4.0.0' ],
40 silly audit   'is-plain-obj': [ '1.1.0' ],
40 silly audit   'is-potential-custom-element-name': [ '1.0.1' ],
40 silly audit   'is-regex': [ '1.2.1' ],
40 silly audit   'is-regexp': [ '1.0.0' ],
40 silly audit   'is-set': [ '2.0.3' ],
40 silly audit   'is-shared-array-buffer': [ '1.0.4' ],
40 silly audit   'is-stream': [ '2.0.1' ],
40 silly audit   'is-string': [ '1.1.1' ],
40 silly audit   'is-symbol': [ '1.1.1' ],
40 silly audit   'is-typed-array': [ '1.1.15' ],
40 silly audit   'is-unicode-supported': [ '0.1.0' ],
40 silly audit   'is-weakmap': [ '2.0.2' ],
40 silly audit   'is-weakref': [ '1.1.1' ],
40 silly audit   'is-weakset': [ '2.0.4' ],
40 silly audit   isarray: [ '2.0.5' ],
40 silly audit   isexe: [ '2.0.0' ],
40 silly audit   jackspeak: [ '4.2.3' ],
40 silly audit   jake: [ '10.9.4' ],
40 silly audit   'js-tokens': [ '4.0.0' ],
40 silly audit   jsdom: [ '29.0.2' ],
40 silly audit   'lru-cache': [ '11.3.5', '5.1.1' ],
40 silly audit   jsesc: [ '3.1.0' ],
40 silly audit   'json-buffer': [ '3.0.1' ],
40 silly audit   'json-parse-even-better-errors': [ '2.3.1' ],
40 silly audit   'json-schema-traverse': [ '0.4.1', '1.0.0' ],
40 silly audit   'json-stable-stringify-without-jsonify': [ '1.0.1' ],
40 silly audit   json5: [ '2.2.3' ],
40 silly audit   jsonfile: [ '6.2.0' ],
40 silly audit   jsonpointer: [ '5.0.1' ],
40 silly audit   keyv: [ '4.5.4' ],
40 silly audit   'kind-of': [ '6.0.3' ],
40 silly audit   ky: [ '1.14.3' ],
40 silly audit   'latest-version': [ '9.0.0' ],
40 silly audit   leven: [ '3.1.0' ],
40 silly audit   levn: [ '0.4.1' ],
40 silly audit   lightningcss: [ '1.32.0' ],
40 silly audit   'lightningcss-android-arm64': [ '1.32.0' ],
40 silly audit   'lightningcss-darwin-arm64': [ '1.32.0' ],
40 silly audit   'lightningcss-darwin-x64': [ '1.32.0' ],
40 silly audit   'lightningcss-freebsd-x64': [ '1.32.0' ],
40 silly audit   'lightningcss-linux-arm-gnueabihf': [ '1.32.0' ],
40 silly audit   'lightningcss-linux-arm64-gnu': [ '1.32.0' ],
40 silly audit   'lightningcss-linux-arm64-musl': [ '1.32.0' ],
40 silly audit   'lightningcss-linux-x64-gnu': [ '1.32.0' ],
40 silly audit   'lightningcss-linux-x64-musl': [ '1.32.0' ],
40 silly audit   'lightningcss-win32-arm64-msvc': [ '1.32.0' ],
40 silly audit   'lightningcss-win32-x64-msvc': [ '1.32.0' ],
40 silly audit   'lines-and-columns': [ '1.2.4' ],
40 silly audit   'locate-path': [ '6.0.0', '5.0.0' ],
40 silly audit   lodash: [ '4.18.1' ],
40 silly audit   'lodash.debounce': [ '4.0.8' ],
40 silly audit   'lodash.sortby': [ '4.7.0' ],
40 silly audit   'log-symbols': [ '4.1.0' ],
40 silly audit   yallist: [ '3.1.1', '4.0.0' ],
40 silly audit   'lz-string': [ '1.5.0' ],
40 silly audit   'make-dir': [ '3.1.0' ],
40 silly audit   marked: [ '9.1.6' ],
40 silly audit   'math-intrinsics': [ '1.1.0' ],
40 silly audit   'mdn-data': [ '2.27.1' ],
40 silly audit   meow: [ '7.1.1' ],
40 silly audit   mime: [ '1.6.0' ],
40 silly audit   'mimic-fn': [ '2.1.0' ],
40 silly audit   'min-indent': [ '1.0.1' ],
40 silly audit   minimist: [ '1.2.8' ],
40 silly audit   'minimist-options': [ '4.1.0' ],
40 silly audit   minizlib: [ '2.1.2' ],
40 silly audit   mkdirp: [ '1.0.4' ],
40 silly audit   ms: [ '2.1.3' ],
40 silly audit   'mute-stream': [ '0.0.8' ],
40 silly audit   nan: [ '2.26.2' ],
40 silly audit   nanoid: [ '3.3.11' ],
40 silly audit   'natural-compare': [ '1.4.0' ],
40 silly audit   'node-fetch': [ '2.7.0' ],
40 silly audit   tr46: [ '0.0.3', '1.0.1', '6.0.0' ],
40 silly audit   'webidl-conversions': [ '3.0.1', '4.0.2', '8.0.1' ],
40 silly audit   'whatwg-url': [ '5.0.0', '7.1.0', '16.0.1' ],
40 silly audit   'node-releases': [ '2.0.37' ],
40 silly audit   nopt: [ '5.0.0' ],
40 silly audit   'normalize-package-data': [ '2.5.0' ],
40 silly audit   'normalize-path': [ '3.0.0' ],
40 silly audit   npmlog: [ '5.0.1' ],
40 silly audit   'object-assign': [ '4.1.1' ],
40 silly audit   'object-inspect': [ '1.13.4' ],
40 silly audit   'object-keys': [ '1.1.1' ],
40 silly audit   'object.assign': [ '4.1.7' ],
40 silly audit   obug: [ '2.1.1' ],
40 silly audit   once: [ '1.4.0' ],
40 silly audit   onetime: [ '5.1.2' ],
40 silly audit   opener: [ '1.5.2' ],
40 silly audit   optionator: [ '0.9.4' ],
40 silly audit   ora: [ '5.4.1' ],
40 silly audit   'os-tmpdir': [ '1.0.2' ],
40 silly audit   'own-keys': [ '1.0.1' ],
40 silly audit   'p-limit': [ '3.1.0', '2.3.0' ],
40 silly audit   'p-locate': [ '5.0.0', '4.1.0' ],
40 silly audit   'p-try': [ '2.2.0' ],
40 silly audit   'package-json': [ '10.0.1' ],
40 silly audit   'package-json-from-dist': [ '1.0.1' ],
40 silly audit   'parse-json': [ '5.2.0' ],
40 silly audit   parse5: [ '8.0.1' ],
40 silly audit   'path-exists': [ '4.0.0' ],
40 silly audit   'path-is-absolute': [ '1.0.1' ],
40 silly audit   'path-key': [ '3.1.1' ],
40 silly audit   'path-parse': [ '1.0.7' ],
40 silly audit   'path-scurry': [ '2.0.2' ],
40 silly audit   'path2d-polyfill': [ '2.0.1' ],
40 silly audit   pathe: [ '2.0.3' ],
40 silly audit   'pdfjs-dist': [ '3.11.174' ],
40 silly audit   canvas: [ '2.11.2' ],
40 silly audit   'decompress-response': [ '4.2.1' ],
40 silly audit   'mimic-response': [ '2.1.0' ],
40 silly audit   'simple-get': [ '3.1.1' ],
40 silly audit   picocolors: [ '1.1.1' ],
40 silly audit   portfinder: [ '1.0.38' ],
40 silly audit   'possible-typed-array-names': [ '1.1.0' ],
40 silly audit   postcss: [ '8.5.10' ],
40 silly audit   'prelude-ls': [ '1.2.1' ],
40 silly audit   'pretty-bytes': [ '5.6.0' ],
40 silly audit   'pretty-format': [ '27.5.1' ],
40 silly audit   'proto-list': [ '1.2.4' ],
40 silly audit   punycode: [ '2.3.1' ],
40 silly audit   pupa: [ '3.3.0' ],
40 silly audit   qs: [ '6.15.1' ],
40 silly audit   'quick-lru': [ '4.0.1' ],
40 silly audit   randombytes: [ '2.1.0' ],
40 silly audit   rc: [ '1.2.8' ],
40 silly audit   'react-is': [ '17.0.2' ],
40 silly audit   'read-pkg': [ '5.2.0' ],
40 silly audit   'read-pkg-up': [ '7.0.1' ],
40 silly audit   'readable-stream': [ '3.6.2' ],
40 silly audit   readdirp: [ '3.6.0' ],
40 silly audit   redent: [ '3.0.0' ],
40 silly audit   'reflect.getprototypeof': [ '1.0.10' ],
40 silly audit   regenerate: [ '1.4.2' ],
40 silly audit   'regenerate-unicode-properties': [ '10.2.2' ],
40 silly audit   'regexp.prototype.flags': [ '1.5.4' ],
40 silly audit   'regexpu-core': [ '6.4.0' ],
40 silly audit   'registry-auth-token': [ '5.1.1' ],
40 silly audit   'registry-url': [ '6.0.1' ],
40 silly audit   regjsgen: [ '0.8.0' ],
40 silly audit   regjsparser: [ '0.13.1' ],
40 silly audit   'require-from-string': [ '2.0.2' ],
40 silly audit   'requires-port': [ '1.0.0' ],
40 silly audit   resolve: [ '1.22.12' ],
40 silly audit   'restore-cursor': [ '3.1.0' ],
40 silly audit   rimraf: [ '3.0.2' ],
40 silly audit   rolldown: [ '1.0.0-rc.16' ],
40 silly audit   rollup: [ '2.80.0' ],
40 silly audit   'run-async': [ '2.4.1' ],
40 silly audit   rxjs: [ '6.6.7' ],
40 silly audit   tslib: [ '1.14.1', '2.8.1' ],
40 silly audit   'safe-array-concat': [ '1.1.4' ],
40 silly audit   'safe-push-apply': [ '1.0.0' ],
40 silly audit   'safe-regex-test': [ '1.1.0' ],
40 silly audit   'safer-buffer': [ '2.1.2' ],
40 silly audit   saxes: [ '6.0.0' ],
40 silly audit   'secure-compare': [ '3.0.1' ],
40 silly audit   'serialize-javascript': [ '6.0.2' ],
40 silly audit   'set-blocking': [ '2.0.0' ],
40 silly audit   'set-function-length': [ '1.2.2' ],
40 silly audit   'set-function-name': [ '2.0.2' ],
40 silly audit   'set-proto': [ '1.0.0' ],
40 silly audit   sharp: [ '0.34.5' ],
40 silly audit   'shebang-command': [ '2.0.0' ],
40 silly audit   'shebang-regex': [ '3.0.0' ],
40 silly audit   'side-channel': [ '1.1.0' ],
40 silly audit   'side-channel-list': [ '1.0.1' ],
40 silly audit   'side-channel-map': [ '1.0.1' ],
40 silly audit   'side-channel-weakmap': [ '1.0.2' ],
40 silly audit   siginfo: [ '2.0.0' ],
40 silly audit   'simple-concat': [ '1.0.1' ],
40 silly audit   smob: [ '1.6.1' ],
40 silly audit   'source-map': [ '0.8.0-beta.0', '0.6.1' ],
40 silly audit   'source-map-js': [ '1.2.1' ],
40 silly audit   'source-map-support': [ '0.5.21' ],
40 silly audit   'sourcemap-codec': [ '1.4.8' ],
40 silly audit   'spdx-correct': [ '3.2.0' ],
40 silly audit   'spdx-exceptions': [ '2.5.0' ],
40 silly audit   'spdx-expression-parse': [ '3.0.1' ],
40 silly audit   'spdx-license-ids': [ '3.0.23' ],
40 silly audit   stackback: [ '0.0.2' ],
40 silly audit   'std-env': [ '4.1.0' ],
40 silly audit   'stop-iteration-iterator': [ '1.1.0' ],
40 silly audit   string_decoder: [ '1.3.0' ],
40 silly audit   'string.prototype.matchall': [ '4.0.12' ],
40 silly audit   'string.prototype.trim': [ '1.2.10' ],
40 silly audit   'string.prototype.trimend': [ '1.0.9' ],
40 silly audit   'string.prototype.trimstart': [ '1.0.8' ],
40 silly audit   'stringify-object': [ '3.3.0' ],
40 silly audit   'strip-comments': [ '2.0.1' ],
40 silly audit   'strip-indent': [ '3.0.0' ],
40 silly audit   'strip-json-comments': [ '2.0.1' ],
40 silly audit   'stubborn-fs': [ '2.0.0' ],
40 silly audit   'stubborn-utils': [ '1.0.2' ],
40 silly audit   'supports-color': [ '7.2.0' ],
40 silly audit   'supports-preserve-symlinks-flag': [ '1.0.0' ],
40 silly audit   'symbol-tree': [ '3.2.4' ],
40 silly audit   tar: [ '6.2.1' ],
40 silly audit   chownr: [ '2.0.0' ],
40 silly audit   'temp-dir': [ '2.0.0' ],
40 silly audit   tempy: [ '0.6.0' ],
40 silly audit   terser: [ '5.46.1' ],
40 silly audit   through: [ '2.3.8' ],
40 silly audit   tinybench: [ '2.9.0' ],
40 silly audit   tinyexec: [ '1.1.1' ],
40 silly audit   tinyglobby: [ '0.2.16' ],
40 silly audit   tinyrainbow: [ '3.1.0' ],
40 silly audit   tldts: [ '7.0.28' ],
40 silly audit   'tldts-core': [ '7.0.28' ],
40 silly audit   tmp: [ '0.0.33' ],
40 silly audit   'to-regex-range': [ '5.0.1' ],
40 silly audit   'tough-cookie': [ '6.0.1' ],
40 silly audit   'trim-newlines': [ '3.0.1' ],
40 silly audit   'type-check': [ '0.4.0' ],
40 silly audit   'typed-array-buffer': [ '1.0.3' ],
40 silly audit   'typed-array-byte-length': [ '1.0.3' ],
40 silly audit   'typed-array-byte-offset': [ '1.0.4' ],
40 silly audit   'typed-array-length': [ '1.0.7' ],
40 silly audit   'unbox-primitive': [ '1.1.0' ],
40 silly audit   undici: [ '7.25.0' ],
40 silly audit   'unicode-canonical-property-names-ecmascript': [ '2.0.1' ],
40 silly audit   'unicode-match-property-ecmascript': [ '2.0.0' ],
40 silly audit   'unicode-match-property-value-ecmascript': [ '2.2.1' ],
40 silly audit   'unicode-property-aliases-ecmascript': [ '2.2.0' ],
40 silly audit   union: [ '0.5.0' ],
40 silly audit   'unique-string': [ '2.0.0' ],
40 silly audit   universalify: [ '2.0.1' ],
40 silly audit   upath: [ '1.2.0' ],
40 silly audit   'update-browserslist-db': [ '1.2.3' ],
40 silly audit   'update-notifier': [ '7.3.1' ],
40 silly audit   'uri-js': [ '4.4.1' ],
40 silly audit   'url-join': [ '4.0.1' ],
40 silly audit   'util-deprecate': [ '1.0.2' ],
40 silly audit   'validate-npm-package-license': [ '3.0.4' ],
40 silly audit   vite: [ '8.0.9' ],
40 silly audit   vitest: [ '4.1.4' ],
40 silly audit   'w3c-xmlserializer': [ '5.0.0' ],
40 silly audit   wcwidth: [ '1.0.1' ],
40 silly audit   'whatwg-encoding': [ '2.0.0' ],
40 silly audit   'whatwg-mimetype': [ '5.0.0' ],
40 silly audit   'when-exit': [ '2.1.5' ],
40 silly audit   which: [ '2.0.2' ],
40 silly audit   'which-boxed-primitive': [ '1.1.1' ],
40 silly audit   'which-builtin-type': [ '1.2.1' ],
40 silly audit   'which-collection': [ '1.0.2' ],
40 silly audit   'which-typed-array': [ '1.1.20' ],
40 silly audit   'why-is-node-running': [ '2.3.0' ],
40 silly audit   'wide-align': [ '1.1.5' ],
40 silly audit   'widest-line': [ '5.0.0' ],
40 silly audit   'word-wrap': [ '1.2.5' ],
40 silly audit   'workbox-background-sync': [ '7.4.0' ],
40 silly audit   'workbox-broadcast-update': [ '7.4.0' ],
40 silly audit   'workbox-build': [ '7.4.0' ],
40 silly audit   '@apideck/better-ajv-errors': [ '0.3.7' ],
40 silly audit   'workbox-cacheable-response': [ '7.4.0' ],
40 silly audit   'workbox-cli': [ '7.4.0' ],
40 silly audit   'workbox-core': [ '7.4.0' ],
40 silly audit   'workbox-expiration': [ '7.4.0' ],
40 silly audit   'workbox-google-analytics': [ '7.4.0' ],
40 silly audit   'workbox-navigation-preload': [ '7.4.0' ],
40 silly audit   'workbox-precaching': [ '7.4.0' ],
40 silly audit   'workbox-range-requests': [ '7.4.0' ],
40 silly audit   'workbox-recipes': [ '7.4.0' ],
40 silly audit   'workbox-routing': [ '7.4.0' ],
40 silly audit   'workbox-strategies': [ '7.4.0' ],
40 silly audit   'workbox-streams': [ '7.4.0' ],
40 silly audit   'workbox-sw': [ '7.4.0' ],
40 silly audit   'workbox-window': [ '7.4.0' ],
40 silly audit   'wrap-ansi': [ '9.0.2' ],
40 silly audit   wrappy: [ '1.0.2' ],
40 silly audit   'xdg-basedir': [ '5.1.0' ],
40 silly audit   'xml-name-validator': [ '5.0.0' ],
40 silly audit   xmlchars: [ '2.2.0' ],
40 silly audit   'yargs-parser': [ '18.1.3' ],
40 silly audit   'yocto-queue': [ '0.1.0' ],
40 silly audit   espree: [ '11.2.0' ]
40 silly audit }
41 http cache yargs-parser@https://registry.npmjs.org/yargs-parser/-/yargs-parser-18.1.3.tgz 0ms (cache hit)
42 http cache yallist@https://registry.npmjs.org/yallist/-/yallist-4.0.0.tgz 0ms (cache hit)
43 http cache xmlchars@https://registry.npmjs.org/xmlchars/-/xmlchars-2.2.0.tgz 0ms (cache hit)
44 http cache xml-name-validator@https://registry.npmjs.org/xml-name-validator/-/xml-name-validator-5.0.0.tgz 0ms (cache hit)
45 http cache xdg-basedir@https://registry.npmjs.org/xdg-basedir/-/xdg-basedir-5.1.0.tgz 0ms (cache hit)
46 http cache wrappy@https://registry.npmjs.org/wrappy/-/wrappy-1.0.2.tgz 0ms (cache hit)
47 http cache wrap-ansi@https://registry.npmjs.org/wrap-ansi/-/wrap-ansi-9.0.2.tgz 0ms (cache hit)
48 http cache workbox-sw@https://registry.npmjs.org/workbox-sw/-/workbox-sw-7.4.0.tgz 0ms (cache hit)
49 http cache workbox-window@https://registry.npmjs.org/workbox-window/-/workbox-window-7.4.0.tgz 0ms (cache hit)
50 http cache workbox-streams@https://registry.npmjs.org/workbox-streams/-/workbox-streams-7.4.0.tgz 0ms (cache hit)
51 http cache workbox-strategies@https://registry.npmjs.org/workbox-strategies/-/workbox-strategies-7.4.0.tgz 0ms (cache hit)
52 http cache workbox-routing@https://registry.npmjs.org/workbox-routing/-/workbox-routing-7.4.0.tgz 0ms (cache hit)
53 http cache workbox-recipes@https://registry.npmjs.org/workbox-recipes/-/workbox-recipes-7.4.0.tgz 0ms (cache hit)
54 http cache yocto-queue@https://registry.npmjs.org/yocto-queue/-/yocto-queue-0.1.0.tgz 0ms (cache hit)
55 http cache workbox-range-requests@https://registry.npmjs.org/workbox-range-requests/-/workbox-range-requests-7.4.0.tgz 0ms (cache hit)
56 http cache workbox-precaching@https://registry.npmjs.org/workbox-precaching/-/workbox-precaching-7.4.0.tgz 0ms (cache hit)
57 http cache workbox-navigation-preload@https://registry.npmjs.org/workbox-navigation-preload/-/workbox-navigation-preload-7.4.0.tgz 0ms (cache hit)
58 http cache workbox-google-analytics@https://registry.npmjs.org/workbox-google-analytics/-/workbox-google-analytics-7.4.0.tgz 0ms (cache hit)
59 http cache workbox-expiration@https://registry.npmjs.org/workbox-expiration/-/workbox-expiration-7.4.0.tgz 0ms (cache hit)
60 http cache workbox-core@https://registry.npmjs.org/workbox-core/-/workbox-core-7.4.0.tgz 0ms (cache hit)
61 http cache workbox-build@https://registry.npmjs.org/workbox-build/-/workbox-build-7.4.0.tgz 0ms (cache hit)
62 http cache workbox-broadcast-update@https://registry.npmjs.org/workbox-broadcast-update/-/workbox-broadcast-update-7.4.0.tgz 0ms (cache hit)
63 http cache workbox-cacheable-response@https://registry.npmjs.org/workbox-cacheable-response/-/workbox-cacheable-response-7.4.0.tgz 0ms (cache hit)
64 http cache word-wrap@https://registry.npmjs.org/word-wrap/-/word-wrap-1.2.5.tgz 0ms (cache hit)
65 http cache widest-line@https://registry.npmjs.org/widest-line/-/widest-line-5.0.0.tgz 0ms (cache hit)
66 http cache wide-align@https://registry.npmjs.org/wide-align/-/wide-align-1.1.5.tgz 0ms (cache hit)
67 http cache why-is-node-running@https://registry.npmjs.org/why-is-node-running/-/why-is-node-running-2.3.0.tgz 0ms (cache hit)
68 http cache workbox-background-sync@https://registry.npmjs.org/workbox-background-sync/-/workbox-background-sync-7.4.0.tgz 0ms (cache hit)
69 http cache which-collection@https://registry.npmjs.org/which-collection/-/which-collection-1.0.2.tgz 0ms (cache hit)
70 http cache which-typed-array@https://registry.npmjs.org/which-typed-array/-/which-typed-array-1.1.20.tgz 0ms (cache hit)
71 http cache which-boxed-primitive@https://registry.npmjs.org/which-boxed-primitive/-/which-boxed-primitive-1.1.1.tgz 0ms (cache hit)
72 http cache which-builtin-type@https://registry.npmjs.org/which-builtin-type/-/which-builtin-type-1.2.1.tgz 0ms (cache hit)
73 http cache espree@https://registry.npmjs.org/espree/-/espree-11.2.0.tgz 0ms (cache hit)
74 http cache which@https://registry.npmjs.org/which/-/which-2.0.2.tgz 0ms (cache hit)
75 http cache when-exit@https://registry.npmjs.org/when-exit/-/when-exit-2.1.5.tgz 0ms (cache hit)
76 http cache whatwg-url@https://registry.npmjs.org/whatwg-url/-/whatwg-url-16.0.1.tgz 0ms (cache hit)
77 http cache whatwg-mimetype@https://registry.npmjs.org/whatwg-mimetype/-/whatwg-mimetype-5.0.0.tgz 0ms (cache hit)
78 http cache whatwg-encoding@https://registry.npmjs.org/whatwg-encoding/-/whatwg-encoding-2.0.0.tgz 0ms (cache hit)
79 http cache webidl-conversions@https://registry.npmjs.org/webidl-conversions/-/webidl-conversions-8.0.1.tgz 0ms (cache hit)
80 http cache wcwidth@https://registry.npmjs.org/wcwidth/-/wcwidth-1.0.1.tgz 0ms (cache hit)
81 http cache w3c-xmlserializer@https://registry.npmjs.org/w3c-xmlserializer/-/w3c-xmlserializer-5.0.0.tgz 0ms (cache hit)
82 http cache validate-npm-package-license@https://registry.npmjs.org/validate-npm-package-license/-/validate-npm-package-license-3.0.4.tgz 0ms (cache hit)
83 http cache vite@https://registry.npmjs.org/vite/-/vite-8.0.9.tgz 0ms (cache hit)
84 http cache util-deprecate@https://registry.npmjs.org/util-deprecate/-/util-deprecate-1.0.2.tgz 0ms (cache hit)
85 http cache uri-js@https://registry.npmjs.org/uri-js/-/uri-js-4.4.1.tgz 0ms (cache hit)
86 http cache update-notifier@https://registry.npmjs.org/update-notifier/-/update-notifier-7.3.1.tgz 0ms (cache hit)
87 http cache update-browserslist-db@https://registry.npmjs.org/update-browserslist-db/-/update-browserslist-db-1.2.3.tgz 0ms (cache hit)
88 http cache upath@https://registry.npmjs.org/upath/-/upath-1.2.0.tgz 0ms (cache hit)
89 http cache universalify@https://registry.npmjs.org/universalify/-/universalify-2.0.1.tgz 0ms (cache hit)
90 http cache url-join@https://registry.npmjs.org/url-join/-/url-join-4.0.1.tgz 0ms (cache hit)
91 http cache unique-string@https://registry.npmjs.org/unique-string/-/unique-string-2.0.0.tgz 0ms (cache hit)
92 http cache union@https://registry.npmjs.org/union/-/union-0.5.0.tgz 0ms (cache hit)
93 http cache unicode-match-property-ecmascript@https://registry.npmjs.org/unicode-match-property-ecmascript/-/unicode-match-property-ecmascript-2.0.0.tgz 0ms (cache hit)
94 http cache unicode-canonical-property-names-ecmascript@https://registry.npmjs.org/unicode-canonical-property-names-ecmascript/-/unicode-canonical-property-names-ecmascript-2.0.1.tgz 0ms (cache hit)
95 http cache unicode-match-property-value-ecmascript@https://registry.npmjs.org/unicode-match-property-value-ecmascript/-/unicode-match-property-value-ecmascript-2.2.1.tgz 0ms (cache hit)
96 http cache typed-array-length@https://registry.npmjs.org/typed-array-length/-/typed-array-length-1.0.7.tgz 0ms (cache hit)
97 http cache unbox-primitive@https://registry.npmjs.org/unbox-primitive/-/unbox-primitive-1.1.0.tgz 0ms (cache hit)
98 http cache typed-array-byte-offset@https://registry.npmjs.org/typed-array-byte-offset/-/typed-array-byte-offset-1.0.4.tgz 0ms (cache hit)
99 http cache typed-array-byte-length@https://registry.npmjs.org/typed-array-byte-length/-/typed-array-byte-length-1.0.3.tgz 0ms (cache hit)
100 http cache undici@https://registry.npmjs.org/undici/-/undici-7.25.0.tgz 0ms (cache hit)
101 http cache typed-array-buffer@https://registry.npmjs.org/typed-array-buffer/-/typed-array-buffer-1.0.3.tgz 0ms (cache hit)
102 http cache type-check@https://registry.npmjs.org/type-check/-/type-check-0.4.0.tgz 0ms (cache hit)
103 http cache type-fest@https://registry.npmjs.org/type-fest/-/type-fest-0.21.3.tgz 0ms (cache hit)
104 http cache tslib@https://registry.npmjs.org/tslib/-/tslib-2.8.1.tgz 0ms (cache hit)
105 http cache trim-newlines@https://registry.npmjs.org/trim-newlines/-/trim-newlines-3.0.1.tgz 0ms (cache hit)
106 http cache tough-cookie@https://registry.npmjs.org/tough-cookie/-/tough-cookie-6.0.1.tgz 0ms (cache hit)
107 http cache to-regex-range@https://registry.npmjs.org/to-regex-range/-/to-regex-range-5.0.1.tgz 0ms (cache hit)
108 http cache tmp@https://registry.npmjs.org/tmp/-/tmp-0.0.33.tgz 0ms (cache hit)
109 http cache tr46@https://registry.npmjs.org/tr46/-/tr46-6.0.0.tgz 0ms (cache hit)
110 http cache tldts-core@https://registry.npmjs.org/tldts-core/-/tldts-core-7.0.28.tgz 0ms (cache hit)
111 http cache tinyrainbow@https://registry.npmjs.org/tinyrainbow/-/tinyrainbow-3.1.0.tgz 0ms (cache hit)
112 http cache tinyglobby@https://registry.npmjs.org/tinyglobby/-/tinyglobby-0.2.16.tgz 0ms (cache hit)
113 http cache tldts@https://registry.npmjs.org/tldts/-/tldts-7.0.28.tgz 0ms (cache hit)
114 http cache tinyexec@https://registry.npmjs.org/tinyexec/-/tinyexec-1.1.1.tgz 0ms (cache hit)
115 http cache through@https://registry.npmjs.org/through/-/through-2.3.8.tgz 0ms (cache hit)
116 http cache tinybench@https://registry.npmjs.org/tinybench/-/tinybench-2.9.0.tgz 0ms (cache hit)
117 http cache terser@https://registry.npmjs.org/terser/-/terser-5.46.1.tgz 0ms (cache hit)
118 http cache tempy@https://registry.npmjs.org/tempy/-/tempy-0.6.0.tgz 0ms (cache hit)
119 http cache tar@https://registry.npmjs.org/tar/-/tar-6.2.1.tgz 0ms (cache hit)
120 http cache symbol-tree@https://registry.npmjs.org/symbol-tree/-/symbol-tree-3.2.4.tgz 0ms (cache hit)
121 http cache temp-dir@https://registry.npmjs.org/temp-dir/-/temp-dir-2.0.0.tgz 0ms (cache hit)
122 http cache supports-color@https://registry.npmjs.org/supports-color/-/supports-color-7.2.0.tgz 0ms (cache hit)
123 http cache supports-preserve-symlinks-flag@https://registry.npmjs.org/supports-preserve-symlinks-flag/-/supports-preserve-symlinks-flag-1.0.0.tgz 0ms (cache hit)
124 http cache stubborn-utils@https://registry.npmjs.org/stubborn-utils/-/stubborn-utils-1.0.2.tgz 0ms (cache hit)
125 http cache stubborn-fs@https://registry.npmjs.org/stubborn-fs/-/stubborn-fs-2.0.0.tgz 0ms (cache hit)
126 http cache unicode-property-aliases-ecmascript@https://registry.npmjs.org/unicode-property-aliases-ecmascript/-/unicode-property-aliases-ecmascript-2.2.0.tgz 0ms (cache hit)
127 http cache strip-json-comments@https://registry.npmjs.org/strip-json-comments/-/strip-json-comments-2.0.1.tgz 0ms (cache hit)
128 http cache strip-indent@https://registry.npmjs.org/strip-indent/-/strip-indent-3.0.0.tgz 0ms (cache hit)
129 http cache strip-ansi@https://registry.npmjs.org/strip-ansi/-/strip-ansi-6.0.1.tgz 0ms (cache hit)
130 http cache stringify-object@https://registry.npmjs.org/stringify-object/-/stringify-object-3.3.0.tgz 0ms (cache hit)
131 http cache string.prototype.trimstart@https://registry.npmjs.org/string.prototype.trimstart/-/string.prototype.trimstart-1.0.8.tgz 0ms (cache hit)
132 http cache string.prototype.trimend@https://registry.npmjs.org/string.prototype.trimend/-/string.prototype.trimend-1.0.9.tgz 0ms (cache hit)
133 http cache string.prototype.trim@https://registry.npmjs.org/string.prototype.trim/-/string.prototype.trim-1.2.10.tgz 0ms (cache hit)
134 http cache string-width@https://registry.npmjs.org/string-width/-/string-width-4.2.3.tgz 0ms (cache hit)
135 http cache string_decoder@https://registry.npmjs.org/string_decoder/-/string_decoder-1.3.0.tgz 0ms (cache hit)
136 http cache stop-iteration-iterator@https://registry.npmjs.org/stop-iteration-iterator/-/stop-iteration-iterator-1.1.0.tgz 0ms (cache hit)
137 http cache string.prototype.matchall@https://registry.npmjs.org/string.prototype.matchall/-/string.prototype.matchall-4.0.12.tgz 0ms (cache hit)
138 http cache std-env@https://registry.npmjs.org/std-env/-/std-env-4.1.0.tgz 0ms (cache hit)
139 http cache spdx-license-ids@https://registry.npmjs.org/spdx-license-ids/-/spdx-license-ids-3.0.23.tgz 0ms (cache hit)
140 http cache stackback@https://registry.npmjs.org/stackback/-/stackback-0.0.2.tgz 0ms (cache hit)
141 http cache spdx-expression-parse@https://registry.npmjs.org/spdx-expression-parse/-/spdx-expression-parse-3.0.1.tgz 0ms (cache hit)
142 http cache spdx-exceptions@https://registry.npmjs.org/spdx-exceptions/-/spdx-exceptions-2.5.0.tgz 0ms (cache hit)
143 http cache spdx-correct@https://registry.npmjs.org/spdx-correct/-/spdx-correct-3.2.0.tgz 0ms (cache hit)
144 http cache sourcemap-codec@https://registry.npmjs.org/sourcemap-codec/-/sourcemap-codec-1.4.8.tgz 0ms (cache hit)
145 http cache source-map-support@https://registry.npmjs.org/source-map-support/-/source-map-support-0.5.21.tgz 0ms (cache hit)
146 http cache source-map@https://registry.npmjs.org/source-map/-/source-map-0.8.0-beta.0.tgz 0ms (cache hit)
147 http cache source-map-js@https://registry.npmjs.org/source-map-js/-/source-map-js-1.2.1.tgz 0ms (cache hit)
148 http cache smob@https://registry.npmjs.org/smob/-/smob-1.6.1.tgz 0ms (cache hit)
149 http cache simple-concat@https://registry.npmjs.org/simple-concat/-/simple-concat-1.0.1.tgz 0ms (cache hit)
150 http cache siginfo@https://registry.npmjs.org/siginfo/-/siginfo-2.0.0.tgz 0ms (cache hit)
151 http cache side-channel-weakmap@https://registry.npmjs.org/side-channel-weakmap/-/side-channel-weakmap-1.0.2.tgz 0ms (cache hit)
152 http cache side-channel-map@https://registry.npmjs.org/side-channel-map/-/side-channel-map-1.0.1.tgz 0ms (cache hit)
153 http cache side-channel-list@https://registry.npmjs.org/side-channel-list/-/side-channel-list-1.0.1.tgz 0ms (cache hit)
154 http cache side-channel@https://registry.npmjs.org/side-channel/-/side-channel-1.1.0.tgz 0ms (cache hit)
155 http cache shebang-regex@https://registry.npmjs.org/shebang-regex/-/shebang-regex-3.0.0.tgz 0ms (cache hit)
156 http cache signal-exit@https://registry.npmjs.org/signal-exit/-/signal-exit-3.0.7.tgz 0ms (cache hit)
157 http cache shebang-command@https://registry.npmjs.org/shebang-command/-/shebang-command-2.0.0.tgz 0ms (cache hit)
158 http cache set-function-name@https://registry.npmjs.org/set-function-name/-/set-function-name-2.0.2.tgz 0ms (cache hit)
159 http cache set-proto@https://registry.npmjs.org/set-proto/-/set-proto-1.0.0.tgz 0ms (cache hit)
160 http cache set-function-length@https://registry.npmjs.org/set-function-length/-/set-function-length-1.2.2.tgz 0ms (cache hit)
161 http cache set-blocking@https://registry.npmjs.org/set-blocking/-/set-blocking-2.0.0.tgz 0ms (cache hit)
162 http cache semver@https://registry.npmjs.org/semver/-/semver-7.7.4.tgz 0ms (cache hit)
163 http cache secure-compare@https://registry.npmjs.org/secure-compare/-/secure-compare-3.0.1.tgz 0ms (cache hit)
164 http cache serialize-javascript@https://registry.npmjs.org/serialize-javascript/-/serialize-javascript-6.0.2.tgz 0ms (cache hit)
165 http cache safer-buffer@https://registry.npmjs.org/safer-buffer/-/safer-buffer-2.1.2.tgz 0ms (cache hit)
166 http cache saxes@https://registry.npmjs.org/saxes/-/saxes-6.0.0.tgz 0ms (cache hit)
167 http cache safe-regex-test@https://registry.npmjs.org/safe-regex-test/-/safe-regex-test-1.1.0.tgz 0ms (cache hit)
168 http cache safe-push-apply@https://registry.npmjs.org/safe-push-apply/-/safe-push-apply-1.0.0.tgz 0ms (cache hit)
169 http cache safe-array-concat@https://registry.npmjs.org/safe-array-concat/-/safe-array-concat-1.1.4.tgz 0ms (cache hit)
170 http cache safe-buffer@https://registry.npmjs.org/safe-buffer/-/safe-buffer-5.2.1.tgz 0ms (cache hit)
171 http cache rxjs@https://registry.npmjs.org/rxjs/-/rxjs-6.6.7.tgz 0ms (cache hit)
172 http cache rollup@https://registry.npmjs.org/rollup/-/rollup-2.80.0.tgz 0ms (cache hit)
173 http cache rolldown@https://registry.npmjs.org/rolldown/-/rolldown-1.0.0-rc.16.tgz 0ms (cache hit)
174 http cache rimraf@https://registry.npmjs.org/rimraf/-/rimraf-3.0.2.tgz 0ms (cache hit)
175 http cache restore-cursor@https://registry.npmjs.org/restore-cursor/-/restore-cursor-3.1.0.tgz 0ms (cache hit)
176 http cache run-async@https://registry.npmjs.org/run-async/-/run-async-2.4.1.tgz 0ms (cache hit)
177 http cache resolve@https://registry.npmjs.org/resolve/-/resolve-1.22.12.tgz 0ms (cache hit)
178 http cache requires-port@https://registry.npmjs.org/requires-port/-/requires-port-1.0.0.tgz 0ms (cache hit)
179 http cache require-from-string@https://registry.npmjs.org/require-from-string/-/require-from-string-2.0.2.tgz 0ms (cache hit)
180 http cache regjsgen@https://registry.npmjs.org/regjsgen/-/regjsgen-0.8.0.tgz 0ms (cache hit)
181 http cache regjsparser@https://registry.npmjs.org/regjsparser/-/regjsparser-0.13.1.tgz 0ms (cache hit)
182 http cache registry-url@https://registry.npmjs.org/registry-url/-/registry-url-6.0.1.tgz 0ms (cache hit)
183 http cache registry-auth-token@https://registry.npmjs.org/registry-auth-token/-/registry-auth-token-5.1.1.tgz 0ms (cache hit)
184 http cache regexpu-core@https://registry.npmjs.org/regexpu-core/-/regexpu-core-6.4.0.tgz 0ms (cache hit)
185 http cache regexp.prototype.flags@https://registry.npmjs.org/regexp.prototype.flags/-/regexp.prototype.flags-1.5.4.tgz 0ms (cache hit)
186 http cache regenerate-unicode-properties@https://registry.npmjs.org/regenerate-unicode-properties/-/regenerate-unicode-properties-10.2.2.tgz 0ms (cache hit)
187 http cache redent@https://registry.npmjs.org/redent/-/redent-3.0.0.tgz 0ms (cache hit)
188 http cache regenerate@https://registry.npmjs.org/regenerate/-/regenerate-1.4.2.tgz 0ms (cache hit)
189 http cache reflect.getprototypeof@https://registry.npmjs.org/reflect.getprototypeof/-/reflect.getprototypeof-1.0.10.tgz 0ms (cache hit)
190 http cache readable-stream@https://registry.npmjs.org/readable-stream/-/readable-stream-3.6.2.tgz 0ms (cache hit)
191 http cache read-pkg-up@https://registry.npmjs.org/read-pkg-up/-/read-pkg-up-7.0.1.tgz 0ms (cache hit)
192 http cache read-pkg@https://registry.npmjs.org/read-pkg/-/read-pkg-5.2.0.tgz 0ms (cache hit)
193 http cache readdirp@https://registry.npmjs.org/readdirp/-/readdirp-3.6.0.tgz 0ms (cache hit)
194 http cache react-is@https://registry.npmjs.org/react-is/-/react-is-17.0.2.tgz 0ms (cache hit)
195 http cache rc@https://registry.npmjs.org/rc/-/rc-1.2.8.tgz 0ms (cache hit)
196 http cache randombytes@https://registry.npmjs.org/randombytes/-/randombytes-2.1.0.tgz 0ms (cache hit)
197 http cache quick-lru@https://registry.npmjs.org/quick-lru/-/quick-lru-4.0.1.tgz 0ms (cache hit)
198 http cache qs@https://registry.npmjs.org/qs/-/qs-6.15.1.tgz 0ms (cache hit)
199 http cache pupa@https://registry.npmjs.org/pupa/-/pupa-3.3.0.tgz 0ms (cache hit)
200 http cache pretty-format@https://registry.npmjs.org/pretty-format/-/pretty-format-27.5.1.tgz 0ms (cache hit)
201 http cache punycode@https://registry.npmjs.org/punycode/-/punycode-2.3.1.tgz 0ms (cache hit)
202 http cache proto-list@https://registry.npmjs.org/proto-list/-/proto-list-1.2.4.tgz 0ms (cache hit)
203 http cache pretty-bytes@https://registry.npmjs.org/pretty-bytes/-/pretty-bytes-5.6.0.tgz 0ms (cache hit)
204 http cache prelude-ls@https://registry.npmjs.org/prelude-ls/-/prelude-ls-1.2.1.tgz 0ms (cache hit)
205 http cache postcss@https://registry.npmjs.org/postcss/-/postcss-8.5.10.tgz 0ms (cache hit)
206 http cache possible-typed-array-names@https://registry.npmjs.org/possible-typed-array-names/-/possible-typed-array-names-1.1.0.tgz 0ms (cache hit)
207 http cache portfinder@https://registry.npmjs.org/portfinder/-/portfinder-1.0.38.tgz 0ms (cache hit)
208 http cache picomatch@https://registry.npmjs.org/picomatch/-/picomatch-4.0.4.tgz 0ms (cache hit)
209 http cache picocolors@https://registry.npmjs.org/picocolors/-/picocolors-1.1.1.tgz 0ms (cache hit)
210 http cache pathe@https://registry.npmjs.org/pathe/-/pathe-2.0.3.tgz 0ms (cache hit)
211 http cache path2d-polyfill@https://registry.npmjs.org/path2d-polyfill/-/path2d-polyfill-2.0.1.tgz 0ms (cache hit)
212 http cache path-scurry@https://registry.npmjs.org/path-scurry/-/path-scurry-2.0.2.tgz 0ms (cache hit)
213 http cache path-parse@https://registry.npmjs.org/path-parse/-/path-parse-1.0.7.tgz 0ms (cache hit)
214 http cache path-key@https://registry.npmjs.org/path-key/-/path-key-3.1.1.tgz 0ms (cache hit)
215 http cache path-is-absolute@https://registry.npmjs.org/path-is-absolute/-/path-is-absolute-1.0.1.tgz 0ms (cache hit)
216 http cache path-exists@https://registry.npmjs.org/path-exists/-/path-exists-4.0.0.tgz 0ms (cache hit)
217 http cache parse-json@https://registry.npmjs.org/parse-json/-/parse-json-5.2.0.tgz 0ms (cache hit)
218 http cache parse5@https://registry.npmjs.org/parse5/-/parse5-8.0.1.tgz 0ms (cache hit)
219 http cache package-json-from-dist@https://registry.npmjs.org/package-json-from-dist/-/package-json-from-dist-1.0.1.tgz 0ms (cache hit)
220 http cache package-json@https://registry.npmjs.org/package-json/-/package-json-10.0.1.tgz 0ms (cache hit)
221 http cache p-try@https://registry.npmjs.org/p-try/-/p-try-2.2.0.tgz 0ms (cache hit)
222 http cache own-keys@https://registry.npmjs.org/own-keys/-/own-keys-1.0.1.tgz 0ms (cache hit)
223 http cache p-limit@https://registry.npmjs.org/p-limit/-/p-limit-3.1.0.tgz 0ms (cache hit)
224 http cache os-tmpdir@https://registry.npmjs.org/os-tmpdir/-/os-tmpdir-1.0.2.tgz 0ms (cache hit)
225 http cache ora@https://registry.npmjs.org/ora/-/ora-5.4.1.tgz 0ms (cache hit)
226 http cache optionator@https://registry.npmjs.org/optionator/-/optionator-0.9.4.tgz 0ms (cache hit)
227 http cache p-locate@https://registry.npmjs.org/p-locate/-/p-locate-5.0.0.tgz 0ms (cache hit)
228 http cache onetime@https://registry.npmjs.org/onetime/-/onetime-5.1.2.tgz 0ms (cache hit)
229 http cache opener@https://registry.npmjs.org/opener/-/opener-1.5.2.tgz 0ms (cache hit)
230 http cache obug@https://registry.npmjs.org/obug/-/obug-2.1.1.tgz 0ms (cache hit)
231 http cache once@https://registry.npmjs.org/once/-/once-1.4.0.tgz 0ms (cache hit)
232 http cache object-keys@https://registry.npmjs.org/object-keys/-/object-keys-1.1.1.tgz 0ms (cache hit)
233 http cache object.assign@https://registry.npmjs.org/object.assign/-/object.assign-4.1.7.tgz 0ms (cache hit)
234 http cache object-inspect@https://registry.npmjs.org/object-inspect/-/object-inspect-1.13.4.tgz 0ms (cache hit)
235 http cache object-assign@https://registry.npmjs.org/object-assign/-/object-assign-4.1.1.tgz 0ms (cache hit)
236 http cache npmlog@https://registry.npmjs.org/npmlog/-/npmlog-5.0.1.tgz 0ms (cache hit)
237 http cache normalize-path@https://registry.npmjs.org/normalize-path/-/normalize-path-3.0.0.tgz 0ms (cache hit)
238 http cache normalize-package-data@https://registry.npmjs.org/normalize-package-data/-/normalize-package-data-2.5.0.tgz 0ms (cache hit)
239 http cache nopt@https://registry.npmjs.org/nopt/-/nopt-5.0.0.tgz 0ms (cache hit)
240 http cache node-fetch@https://registry.npmjs.org/node-fetch/-/node-fetch-2.7.0.tgz 0ms (cache hit)
241 http cache node-releases@https://registry.npmjs.org/node-releases/-/node-releases-2.0.37.tgz 0ms (cache hit)
242 http cache natural-compare@https://registry.npmjs.org/natural-compare/-/natural-compare-1.4.0.tgz 0ms (cache hit)
243 http cache nanoid@https://registry.npmjs.org/nanoid/-/nanoid-3.3.11.tgz 0ms (cache hit)
244 http cache nan@https://registry.npmjs.org/nan/-/nan-2.26.2.tgz 0ms (cache hit)
245 http cache mute-stream@https://registry.npmjs.org/mute-stream/-/mute-stream-0.0.8.tgz 0ms (cache hit)
246 http cache ms@https://registry.npmjs.org/ms/-/ms-2.1.3.tgz 0ms (cache hit)
247 http cache mkdirp@https://registry.npmjs.org/mkdirp/-/mkdirp-1.0.4.tgz 0ms (cache hit)
248 http cache minizlib@https://registry.npmjs.org/minizlib/-/minizlib-2.1.2.tgz 0ms (cache hit)
249 http cache minipass@https://registry.npmjs.org/minipass/-/minipass-5.0.0.tgz 0ms (cache hit)
250 http cache minimist-options@https://registry.npmjs.org/minimist-options/-/minimist-options-4.1.0.tgz 0ms (cache hit)
251 http cache minimist@https://registry.npmjs.org/minimist/-/minimist-1.2.8.tgz 0ms (cache hit)
252 http cache min-indent@https://registry.npmjs.org/min-indent/-/min-indent-1.0.1.tgz 0ms (cache hit)
253 http cache mimic-fn@https://registry.npmjs.org/mimic-fn/-/mimic-fn-2.1.0.tgz 0ms (cache hit)
254 http cache minimatch@https://registry.npmjs.org/minimatch/-/minimatch-3.1.5.tgz 0ms (cache hit)
255 http cache mime@https://registry.npmjs.org/mime/-/mime-1.6.0.tgz 0ms (cache hit)
256 http cache meow@https://registry.npmjs.org/meow/-/meow-7.1.1.tgz 0ms (cache hit)
257 http cache mdn-data@https://registry.npmjs.org/mdn-data/-/mdn-data-2.27.1.tgz 0ms (cache hit)
258 http cache map-obj@https://registry.npmjs.org/map-obj/-/map-obj-4.3.0.tgz 0ms (cache hit)
259 http cache math-intrinsics@https://registry.npmjs.org/math-intrinsics/-/math-intrinsics-1.1.0.tgz 0ms (cache hit)
260 http cache make-dir@https://registry.npmjs.org/make-dir/-/make-dir-3.1.0.tgz 0ms (cache hit)
261 http cache magic-string@https://registry.npmjs.org/magic-string/-/magic-string-0.30.21.tgz 0ms (cache hit)
262 http cache lru-cache@https://registry.npmjs.org/lru-cache/-/lru-cache-5.1.1.tgz 0ms (cache hit)
263 http cache lz-string@https://registry.npmjs.org/lz-string/-/lz-string-1.5.0.tgz 0ms (cache hit)
264 http cache log-symbols@https://registry.npmjs.org/log-symbols/-/log-symbols-4.1.0.tgz 0ms (cache hit)
265 http cache lodash.debounce@https://registry.npmjs.org/lodash.debounce/-/lodash.debounce-4.0.8.tgz 1ms (cache hit)
266 http cache lodash.sortby@https://registry.npmjs.org/lodash.sortby/-/lodash.sortby-4.7.0.tgz 0ms (cache hit)
267 http cache lodash@https://registry.npmjs.org/lodash/-/lodash-4.18.1.tgz 0ms (cache hit)
268 http cache lines-and-columns@https://registry.npmjs.org/lines-and-columns/-/lines-and-columns-1.2.4.tgz 0ms (cache hit)
269 http cache lightningcss-linux-x64-gnu@https://registry.npmjs.org/lightningcss-linux-x64-gnu/-/lightningcss-linux-x64-gnu-1.32.0.tgz 0ms (cache hit)
270 http cache locate-path@https://registry.npmjs.org/locate-path/-/locate-path-6.0.0.tgz 0ms (cache hit)
271 http cache lightningcss@https://registry.npmjs.org/lightningcss/-/lightningcss-1.32.0.tgz 0ms (cache hit)
272 http cache levn@https://registry.npmjs.org/levn/-/levn-0.4.1.tgz 0ms (cache hit)
273 http cache leven@https://registry.npmjs.org/leven/-/leven-3.1.0.tgz 0ms (cache hit)
274 http cache latest-version@https://registry.npmjs.org/latest-version/-/latest-version-9.0.0.tgz 0ms (cache hit)
275 http cache kind-of@https://registry.npmjs.org/kind-of/-/kind-of-6.0.3.tgz 0ms (cache hit)
276 http cache keyv@https://registry.npmjs.org/keyv/-/keyv-4.5.4.tgz 0ms (cache hit)
277 http cache jsonpointer@https://registry.npmjs.org/jsonpointer/-/jsonpointer-5.0.1.tgz 0ms (cache hit)
278 http cache jsonfile@https://registry.npmjs.org/jsonfile/-/jsonfile-6.2.0.tgz 0ms (cache hit)
279 http cache ky@https://registry.npmjs.org/ky/-/ky-1.14.3.tgz 0ms (cache hit)
280 http cache json5@https://registry.npmjs.org/json5/-/json5-2.2.3.tgz 0ms (cache hit)
281 http cache json-schema-traverse@https://registry.npmjs.org/json-schema-traverse/-/json-schema-traverse-0.4.1.tgz 0ms (cache hit)
282 http cache json-stable-stringify-without-jsonify@https://registry.npmjs.org/json-stable-stringify-without-jsonify/-/json-stable-stringify-without-jsonify-1.0.1.tgz 0ms (cache hit)
283 http cache json-parse-even-better-errors@https://registry.npmjs.org/json-parse-even-better-errors/-/json-parse-even-better-errors-2.3.1.tgz 0ms (cache hit)
284 http cache json-buffer@https://registry.npmjs.org/json-buffer/-/json-buffer-3.0.1.tgz 0ms (cache hit)
285 http cache jsesc@https://registry.npmjs.org/jsesc/-/jsesc-3.1.0.tgz 0ms (cache hit)
286 http cache js-tokens@https://registry.npmjs.org/js-tokens/-/js-tokens-4.0.0.tgz 0ms (cache hit)
287 http cache jake@https://registry.npmjs.org/jake/-/jake-10.9.4.tgz 0ms (cache hit)
288 http cache jackspeak@https://registry.npmjs.org/jackspeak/-/jackspeak-4.2.3.tgz 0ms (cache hit)
289 http cache isarray@https://registry.npmjs.org/isarray/-/isarray-2.0.5.tgz 0ms (cache hit)
290 http cache isexe@https://registry.npmjs.org/isexe/-/isexe-2.0.0.tgz 0ms (cache hit)
291 http cache is-weakref@https://registry.npmjs.org/is-weakref/-/is-weakref-1.1.1.tgz 0ms (cache hit)
292 http cache is-weakset@https://registry.npmjs.org/is-weakset/-/is-weakset-2.0.4.tgz 0ms (cache hit)
293 http cache is-weakmap@https://registry.npmjs.org/is-weakmap/-/is-weakmap-2.0.2.tgz 0ms (cache hit)
294 http cache is-unicode-supported@https://registry.npmjs.org/is-unicode-supported/-/is-unicode-supported-0.1.0.tgz 0ms (cache hit)
295 http cache is-typed-array@https://registry.npmjs.org/is-typed-array/-/is-typed-array-1.1.15.tgz 0ms (cache hit)
296 http cache is-symbol@https://registry.npmjs.org/is-symbol/-/is-symbol-1.1.1.tgz 0ms (cache hit)
297 http cache is-string@https://registry.npmjs.org/is-string/-/is-string-1.1.1.tgz 0ms (cache hit)
298 http cache is-stream@https://registry.npmjs.org/is-stream/-/is-stream-2.0.1.tgz 0ms (cache hit)
299 http cache is-shared-array-buffer@https://registry.npmjs.org/is-shared-array-buffer/-/is-shared-array-buffer-1.0.4.tgz 0ms (cache hit)
300 http cache is-set@https://registry.npmjs.org/is-set/-/is-set-2.0.3.tgz 0ms (cache hit)
301 http cache is-regexp@https://registry.npmjs.org/is-regexp/-/is-regexp-1.0.0.tgz 0ms (cache hit)
302 http cache is-regex@https://registry.npmjs.org/is-regex/-/is-regex-1.2.1.tgz 0ms (cache hit)
303 http cache is-potential-custom-element-name@https://registry.npmjs.org/is-potential-custom-element-name/-/is-potential-custom-element-name-1.0.1.tgz 0ms (cache hit)
304 http cache is-plain-obj@https://registry.npmjs.org/is-plain-obj/-/is-plain-obj-1.1.0.tgz 0ms (cache hit)
305 http cache is-path-inside@https://registry.npmjs.org/is-path-inside/-/is-path-inside-4.0.0.tgz 0ms (cache hit)
306 http cache is-obj@https://registry.npmjs.org/is-obj/-/is-obj-1.0.1.tgz 0ms (cache hit)
307 http cache is-number@https://registry.npmjs.org/is-number/-/is-number-7.0.0.tgz 0ms (cache hit)
308 http cache is-number-object@https://registry.npmjs.org/is-number-object/-/is-number-object-1.1.1.tgz 0ms (cache hit)
309 http cache is-npm@https://registry.npmjs.org/is-npm/-/is-npm-6.1.0.tgz 0ms (cache hit)
310 http cache is-map@https://registry.npmjs.org/is-map/-/is-map-2.0.3.tgz 0ms (cache hit)
311 http cache is-module@https://registry.npmjs.org/is-module/-/is-module-1.0.0.tgz 0ms (cache hit)
312 http cache is-interactive@https://registry.npmjs.org/is-interactive/-/is-interactive-1.0.0.tgz 0ms (cache hit)
313 http cache is-negative-zero@https://registry.npmjs.org/is-negative-zero/-/is-negative-zero-2.0.3.tgz 0ms (cache hit)
314 http cache is-installed-globally@https://registry.npmjs.org/is-installed-globally/-/is-installed-globally-1.0.0.tgz 0ms (cache hit)
315 http cache is-in-ci@https://registry.npmjs.org/is-in-ci/-/is-in-ci-1.0.0.tgz 0ms (cache hit)
316 http cache is-glob@https://registry.npmjs.org/is-glob/-/is-glob-4.0.3.tgz 0ms (cache hit)
317 http cache is-fullwidth-code-point@https://registry.npmjs.org/is-fullwidth-code-point/-/is-fullwidth-code-point-3.0.0.tgz 0ms (cache hit)
318 http cache is-generator-function@https://registry.npmjs.org/is-generator-function/-/is-generator-function-1.1.2.tgz 0ms (cache hit)
319 http cache is-finalizationregistry@https://registry.npmjs.org/is-finalizationregistry/-/is-finalizationregistry-1.1.1.tgz 0ms (cache hit)
320 http cache is-extglob@https://registry.npmjs.org/is-extglob/-/is-extglob-2.1.1.tgz 0ms (cache hit)
321 http cache is-date-object@https://registry.npmjs.org/is-date-object/-/is-date-object-1.1.0.tgz 0ms (cache hit)
322 http cache is-data-view@https://registry.npmjs.org/is-data-view/-/is-data-view-1.0.2.tgz 0ms (cache hit)
323 http cache is-callable@https://registry.npmjs.org/is-callable/-/is-callable-1.2.7.tgz 0ms (cache hit)
324 http cache is-core-module@https://registry.npmjs.org/is-core-module/-/is-core-module-2.16.1.tgz 0ms (cache hit)
325 http cache is-boolean-object@https://registry.npmjs.org/is-boolean-object/-/is-boolean-object-1.2.2.tgz 0ms (cache hit)
326 http cache is-binary-path@https://registry.npmjs.org/is-binary-path/-/is-binary-path-2.1.0.tgz 0ms (cache hit)
327 http cache is-bigint@https://registry.npmjs.org/is-bigint/-/is-bigint-1.1.0.tgz 0ms (cache hit)
328 http cache is-async-function@https://registry.npmjs.org/is-async-function/-/is-async-function-2.1.1.tgz 0ms (cache hit)
329 http cache is-arrayish@https://registry.npmjs.org/is-arrayish/-/is-arrayish-0.2.1.tgz 0ms (cache hit)
330 http cache is-array-buffer@https://registry.npmjs.org/is-array-buffer/-/is-array-buffer-3.0.5.tgz 0ms (cache hit)
331 http cache internal-slot@https://registry.npmjs.org/internal-slot/-/internal-slot-1.1.0.tgz 0ms (cache hit)
332 http cache inquirer@https://registry.npmjs.org/inquirer/-/inquirer-7.3.3.tgz 0ms (cache hit)
333 http cache ini@https://registry.npmjs.org/ini/-/ini-4.1.1.tgz 0ms (cache hit)
334 http cache inherits@https://registry.npmjs.org/inherits/-/inherits-2.0.4.tgz 0ms (cache hit)
335 http cache inflight@https://registry.npmjs.org/inflight/-/inflight-1.0.6.tgz 0ms (cache hit)
336 http cache indent-string@https://registry.npmjs.org/indent-string/-/indent-string-4.0.0.tgz 0ms (cache hit)
337 http cache imurmurhash@https://registry.npmjs.org/imurmurhash/-/imurmurhash-0.1.4.tgz 0ms (cache hit)
338 http cache ieee754@https://registry.npmjs.org/ieee754/-/ieee754-1.2.1.tgz 0ms (cache hit)
339 http cache idb@https://registry.npmjs.org/idb/-/idb-7.1.1.tgz 0ms (cache hit)
340 http cache iconv-lite@https://registry.npmjs.org/iconv-lite/-/iconv-lite-0.6.3.tgz 0ms (cache hit)
341 http cache https-proxy-agent@https://registry.npmjs.org/https-proxy-agent/-/https-proxy-agent-5.0.1.tgz 0ms (cache hit)
342 http cache html-encoding-sniffer@https://registry.npmjs.org/html-encoding-sniffer/-/html-encoding-sniffer-3.0.0.tgz 0ms (cache hit)
343 http cache http-proxy@https://registry.npmjs.org/http-proxy/-/http-proxy-1.18.1.tgz 0ms (cache hit)
344 http cache ignore@https://registry.npmjs.org/ignore/-/ignore-5.3.2.tgz 0ms (cache hit)
345 http cache hosted-git-info@https://registry.npmjs.org/hosted-git-info/-/hosted-git-info-2.8.9.tgz 0ms (cache hit)
346 http cache he@https://registry.npmjs.org/he/-/he-1.2.0.tgz 0ms (cache hit)
347 http cache hasown@https://registry.npmjs.org/hasown/-/hasown-2.0.3.tgz 0ms (cache hit)
348 http cache has-unicode@https://registry.npmjs.org/has-unicode/-/has-unicode-2.0.1.tgz 0ms (cache hit)
349 http cache has-tostringtag@https://registry.npmjs.org/has-tostringtag/-/has-tostringtag-1.0.2.tgz 0ms (cache hit)
350 http cache has-symbols@https://registry.npmjs.org/has-symbols/-/has-symbols-1.1.0.tgz 0ms (cache hit)
351 http cache has-proto@https://registry.npmjs.org/has-proto/-/has-proto-1.2.0.tgz 0ms (cache hit)
352 http cache has-property-descriptors@https://registry.npmjs.org/has-property-descriptors/-/has-property-descriptors-1.0.2.tgz 0ms (cache hit)
353 http cache has-flag@https://registry.npmjs.org/has-flag/-/has-flag-4.0.0.tgz 0ms (cache hit)
354 http cache has-bigints@https://registry.npmjs.org/has-bigints/-/has-bigints-1.1.0.tgz 0ms (cache hit)
355 http cache hard-rejection@https://registry.npmjs.org/hard-rejection/-/hard-rejection-2.1.0.tgz 0ms (cache hit)
356 http cache graceful-fs@https://registry.npmjs.org/graceful-fs/-/graceful-fs-4.2.11.tgz 0ms (cache hit)
357 http cache gopd@https://registry.npmjs.org/gopd/-/gopd-1.2.0.tgz 0ms (cache hit)
358 http cache globalthis@https://registry.npmjs.org/globalthis/-/globalthis-1.0.4.tgz 0ms (cache hit)
359 http cache global-directory@https://registry.npmjs.org/global-directory/-/global-directory-4.0.1.tgz 0ms (cache hit)
360 http cache glob-parent@https://registry.npmjs.org/glob-parent/-/glob-parent-6.0.2.tgz 0ms (cache hit)
361 http cache glob@https://registry.npmjs.org/glob/-/glob-7.2.3.tgz 0ms (cache hit)
362 http cache get-symbol-description@https://registry.npmjs.org/get-symbol-description/-/get-symbol-description-1.1.0.tgz 0ms (cache hit)
363 http cache get-proto@https://registry.npmjs.org/get-proto/-/get-proto-1.0.1.tgz 0ms (cache hit)
364 http cache get-own-enumerable-property-symbols@https://registry.npmjs.org/get-own-enumerable-property-symbols/-/get-own-enumerable-property-symbols-3.0.2.tgz 0ms (cache hit)
365 http cache get-intrinsic@https://registry.npmjs.org/get-intrinsic/-/get-intrinsic-1.3.0.tgz 0ms (cache hit)
366 http cache get-east-asian-width@https://registry.npmjs.org/get-east-asian-width/-/get-east-asian-width-1.5.0.tgz 0ms (cache hit)
367 http cache gensync@https://registry.npmjs.org/gensync/-/gensync-1.0.0-beta.2.tgz 0ms (cache hit)
368 http cache generator-function@https://registry.npmjs.org/generator-function/-/generator-function-2.0.1.tgz 0ms (cache hit)
369 http cache gauge@https://registry.npmjs.org/gauge/-/gauge-3.0.2.tgz 0ms (cache hit)
370 http cache function-bind@https://registry.npmjs.org/function-bind/-/function-bind-1.1.2.tgz 0ms (cache hit)
371 http cache function.prototype.name@https://registry.npmjs.org/function.prototype.name/-/function.prototype.name-1.1.8.tgz 0ms (cache hit)
372 http cache fs.realpath@https://registry.npmjs.org/fs.realpath/-/fs.realpath-1.0.0.tgz 0ms (cache hit)
373 http cache fs-minipass@https://registry.npmjs.org/fs-minipass/-/fs-minipass-2.1.0.tgz 0ms (cache hit)
374 http cache fs-extra@https://registry.npmjs.org/fs-extra/-/fs-extra-9.1.0.tgz 0ms (cache hit)
375 http cache functions-have-names@https://registry.npmjs.org/functions-have-names/-/functions-have-names-1.2.3.tgz 0ms (cache hit)
376 http cache foreground-child@https://registry.npmjs.org/foreground-child/-/foreground-child-3.3.1.tgz 0ms (cache hit)
377 http cache for-each@https://registry.npmjs.org/for-each/-/for-each-0.3.5.tgz 0ms (cache hit)
378 http cache follow-redirects@https://registry.npmjs.org/follow-redirects/-/follow-redirects-1.16.0.tgz 0ms (cache hit)
379 http cache flatted@https://registry.npmjs.org/flatted/-/flatted-3.4.2.tgz 0ms (cache hit)
380 http cache flat-cache@https://registry.npmjs.org/flat-cache/-/flat-cache-4.0.1.tgz 0ms (cache hit)
381 http cache find-up@https://registry.npmjs.org/find-up/-/find-up-5.0.0.tgz 0ms (cache hit)
382 http cache filelist@https://registry.npmjs.org/filelist/-/filelist-1.0.6.tgz 0ms (cache hit)
383 http cache fill-range@https://registry.npmjs.org/fill-range/-/fill-range-7.1.1.tgz 0ms (cache hit)
384 http cache figures@https://registry.npmjs.org/figures/-/figures-3.2.0.tgz 0ms (cache hit)
385 http cache file-entry-cache@https://registry.npmjs.org/file-entry-cache/-/file-entry-cache-8.0.0.tgz 0ms (cache hit)
386 http cache fast-uri@https://registry.npmjs.org/fast-uri/-/fast-uri-3.1.0.tgz 0ms (cache hit)
387 http cache fdir@https://registry.npmjs.org/fdir/-/fdir-6.5.0.tgz 0ms (cache hit)
388 http cache fast-levenshtein@https://registry.npmjs.org/fast-levenshtein/-/fast-levenshtein-2.0.6.tgz 0ms (cache hit)
389 http cache fast-json-stable-stringify@https://registry.npmjs.org/fast-json-stable-stringify/-/fast-json-stable-stringify-2.1.0.tgz 0ms (cache hit)
390 http cache external-editor@https://registry.npmjs.org/external-editor/-/external-editor-3.1.0.tgz 0ms (cache hit)
391 http cache fast-deep-equal@https://registry.npmjs.org/fast-deep-equal/-/fast-deep-equal-3.1.3.tgz 0ms (cache hit)
392 http cache expect-type@https://registry.npmjs.org/expect-type/-/expect-type-1.3.0.tgz 0ms (cache hit)
393 http cache eventemitter3@https://registry.npmjs.org/eventemitter3/-/eventemitter3-4.0.7.tgz 0ms (cache hit)
394 http cache estree-walker@https://registry.npmjs.org/estree-walker/-/estree-walker-3.0.3.tgz 0ms (cache hit)
395 http cache esutils@https://registry.npmjs.org/esutils/-/esutils-2.0.3.tgz 0ms (cache hit)
396 http cache estraverse@https://registry.npmjs.org/estraverse/-/estraverse-5.3.0.tgz 0ms (cache hit)
397 http cache esrecurse@https://registry.npmjs.org/esrecurse/-/esrecurse-4.3.0.tgz 0ms (cache hit)
398 http cache esquery@https://registry.npmjs.org/esquery/-/esquery-1.7.0.tgz 0ms (cache hit)
399 http cache eslint-visitor-keys@https://registry.npmjs.org/eslint-visitor-keys/-/eslint-visitor-keys-5.0.1.tgz 0ms (cache hit)
400 http cache eslint-scope@https://registry.npmjs.org/eslint-scope/-/eslint-scope-9.1.2.tgz 0ms (cache hit)
401 http cache escape-string-regexp@https://registry.npmjs.org/escape-string-regexp/-/escape-string-regexp-4.0.0.tgz 0ms (cache hit)
402 http cache escape-goat@https://registry.npmjs.org/escape-goat/-/escape-goat-4.0.0.tgz 0ms (cache hit)
403 http cache es-to-primitive@https://registry.npmjs.org/es-to-primitive/-/es-to-primitive-1.3.0.tgz 0ms (cache hit)
404 http cache escalade@https://registry.npmjs.org/escalade/-/escalade-3.2.0.tgz 0ms (cache hit)
405 http cache es-set-tostringtag@https://registry.npmjs.org/es-set-tostringtag/-/es-set-tostringtag-2.1.0.tgz 0ms (cache hit)
406 http cache es-object-atoms@https://registry.npmjs.org/es-object-atoms/-/es-object-atoms-1.1.1.tgz 0ms (cache hit)
407 http cache es-errors@https://registry.npmjs.org/es-errors/-/es-errors-1.3.0.tgz 0ms (cache hit)
408 http cache es-module-lexer@https://registry.npmjs.org/es-module-lexer/-/es-module-lexer-2.0.0.tgz 0ms (cache hit)
409 http cache es-define-property@https://registry.npmjs.org/es-define-property/-/es-define-property-1.0.1.tgz 0ms (cache hit)
410 http cache es-abstract@https://registry.npmjs.org/es-abstract/-/es-abstract-1.24.2.tgz 0ms (cache hit)
411 http cache error-ex@https://registry.npmjs.org/error-ex/-/error-ex-1.3.4.tgz 0ms (cache hit)
412 http cache entities@https://registry.npmjs.org/entities/-/entities-8.0.0.tgz 0ms (cache hit)
413 http cache emoji-regex@https://registry.npmjs.org/emoji-regex/-/emoji-regex-8.0.0.tgz 0ms (cache hit)
414 http cache electron-to-chromium@https://registry.npmjs.org/electron-to-chromium/-/electron-to-chromium-1.5.340.tgz 0ms (cache hit)
415 http cache ejs@https://registry.npmjs.org/ejs/-/ejs-3.1.10.tgz 0ms (cache hit)
416 http cache dunder-proto@https://registry.npmjs.org/dunder-proto/-/dunder-proto-1.0.1.tgz 0ms (cache hit)
417 http cache dot-prop@https://registry.npmjs.org/dot-prop/-/dot-prop-9.0.0.tgz 0ms (cache hit)
418 http cache dom-accessibility-api@https://registry.npmjs.org/dom-accessibility-api/-/dom-accessibility-api-0.5.16.tgz 0ms (cache hit)
419 http cache detect-libc@https://registry.npmjs.org/detect-libc/-/detect-libc-2.1.2.tgz 0ms (cache hit)
420 http cache dequal@https://registry.npmjs.org/dequal/-/dequal-2.0.3.tgz 0ms (cache hit)
421 http cache delegates@https://registry.npmjs.org/delegates/-/delegates-1.0.0.tgz 0ms (cache hit)
422 http cache define-properties@https://registry.npmjs.org/define-properties/-/define-properties-1.2.1.tgz 0ms (cache hit)
423 http cache define-data-property@https://registry.npmjs.org/define-data-property/-/define-data-property-1.1.4.tgz 0ms (cache hit)
424 http cache deepmerge@https://registry.npmjs.org/deepmerge/-/deepmerge-4.3.1.tgz 0ms (cache hit)
425 http cache defaults@https://registry.npmjs.org/defaults/-/defaults-1.0.4.tgz 0ms (cache hit)
426 http cache deep-is@https://registry.npmjs.org/deep-is/-/deep-is-0.1.4.tgz 0ms (cache hit)
427 http cache decamelize-keys@https://registry.npmjs.org/decamelize-keys/-/decamelize-keys-1.1.1.tgz 0ms (cache hit)
428 http cache decimal.js@https://registry.npmjs.org/decimal.js/-/decimal.js-10.6.0.tgz 0ms (cache hit)
429 http cache decamelize@https://registry.npmjs.org/decamelize/-/decamelize-1.2.0.tgz 0ms (cache hit)
430 http cache debug@https://registry.npmjs.org/debug/-/debug-4.4.3.tgz 0ms (cache hit)
431 http cache data-view-byte-offset@https://registry.npmjs.org/data-view-byte-offset/-/data-view-byte-offset-1.0.1.tgz 0ms (cache hit)
432 http cache deep-extend@https://registry.npmjs.org/deep-extend/-/deep-extend-0.6.0.tgz 0ms (cache hit)
433 http cache data-view-buffer@https://registry.npmjs.org/data-view-buffer/-/data-view-buffer-1.0.2.tgz 0ms (cache hit)
434 http cache data-view-byte-length@https://registry.npmjs.org/data-view-byte-length/-/data-view-byte-length-1.0.2.tgz 0ms (cache hit)
435 http cache data-urls@https://registry.npmjs.org/data-urls/-/data-urls-7.0.0.tgz 0ms (cache hit)
436 http cache css-tree@https://registry.npmjs.org/css-tree/-/css-tree-3.2.1.tgz 0ms (cache hit)
437 http cache crypto-random-string@https://registry.npmjs.org/crypto-random-string/-/crypto-random-string-2.0.0.tgz 0ms (cache hit)
438 http cache cross-spawn@https://registry.npmjs.org/cross-spawn/-/cross-spawn-7.0.6.tgz 0ms (cache hit)
439 http cache corser@https://registry.npmjs.org/corser/-/corser-2.0.1.tgz 0ms (cache hit)
440 http cache core-js-compat@https://registry.npmjs.org/core-js-compat/-/core-js-compat-3.49.0.tgz 0ms (cache hit)
441 http cache console-control-strings@https://registry.npmjs.org/console-control-strings/-/console-control-strings-1.1.0.tgz 0ms (cache hit)
442 http cache convert-source-map@https://registry.npmjs.org/convert-source-map/-/convert-source-map-2.0.0.tgz 0ms (cache hit)
443 http cache configstore@https://registry.npmjs.org/configstore/-/configstore-7.1.0.tgz 0ms (cache hit)
444 http cache config-chain@https://registry.npmjs.org/config-chain/-/config-chain-1.1.13.tgz 0ms (cache hit)
445 http cache concat-map@https://registry.npmjs.org/concat-map/-/concat-map-0.0.1.tgz 0ms (cache hit)
446 http cache commander@https://registry.npmjs.org/commander/-/commander-2.20.3.tgz 0ms (cache hit)
447 http cache common-tags@https://registry.npmjs.org/common-tags/-/common-tags-1.8.2.tgz 0ms (cache hit)
448 http cache strip-comments@https://registry.npmjs.org/strip-comments/-/strip-comments-2.0.1.tgz 0ms (cache hit)
449 http cache color-name@https://registry.npmjs.org/color-name/-/color-name-1.1.4.tgz 0ms (cache hit)
450 http cache color-support@https://registry.npmjs.org/color-support/-/color-support-1.1.3.tgz 0ms (cache hit)
451 http cache color-convert@https://registry.npmjs.org/color-convert/-/color-convert-2.0.1.tgz 0ms (cache hit)
452 http cache clone@https://registry.npmjs.org/clone/-/clone-1.0.4.tgz 0ms (cache hit)
453 http cache cli-width@https://registry.npmjs.org/cli-width/-/cli-width-3.0.0.tgz 0ms (cache hit)
454 http cache cli-spinners@https://registry.npmjs.org/cli-spinners/-/cli-spinners-2.9.2.tgz 0ms (cache hit)
455 http cache cli-cursor@https://registry.npmjs.org/cli-cursor/-/cli-cursor-3.1.0.tgz 0ms (cache hit)
456 http cache cli-boxes@https://registry.npmjs.org/cli-boxes/-/cli-boxes-3.0.0.tgz 0ms (cache hit)
457 http cache chardet@https://registry.npmjs.org/chardet/-/chardet-0.7.0.tgz 0ms (cache hit)
458 http cache chokidar@https://registry.npmjs.org/chokidar/-/chokidar-3.6.0.tgz 0ms (cache hit)
459 http cache chalk@https://registry.npmjs.org/chalk/-/chalk-4.1.2.tgz 0ms (cache hit)
460 http cache chai@https://registry.npmjs.org/chai/-/chai-6.2.2.tgz 0ms (cache hit)
461 http cache caniuse-lite@https://registry.npmjs.org/caniuse-lite/-/caniuse-lite-1.0.30001788.tgz 0ms (cache hit)
462 http cache camelcase-keys@https://registry.npmjs.org/camelcase-keys/-/camelcase-keys-6.2.2.tgz 0ms (cache hit)
463 http cache camelcase@https://registry.npmjs.org/camelcase/-/camelcase-5.3.1.tgz 0ms (cache hit)
464 http cache call-bound@https://registry.npmjs.org/call-bound/-/call-bound-1.0.4.tgz 0ms (cache hit)
465 http cache call-bind@https://registry.npmjs.org/call-bind/-/call-bind-1.0.9.tgz 0ms (cache hit)
466 http cache call-bind-apply-helpers@https://registry.npmjs.org/call-bind-apply-helpers/-/call-bind-apply-helpers-1.0.2.tgz 0ms (cache hit)
467 http cache buffer-from@https://registry.npmjs.org/buffer-from/-/buffer-from-1.1.2.tgz 0ms (cache hit)
468 http cache buffer@https://registry.npmjs.org/buffer/-/buffer-5.7.1.tgz 0ms (cache hit)
469 http cache browserslist@https://registry.npmjs.org/browserslist/-/browserslist-4.28.2.tgz 0ms (cache hit)
470 http cache braces@https://registry.npmjs.org/braces/-/braces-3.0.3.tgz 0ms (cache hit)
471 http cache brace-expansion@https://registry.npmjs.org/brace-expansion/-/brace-expansion-1.1.14.tgz 0ms (cache hit)
472 http cache boxen@https://registry.npmjs.org/boxen/-/boxen-8.0.1.tgz 0ms (cache hit)
473 http cache bl@https://registry.npmjs.org/bl/-/bl-4.1.0.tgz 0ms (cache hit)
474 http cache binary-extensions@https://registry.npmjs.org/binary-extensions/-/binary-extensions-2.3.0.tgz 0ms (cache hit)
475 http cache bidi-js@https://registry.npmjs.org/bidi-js/-/bidi-js-1.0.3.tgz 0ms (cache hit)
476 http cache basic-auth@https://registry.npmjs.org/basic-auth/-/basic-auth-2.0.1.tgz 0ms (cache hit)
477 http cache base64-js@https://registry.npmjs.org/base64-js/-/base64-js-1.5.1.tgz 0ms (cache hit)
478 http cache balanced-match@https://registry.npmjs.org/balanced-match/-/balanced-match-1.0.2.tgz 0ms (cache hit)
479 http cache babel-plugin-polyfill-regenerator@https://registry.npmjs.org/babel-plugin-polyfill-regenerator/-/babel-plugin-polyfill-regenerator-0.6.8.tgz 0ms (cache hit)
480 http cache babel-plugin-polyfill-corejs3@https://registry.npmjs.org/babel-plugin-polyfill-corejs3/-/babel-plugin-polyfill-corejs3-0.14.2.tgz 0ms (cache hit)
481 http cache baseline-browser-mapping@https://registry.npmjs.org/baseline-browser-mapping/-/baseline-browser-mapping-2.10.20.tgz 0ms (cache hit)
482 http cache babel-plugin-polyfill-corejs2@https://registry.npmjs.org/babel-plugin-polyfill-corejs2/-/babel-plugin-polyfill-corejs2-0.4.17.tgz 0ms (cache hit)
483 http cache available-typed-arrays@https://registry.npmjs.org/available-typed-arrays/-/available-typed-arrays-1.0.7.tgz 0ms (cache hit)
484 http cache at-least-node@https://registry.npmjs.org/at-least-node/-/at-least-node-1.0.0.tgz 0ms (cache hit)
485 http cache async-function@https://registry.npmjs.org/async-function/-/async-function-1.0.0.tgz 0ms (cache hit)
486 http cache atomically@https://registry.npmjs.org/atomically/-/atomically-2.1.1.tgz 0ms (cache hit)
487 http cache async@https://registry.npmjs.org/async/-/async-3.2.6.tgz 0ms (cache hit)
488 http cache assertion-error@https://registry.npmjs.org/assertion-error/-/assertion-error-2.0.1.tgz 0ms (cache hit)
489 http cache arrify@https://registry.npmjs.org/arrify/-/arrify-1.0.1.tgz 0ms (cache hit)
490 http cache array-buffer-byte-length@https://registry.npmjs.org/array-buffer-byte-length/-/array-buffer-byte-length-1.0.2.tgz 0ms (cache hit)
491 http cache aria-query@https://registry.npmjs.org/aria-query/-/aria-query-5.3.0.tgz 0ms (cache hit)
492 http cache arraybuffer.prototype.slice@https://registry.npmjs.org/arraybuffer.prototype.slice/-/arraybuffer.prototype.slice-1.0.4.tgz 0ms (cache hit)
493 http cache are-we-there-yet@https://registry.npmjs.org/are-we-there-yet/-/are-we-there-yet-2.0.0.tgz 0ms (cache hit)
494 http cache aproba@https://registry.npmjs.org/aproba/-/aproba-2.1.0.tgz 0ms (cache hit)
495 http cache anymatch@https://registry.npmjs.org/anymatch/-/anymatch-3.1.3.tgz 0ms (cache hit)
496 http cache ansi-styles@https://registry.npmjs.org/ansi-styles/-/ansi-styles-4.3.0.tgz 0ms (cache hit)
497 http cache ansi-regex@https://registry.npmjs.org/ansi-regex/-/ansi-regex-5.0.1.tgz 0ms (cache hit)
498 http cache ansi-escapes@https://registry.npmjs.org/ansi-escapes/-/ansi-escapes-4.3.2.tgz 0ms (cache hit)
499 http cache ajv@https://registry.npmjs.org/ajv/-/ajv-6.14.0.tgz 0ms (cache hit)
500 http cache ansi-align@https://registry.npmjs.org/ansi-align/-/ansi-align-3.0.1.tgz 0ms (cache hit)
501 http cache agent-base@https://registry.npmjs.org/agent-base/-/agent-base-6.0.2.tgz 0ms (cache hit)
502 http cache acorn-jsx@https://registry.npmjs.org/acorn-jsx/-/acorn-jsx-5.3.2.tgz 0ms (cache hit)
503 http cache acorn@https://registry.npmjs.org/acorn/-/acorn-8.16.0.tgz 0ms (cache hit)
504 http cache @vitest/utils@https://registry.npmjs.org/@vitest/utils/-/utils-4.1.4.tgz 0ms (cache hit)
505 http cache @vitest/spy@https://registry.npmjs.org/@vitest/spy/-/spy-4.1.4.tgz 0ms (cache hit)
506 http cache abbrev@https://registry.npmjs.org/abbrev/-/abbrev-1.1.1.tgz 0ms (cache hit)
507 http cache @vitest/snapshot@https://registry.npmjs.org/@vitest/snapshot/-/snapshot-4.1.4.tgz 0ms (cache hit)
508 http cache @vitest/runner@https://registry.npmjs.org/@vitest/runner/-/runner-4.1.4.tgz 0ms (cache hit)
509 http cache @vitest/pretty-format@https://registry.npmjs.org/@vitest/pretty-format/-/pretty-format-4.1.4.tgz 0ms (cache hit)
510 http cache @vitest/mocker@https://registry.npmjs.org/@vitest/mocker/-/mocker-4.1.4.tgz 0ms (cache hit)
511 http cache @vitest/expect@https://registry.npmjs.org/@vitest/expect/-/expect-4.1.4.tgz 0ms (cache hit)
512 http cache @types/trusted-types@https://registry.npmjs.org/@types/trusted-types/-/trusted-types-2.0.7.tgz 0ms (cache hit)
513 http cache @types/resolve@https://registry.npmjs.org/@types/resolve/-/resolve-1.20.2.tgz 0ms (cache hit)
514 http cache @types/normalize-package-data@https://registry.npmjs.org/@types/normalize-package-data/-/normalize-package-data-2.4.4.tgz 0ms (cache hit)
515 http cache @types/minimist@https://registry.npmjs.org/@types/minimist/-/minimist-1.2.5.tgz 0ms (cache hit)
516 http cache @types/json-schema@https://registry.npmjs.org/@types/json-schema/-/json-schema-7.0.15.tgz 0ms (cache hit)
517 http cache @types/estree@https://registry.npmjs.org/@types/estree/-/estree-1.0.8.tgz 0ms (cache hit)
518 http cache @types/esrecurse@https://registry.npmjs.org/@types/esrecurse/-/esrecurse-4.3.1.tgz 0ms (cache hit)
519 http cache @types/deep-eql@https://registry.npmjs.org/@types/deep-eql/-/deep-eql-4.0.2.tgz 0ms (cache hit)
520 http cache @types/chai@https://registry.npmjs.org/@types/chai/-/chai-5.2.3.tgz 0ms (cache hit)
521 http cache @types/aria-query@https://registry.npmjs.org/@types/aria-query/-/aria-query-5.0.4.tgz 0ms (cache hit)
522 http cache @surma/rollup-plugin-off-main-thread@https://registry.npmjs.org/@surma/rollup-plugin-off-main-thread/-/rollup-plugin-off-main-thread-2.2.3.tgz 0ms (cache hit)
523 http cache @rollup/pluginutils@https://registry.npmjs.org/@rollup/pluginutils/-/pluginutils-3.1.0.tgz 0ms (cache hit)
524 http cache @standard-schema/spec@https://registry.npmjs.org/@standard-schema/spec/-/spec-1.1.0.tgz 0ms (cache hit)
525 http cache @rollup/plugin-terser@https://registry.npmjs.org/@rollup/plugin-terser/-/plugin-terser-0.4.4.tgz 0ms (cache hit)
526 http cache @rollup/plugin-replace@https://registry.npmjs.org/@rollup/plugin-replace/-/plugin-replace-2.4.2.tgz 0ms (cache hit)
527 http cache @rollup/plugin-node-resolve@https://registry.npmjs.org/@rollup/plugin-node-resolve/-/plugin-node-resolve-15.3.1.tgz 0ms (cache hit)
528 http cache @rollup/plugin-babel@https://registry.npmjs.org/@rollup/plugin-babel/-/plugin-babel-5.3.1.tgz 0ms (cache hit)
529 http cache @rolldown/pluginutils@https://registry.npmjs.org/@rolldown/pluginutils/-/pluginutils-1.0.0-rc.16.tgz 0ms (cache hit)
530 http cache @rolldown/binding-linux-x64-gnu@https://registry.npmjs.org/@rolldown/binding-linux-x64-gnu/-/binding-linux-x64-gnu-1.0.0-rc.16.tgz 0ms (cache hit)
531 http cache @pnpm/network.ca-file@https://registry.npmjs.org/@pnpm/network.ca-file/-/network.ca-file-1.0.2.tgz 0ms (cache hit)
532 http cache @pnpm/npm-conf@https://registry.npmjs.org/@pnpm/npm-conf/-/npm-conf-3.0.2.tgz 0ms (cache hit)
533 http cache @pnpm/config.env-replace@https://registry.npmjs.org/@pnpm/config.env-replace/-/config.env-replace-1.1.0.tgz 0ms (cache hit)
534 http cache @oxc-project/types@https://registry.npmjs.org/@oxc-project/types/-/types-0.126.0.tgz 0ms (cache hit)
535 http cache @mapbox/node-pre-gyp@https://registry.npmjs.org/@mapbox/node-pre-gyp/-/node-pre-gyp-1.0.11.tgz 0ms (cache hit)
536 http cache @kurkle/color@https://registry.npmjs.org/@kurkle/color/-/color-0.3.4.tgz 0ms (cache hit)
537 http cache @jridgewell/trace-mapping@https://registry.npmjs.org/@jridgewell/trace-mapping/-/trace-mapping-0.3.31.tgz 0ms (cache hit)
538 http cache @jridgewell/sourcemap-codec@https://registry.npmjs.org/@jridgewell/sourcemap-codec/-/sourcemap-codec-1.5.5.tgz 0ms (cache hit)
539 http cache @jridgewell/source-map@https://registry.npmjs.org/@jridgewell/source-map/-/source-map-0.3.11.tgz 0ms (cache hit)
540 http cache @jridgewell/resolve-uri@https://registry.npmjs.org/@jridgewell/resolve-uri/-/resolve-uri-3.1.2.tgz 0ms (cache hit)
541 http cache @jridgewell/remapping@https://registry.npmjs.org/@jridgewell/remapping/-/remapping-2.3.5.tgz 0ms (cache hit)
542 http cache @jridgewell/gen-mapping@https://registry.npmjs.org/@jridgewell/gen-mapping/-/gen-mapping-0.3.13.tgz 0ms (cache hit)
543 http cache @img/sharp-linux-x64@https://registry.npmjs.org/@img/sharp-linux-x64/-/sharp-linux-x64-0.34.5.tgz 0ms (cache hit)
544 http cache @isaacs/cliui@https://registry.npmjs.org/@isaacs/cliui/-/cliui-9.0.0.tgz 0ms (cache hit)
545 http cache @img/sharp-libvips-linux-x64@https://registry.npmjs.org/@img/sharp-libvips-linux-x64/-/sharp-libvips-linux-x64-1.2.4.tgz 0ms (cache hit)
546 http cache @humanwhocodes/retry@https://registry.npmjs.org/@humanwhocodes/retry/-/retry-0.4.3.tgz 0ms (cache hit)
547 http cache @humanwhocodes/module-importer@https://registry.npmjs.org/@humanwhocodes/module-importer/-/module-importer-1.0.1.tgz 0ms (cache hit)
548 http cache @humanfs/types@https://registry.npmjs.org/@humanfs/types/-/types-0.15.0.tgz 0ms (cache hit)
549 http cache @humanfs/node@https://registry.npmjs.org/@humanfs/node/-/node-0.16.8.tgz 0ms (cache hit)
550 http cache @humanfs/core@https://registry.npmjs.org/@humanfs/core/-/core-0.19.2.tgz 0ms (cache hit)
551 http cache @img/colour@https://registry.npmjs.org/@img/colour/-/colour-1.1.0.tgz 1ms (cache hit)
552 http cache @exodus/bytes@https://registry.npmjs.org/@exodus/bytes/-/bytes-1.15.0.tgz 0ms (cache hit)
553 http cache @eslint/plugin-kit@https://registry.npmjs.org/@eslint/plugin-kit/-/plugin-kit-0.7.1.tgz 0ms (cache hit)
554 http cache @eslint/object-schema@https://registry.npmjs.org/@eslint/object-schema/-/object-schema-3.0.5.tgz 0ms (cache hit)
555 http cache @eslint/core@https://registry.npmjs.org/@eslint/core/-/core-1.2.1.tgz 0ms (cache hit)
556 http cache @eslint/config-helpers@https://registry.npmjs.org/@eslint/config-helpers/-/config-helpers-0.5.5.tgz 0ms (cache hit)
557 http cache @eslint/config-array@https://registry.npmjs.org/@eslint/config-array/-/config-array-0.23.5.tgz 0ms (cache hit)
558 http cache @eslint-community/eslint-utils@https://registry.npmjs.org/@eslint-community/eslint-utils/-/eslint-utils-4.9.1.tgz 0ms (cache hit)
559 http cache @eslint-community/regexpp@https://registry.npmjs.org/@eslint-community/regexpp/-/regexpp-4.12.2.tgz 0ms (cache hit)
560 http cache @esbuild/linux-x64@https://registry.npmjs.org/@esbuild/linux-x64/-/linux-x64-0.28.0.tgz 0ms (cache hit)
561 http cache @csstools/css-tokenizer@https://registry.npmjs.org/@csstools/css-tokenizer/-/css-tokenizer-4.0.0.tgz 0ms (cache hit)
562 http cache @emnapi/runtime@https://registry.npmjs.org/@emnapi/runtime/-/runtime-1.10.0.tgz 0ms (cache hit)
563 http cache @csstools/css-syntax-patches-for-csstree@https://registry.npmjs.org/@csstools/css-syntax-patches-for-csstree/-/css-syntax-patches-for-csstree-1.1.3.tgz 0ms (cache hit)
564 http cache @csstools/css-parser-algorithms@https://registry.npmjs.org/@csstools/css-parser-algorithms/-/css-parser-algorithms-4.0.0.tgz 0ms (cache hit)
565 http cache @csstools/css-color-parser@https://registry.npmjs.org/@csstools/css-color-parser/-/css-color-parser-4.1.0.tgz 0ms (cache hit)
566 http cache @csstools/css-calc@https://registry.npmjs.org/@csstools/css-calc/-/css-calc-3.2.0.tgz 0ms (cache hit)
567 http cache @bramus/specificity@https://registry.npmjs.org/@bramus/specificity/-/specificity-2.4.2.tgz 0ms (cache hit)
568 http cache @csstools/color-helpers@https://registry.npmjs.org/@csstools/color-helpers/-/color-helpers-6.0.2.tgz 0ms (cache hit)
569 http cache @babel/types@https://registry.npmjs.org/@babel/types/-/types-7.29.0.tgz 0ms (cache hit)
570 http cache @babel/template@https://registry.npmjs.org/@babel/template/-/template-7.28.6.tgz 0ms (cache hit)
571 http cache @babel/traverse@https://registry.npmjs.org/@babel/traverse/-/traverse-7.29.0.tgz 0ms (cache hit)
572 http cache @babel/runtime@https://registry.npmjs.org/@babel/runtime/-/runtime-7.29.2.tgz 0ms (cache hit)
573 http cache @babel/preset-env@https://registry.npmjs.org/@babel/preset-env/-/preset-env-7.29.2.tgz 0ms (cache hit)
574 http cache @babel/plugin-transform-unicode-sets-regex@https://registry.npmjs.org/@babel/plugin-transform-unicode-sets-regex/-/plugin-transform-unicode-sets-regex-7.28.6.tgz 0ms (cache hit)
575 http cache @babel/plugin-transform-unicode-regex@https://registry.npmjs.org/@babel/plugin-transform-unicode-regex/-/plugin-transform-unicode-regex-7.27.1.tgz 0ms (cache hit)
576 http cache @babel/preset-modules@https://registry.npmjs.org/@babel/preset-modules/-/preset-modules-0.1.6-no-external-plugins.tgz 0ms (cache hit)
577 http cache @babel/plugin-transform-unicode-property-regex@https://registry.npmjs.org/@babel/plugin-transform-unicode-property-regex/-/plugin-transform-unicode-property-regex-7.28.6.tgz 0ms (cache hit)
578 http cache @babel/plugin-transform-typeof-symbol@https://registry.npmjs.org/@babel/plugin-transform-typeof-symbol/-/plugin-transform-typeof-symbol-7.27.1.tgz 0ms (cache hit)
579 http cache @babel/plugin-transform-unicode-escapes@https://registry.npmjs.org/@babel/plugin-transform-unicode-escapes/-/plugin-transform-unicode-escapes-7.27.1.tgz 0ms (cache hit)
580 http cache @babel/plugin-transform-template-literals@https://registry.npmjs.org/@babel/plugin-transform-template-literals/-/plugin-transform-template-literals-7.27.1.tgz 0ms (cache hit)
581 http cache @babel/plugin-transform-sticky-regex@https://registry.npmjs.org/@babel/plugin-transform-sticky-regex/-/plugin-transform-sticky-regex-7.27.1.tgz 0ms (cache hit)
582 http cache @babel/plugin-transform-shorthand-properties@https://registry.npmjs.org/@babel/plugin-transform-shorthand-properties/-/plugin-transform-shorthand-properties-7.27.1.tgz 0ms (cache hit)
583 http cache @babel/plugin-transform-spread@https://registry.npmjs.org/@babel/plugin-transform-spread/-/plugin-transform-spread-7.28.6.tgz 0ms (cache hit)
584 http cache @babel/plugin-transform-reserved-words@https://registry.npmjs.org/@babel/plugin-transform-reserved-words/-/plugin-transform-reserved-words-7.27.1.tgz 0ms (cache hit)
585 http cache @babel/plugin-transform-regexp-modifiers@https://registry.npmjs.org/@babel/plugin-transform-regexp-modifiers/-/plugin-transform-regexp-modifiers-7.28.6.tgz 0ms (cache hit)
586 http cache @babel/plugin-transform-regenerator@https://registry.npmjs.org/@babel/plugin-transform-regenerator/-/plugin-transform-regenerator-7.29.0.tgz 0ms (cache hit)
587 http cache @babel/plugin-transform-private-property-in-object@https://registry.npmjs.org/@babel/plugin-transform-private-property-in-object/-/plugin-transform-private-property-in-object-7.28.6.tgz 0ms (cache hit)
588 http cache @babel/plugin-transform-property-literals@https://registry.npmjs.org/@babel/plugin-transform-property-literals/-/plugin-transform-property-literals-7.27.1.tgz 0ms (cache hit)
589 http cache @babel/plugin-transform-private-methods@https://registry.npmjs.org/@babel/plugin-transform-private-methods/-/plugin-transform-private-methods-7.28.6.tgz 0ms (cache hit)
590 http cache @babel/plugin-transform-parameters@https://registry.npmjs.org/@babel/plugin-transform-parameters/-/plugin-transform-parameters-7.27.7.tgz 0ms (cache hit)
591 http cache @babel/plugin-transform-optional-chaining@https://registry.npmjs.org/@babel/plugin-transform-optional-chaining/-/plugin-transform-optional-chaining-7.28.6.tgz 0ms (cache hit)
592 http cache @babel/plugin-transform-optional-catch-binding@https://registry.npmjs.org/@babel/plugin-transform-optional-catch-binding/-/plugin-transform-optional-catch-binding-7.28.6.tgz 0ms (cache hit)
593 http cache @babel/plugin-transform-object-super@https://registry.npmjs.org/@babel/plugin-transform-object-super/-/plugin-transform-object-super-7.27.1.tgz 0ms (cache hit)
594 http cache @babel/plugin-transform-numeric-separator@https://registry.npmjs.org/@babel/plugin-transform-numeric-separator/-/plugin-transform-numeric-separator-7.28.6.tgz 0ms (cache hit)
595 http cache @babel/plugin-transform-object-rest-spread@https://registry.npmjs.org/@babel/plugin-transform-object-rest-spread/-/plugin-transform-object-rest-spread-7.28.6.tgz 0ms (cache hit)
596 http cache @babel/plugin-transform-nullish-coalescing-operator@https://registry.npmjs.org/@babel/plugin-transform-nullish-coalescing-operator/-/plugin-transform-nullish-coalescing-operator-7.28.6.tgz 0ms (cache hit)
597 http cache @babel/plugin-transform-new-target@https://registry.npmjs.org/@babel/plugin-transform-new-target/-/plugin-transform-new-target-7.27.1.tgz 0ms (cache hit)
598 http cache @babel/plugin-transform-named-capturing-groups-regex@https://registry.npmjs.org/@babel/plugin-transform-named-capturing-groups-regex/-/plugin-transform-named-capturing-groups-regex-7.29.0.tgz 0ms (cache hit)
599 http cache @babel/plugin-transform-modules-umd@https://registry.npmjs.org/@babel/plugin-transform-modules-umd/-/plugin-transform-modules-umd-7.27.1.tgz 0ms (cache hit)
600 http cache @babel/plugin-transform-modules-systemjs@https://registry.npmjs.org/@babel/plugin-transform-modules-systemjs/-/plugin-transform-modules-systemjs-7.29.0.tgz 0ms (cache hit)
601 http cache @babel/plugin-transform-modules-commonjs@https://registry.npmjs.org/@babel/plugin-transform-modules-commonjs/-/plugin-transform-modules-commonjs-7.28.6.tgz 0ms (cache hit)
602 http cache @babel/plugin-transform-member-expression-literals@https://registry.npmjs.org/@babel/plugin-transform-member-expression-literals/-/plugin-transform-member-expression-literals-7.27.1.tgz 0ms (cache hit)
603 http cache @babel/plugin-transform-modules-amd@https://registry.npmjs.org/@babel/plugin-transform-modules-amd/-/plugin-transform-modules-amd-7.27.1.tgz 0ms (cache hit)
604 http cache @babel/plugin-transform-logical-assignment-operators@https://registry.npmjs.org/@babel/plugin-transform-logical-assignment-operators/-/plugin-transform-logical-assignment-operators-7.28.6.tgz 0ms (cache hit)
605 http cache @babel/plugin-transform-literals@https://registry.npmjs.org/@babel/plugin-transform-literals/-/plugin-transform-literals-7.27.1.tgz 0ms (cache hit)
606 http cache @babel/plugin-transform-json-strings@https://registry.npmjs.org/@babel/plugin-transform-json-strings/-/plugin-transform-json-strings-7.28.6.tgz 0ms (cache hit)
607 http cache @babel/plugin-transform-function-name@https://registry.npmjs.org/@babel/plugin-transform-function-name/-/plugin-transform-function-name-7.27.1.tgz 0ms (cache hit)
608 http cache @babel/plugin-transform-for-of@https://registry.npmjs.org/@babel/plugin-transform-for-of/-/plugin-transform-for-of-7.27.1.tgz 0ms (cache hit)
609 http cache @babel/plugin-transform-explicit-resource-management@https://registry.npmjs.org/@babel/plugin-transform-explicit-resource-management/-/plugin-transform-explicit-resource-management-7.28.6.tgz 0ms (cache hit)
610 http cache @babel/plugin-transform-exponentiation-operator@https://registry.npmjs.org/@babel/plugin-transform-exponentiation-operator/-/plugin-transform-exponentiation-operator-7.28.6.tgz 0ms (cache hit)
611 http cache @babel/plugin-transform-export-namespace-from@https://registry.npmjs.org/@babel/plugin-transform-export-namespace-from/-/plugin-transform-export-namespace-from-7.27.1.tgz 0ms (cache hit)
612 http cache @babel/plugin-transform-dynamic-import@https://registry.npmjs.org/@babel/plugin-transform-dynamic-import/-/plugin-transform-dynamic-import-7.27.1.tgz 0ms (cache hit)
613 http cache @babel/plugin-transform-duplicate-named-capturing-groups-regex@https://registry.npmjs.org/@babel/plugin-transform-duplicate-named-capturing-groups-regex/-/plugin-transform-duplicate-named-capturing-groups-regex-7.29.0.tgz 0ms (cache hit)
614 http cache @babel/plugin-transform-dotall-regex@https://registry.npmjs.org/@babel/plugin-transform-dotall-regex/-/plugin-transform-dotall-regex-7.28.6.tgz 0ms (cache hit)
615 http cache @babel/plugin-transform-duplicate-keys@https://registry.npmjs.org/@babel/plugin-transform-duplicate-keys/-/plugin-transform-duplicate-keys-7.27.1.tgz 0ms (cache hit)
616 http cache @babel/plugin-transform-destructuring@https://registry.npmjs.org/@babel/plugin-transform-destructuring/-/plugin-transform-destructuring-7.28.5.tgz 0ms (cache hit)
617 http cache @babel/plugin-transform-classes@https://registry.npmjs.org/@babel/plugin-transform-classes/-/plugin-transform-classes-7.28.6.tgz 0ms (cache hit)
618 http cache @babel/plugin-transform-computed-properties@https://registry.npmjs.org/@babel/plugin-transform-computed-properties/-/plugin-transform-computed-properties-7.28.6.tgz 0ms (cache hit)
619 http cache @babel/plugin-transform-class-static-block@https://registry.npmjs.org/@babel/plugin-transform-class-static-block/-/plugin-transform-class-static-block-7.28.6.tgz 0ms (cache hit)
620 http cache @babel/plugin-transform-class-properties@https://registry.npmjs.org/@babel/plugin-transform-class-properties/-/plugin-transform-class-properties-7.28.6.tgz 0ms (cache hit)
621 http cache @babel/plugin-transform-block-scoping@https://registry.npmjs.org/@babel/plugin-transform-block-scoping/-/plugin-transform-block-scoping-7.28.6.tgz 0ms (cache hit)
622 http cache @babel/plugin-transform-block-scoped-functions@https://registry.npmjs.org/@babel/plugin-transform-block-scoped-functions/-/plugin-transform-block-scoped-functions-7.27.1.tgz 0ms (cache hit)
623 http cache @babel/plugin-transform-async-to-generator@https://registry.npmjs.org/@babel/plugin-transform-async-to-generator/-/plugin-transform-async-to-generator-7.28.6.tgz 0ms (cache hit)
624 http cache @babel/plugin-transform-async-generator-functions@https://registry.npmjs.org/@babel/plugin-transform-async-generator-functions/-/plugin-transform-async-generator-functions-7.29.0.tgz 0ms (cache hit)
625 http cache @babel/plugin-transform-arrow-functions@https://registry.npmjs.org/@babel/plugin-transform-arrow-functions/-/plugin-transform-arrow-functions-7.27.1.tgz 0ms (cache hit)
626 http cache @babel/plugin-syntax-unicode-sets-regex@https://registry.npmjs.org/@babel/plugin-syntax-unicode-sets-regex/-/plugin-syntax-unicode-sets-regex-7.18.6.tgz 0ms (cache hit)
627 http cache @babel/plugin-syntax-import-assertions@https://registry.npmjs.org/@babel/plugin-syntax-import-assertions/-/plugin-syntax-import-assertions-7.28.6.tgz 0ms (cache hit)
628 http cache @babel/plugin-proposal-private-property-in-object@https://registry.npmjs.org/@babel/plugin-proposal-private-property-in-object/-/plugin-proposal-private-property-in-object-7.21.0-placeholder-for-preset-env.2.tgz 0ms (cache hit)
629 http cache @babel/plugin-syntax-import-attributes@https://registry.npmjs.org/@babel/plugin-syntax-import-attributes/-/plugin-syntax-import-attributes-7.28.6.tgz 0ms (cache hit)
630 http cache @babel/plugin-bugfix-v8-static-class-fields-redefine-readonly@https://registry.npmjs.org/@babel/plugin-bugfix-v8-static-class-fields-redefine-readonly/-/plugin-bugfix-v8-static-class-fields-redefine-readonly-7.28.6.tgz 0ms (cache hit)
631 http cache @babel/plugin-bugfix-v8-spread-parameters-in-optional-chaining@https://registry.npmjs.org/@babel/plugin-bugfix-v8-spread-parameters-in-optional-chaining/-/plugin-bugfix-v8-spread-parameters-in-optional-chaining-7.27.1.tgz 0ms (cache hit)
632 http cache @babel/plugin-bugfix-safari-class-field-initializer-scope@https://registry.npmjs.org/@babel/plugin-bugfix-safari-class-field-initializer-scope/-/plugin-bugfix-safari-class-field-initializer-scope-7.27.1.tgz 0ms (cache hit)
633 http cache @babel/plugin-bugfix-firefox-class-in-computed-class-key@https://registry.npmjs.org/@babel/plugin-bugfix-firefox-class-in-computed-class-key/-/plugin-bugfix-firefox-class-in-computed-class-key-7.28.5.tgz 0ms (cache hit)
634 http cache @babel/plugin-bugfix-safari-id-destructuring-collision-in-function-expression@https://registry.npmjs.org/@babel/plugin-bugfix-safari-id-destructuring-collision-in-function-expression/-/plugin-bugfix-safari-id-destructuring-collision-in-function-expression-7.27.1.tgz 0ms (cache hit)
635 http cache @babel/parser@https://registry.npmjs.org/@babel/parser/-/parser-7.29.2.tgz 0ms (cache hit)
636 http cache @babel/helper-validator-option@https://registry.npmjs.org/@babel/helper-validator-option/-/helper-validator-option-7.27.1.tgz 0ms (cache hit)
637 http cache @babel/helper-wrap-function@https://registry.npmjs.org/@babel/helper-wrap-function/-/helper-wrap-function-7.28.6.tgz 0ms (cache hit)
638 http cache @babel/helpers@https://registry.npmjs.org/@babel/helpers/-/helpers-7.29.2.tgz 0ms (cache hit)
639 http cache @babel/helper-validator-identifier@https://registry.npmjs.org/@babel/helper-validator-identifier/-/helper-validator-identifier-7.28.5.tgz 0ms (cache hit)
640 http cache @babel/helper-string-parser@https://registry.npmjs.org/@babel/helper-string-parser/-/helper-string-parser-7.27.1.tgz 0ms (cache hit)
641 http cache @babel/helper-skip-transparent-expression-wrappers@https://registry.npmjs.org/@babel/helper-skip-transparent-expression-wrappers/-/helper-skip-transparent-expression-wrappers-7.27.1.tgz 0ms (cache hit)
642 http cache @babel/helper-replace-supers@https://registry.npmjs.org/@babel/helper-replace-supers/-/helper-replace-supers-7.28.6.tgz 0ms (cache hit)
643 http cache @babel/helper-remap-async-to-generator@https://registry.npmjs.org/@babel/helper-remap-async-to-generator/-/helper-remap-async-to-generator-7.27.1.tgz 0ms (cache hit)
644 http cache @babel/helper-plugin-utils@https://registry.npmjs.org/@babel/helper-plugin-utils/-/helper-plugin-utils-7.28.6.tgz 0ms (cache hit)
645 http cache @babel/helper-optimise-call-expression@https://registry.npmjs.org/@babel/helper-optimise-call-expression/-/helper-optimise-call-expression-7.27.1.tgz 0ms (cache hit)
646 http cache @babel/helper-module-transforms@https://registry.npmjs.org/@babel/helper-module-transforms/-/helper-module-transforms-7.28.6.tgz 0ms (cache hit)
647 http cache @babel/helper-module-imports@https://registry.npmjs.org/@babel/helper-module-imports/-/helper-module-imports-7.28.6.tgz 0ms (cache hit)
648 http cache @babel/helper-member-expression-to-functions@https://registry.npmjs.org/@babel/helper-member-expression-to-functions/-/helper-member-expression-to-functions-7.28.5.tgz 0ms (cache hit)
649 http cache @babel/helper-define-polyfill-provider@https://registry.npmjs.org/@babel/helper-define-polyfill-provider/-/helper-define-polyfill-provider-0.6.8.tgz 0ms (cache hit)
650 http cache @babel/helper-globals@https://registry.npmjs.org/@babel/helper-globals/-/helper-globals-7.28.0.tgz 0ms (cache hit)
651 http cache @babel/helper-create-regexp-features-plugin@https://registry.npmjs.org/@babel/helper-create-regexp-features-plugin/-/helper-create-regexp-features-plugin-7.28.5.tgz 0ms (cache hit)
652 http cache @babel/helper-create-class-features-plugin@https://registry.npmjs.org/@babel/helper-create-class-features-plugin/-/helper-create-class-features-plugin-7.28.6.tgz 0ms (cache hit)
653 http cache @babel/helper-compilation-targets@https://registry.npmjs.org/@babel/helper-compilation-targets/-/helper-compilation-targets-7.28.6.tgz 0ms (cache hit)
654 http cache @babel/helper-annotate-as-pure@https://registry.npmjs.org/@babel/helper-annotate-as-pure/-/helper-annotate-as-pure-7.27.3.tgz 0ms (cache hit)
655 http cache @babel/generator@https://registry.npmjs.org/@babel/generator/-/generator-7.29.1.tgz 0ms (cache hit)
656 http cache @babel/core@https://registry.npmjs.org/@babel/core/-/core-7.29.0.tgz 0ms (cache hit)
657 http cache @babel/compat-data@https://registry.npmjs.org/@babel/compat-data/-/compat-data-7.29.0.tgz 0ms (cache hit)
658 http cache @babel/code-frame@https://registry.npmjs.org/@babel/code-frame/-/code-frame-7.29.0.tgz 0ms (cache hit)
659 http cache @asamuzakjp/nwsapi@https://registry.npmjs.org/@asamuzakjp/nwsapi/-/nwsapi-2.3.9.tgz 0ms (cache hit)
660 http cache @asamuzakjp/generational-cache@https://registry.npmjs.org/@asamuzakjp/generational-cache/-/generational-cache-1.0.1.tgz 0ms (cache hit)
661 http cache @asamuzakjp/dom-selector@https://registry.npmjs.org/@asamuzakjp/dom-selector/-/dom-selector-7.1.1.tgz 0ms (cache hit)
662 http cache @asamuzakjp/css-color@https://registry.npmjs.org/@asamuzakjp/css-color/-/css-color-5.1.11.tgz 0ms (cache hit)
663 http cache @testing-library/dom@https://registry.npmjs.org/@testing-library/dom/-/dom-10.4.1.tgz 0ms (cache hit)
664 http cache @fortawesome/fontawesome-free@https://registry.npmjs.org/@fortawesome/fontawesome-free/-/fontawesome-free-7.2.0.tgz 0ms (cache hit)
665 http cache @fontsource/playfair-display@https://registry.npmjs.org/@fontsource/playfair-display/-/playfair-display-5.2.8.tgz 0ms (cache hit)
666 http cache @fontsource/jetbrains-mono@https://registry.npmjs.org/@fontsource/jetbrains-mono/-/jetbrains-mono-5.2.8.tgz 0ms (cache hit)
667 http cache @fontsource/inter@https://registry.npmjs.org/@fontsource/inter/-/inter-5.2.8.tgz 0ms (cache hit)
668 http cache vitest@https://registry.npmjs.org/vitest/-/vitest-4.1.4.tgz 0ms (cache hit)
669 http cache @eslint/js@https://registry.npmjs.org/@eslint/js/-/js-10.0.1.tgz 0ms (cache hit)
670 http cache workbox-cli@https://registry.npmjs.org/workbox-cli/-/workbox-cli-7.4.0.tgz 0ms (cache hit)
671 http cache sharp@https://registry.npmjs.org/sharp/-/sharp-0.34.5.tgz 0ms (cache hit)
672 http cache pdfjs-dist@https://registry.npmjs.org/pdfjs-dist/-/pdfjs-dist-3.11.174.tgz 0ms (cache hit)
673 http cache jsdom@https://registry.npmjs.org/jsdom/-/jsdom-29.0.2.tgz 0ms (cache hit)
674 http cache marked@https://registry.npmjs.org/marked/-/marked-9.1.6.tgz 0ms (cache hit)
675 http cache http-server@https://registry.npmjs.org/http-server/-/http-server-14.1.1.tgz 0ms (cache hit)
676 http cache fuse.js@https://registry.npmjs.org/fuse.js/-/fuse.js-7.0.0.tgz 0ms (cache hit)
677 http cache globals@https://registry.npmjs.org/globals/-/globals-17.5.0.tgz 0ms (cache hit)
678 http cache fake-indexeddb@https://registry.npmjs.org/fake-indexeddb/-/fake-indexeddb-6.2.5.tgz 0ms (cache hit)
679 http cache eslint@https://registry.npmjs.org/eslint/-/eslint-10.2.1.tgz 0ms (cache hit)
680 http cache esbuild@https://registry.npmjs.org/esbuild/-/esbuild-0.28.0.tgz 0ms (cache hit)
681 http cache dompurify@https://registry.npmjs.org/dompurify/-/dompurify-3.4.0.tgz 0ms (cache hit)
682 http cache chart.js@https://registry.npmjs.org/chart.js/-/chart.js-4.5.1.tgz 0ms (cache hit)
683 http cache strip-ansi@https://registry.npmjs.org/strip-ansi/-/strip-ansi-7.2.0.tgz 0ms (cache hit)
684 http cache string-width@https://registry.npmjs.org/string-width/-/string-width-7.2.0.tgz 0ms (cache hit)
685 http cache emoji-regex@https://registry.npmjs.org/emoji-regex/-/emoji-regex-10.6.0.tgz 0ms (cache hit)
686 http cache ansi-styles@https://registry.npmjs.org/ansi-styles/-/ansi-styles-6.2.3.tgz 0ms (cache hit)
687 http cache minipass@https://registry.npmjs.org/minipass/-/minipass-7.1.3.tgz 0ms (cache hit)
688 http cache minimatch@https://registry.npmjs.org/minimatch/-/minimatch-10.2.5.tgz 0ms (cache hit)
689 http cache ansi-regex@https://registry.npmjs.org/ansi-regex/-/ansi-regex-6.2.2.tgz 0ms (cache hit)
690 http cache json-schema-traverse@https://registry.npmjs.org/json-schema-traverse/-/json-schema-traverse-1.0.0.tgz 0ms (cache hit)
691 http cache glob@https://registry.npmjs.org/glob/-/glob-11.1.0.tgz 0ms (cache hit)
692 http cache brace-expansion@https://registry.npmjs.org/brace-expansion/-/brace-expansion-5.0.5.tgz 0ms (cache hit)
693 http cache balanced-match@https://registry.npmjs.org/balanced-match/-/balanced-match-4.0.4.tgz 0ms (cache hit)
694 http cache ajv@https://registry.npmjs.org/ajv/-/ajv-8.18.0.tgz 0ms (cache hit)
695 http cache @apideck/better-ajv-errors@https://registry.npmjs.org/@apideck/better-ajv-errors/-/better-ajv-errors-0.3.7.tgz 0ms (cache hit)
696 http cache strip-ansi@https://registry.npmjs.org/strip-ansi/-/strip-ansi-7.2.0.tgz 0ms (cache hit)
697 http cache emoji-regex@https://registry.npmjs.org/emoji-regex/-/emoji-regex-10.6.0.tgz 0ms (cache hit)
698 http cache string-width@https://registry.npmjs.org/string-width/-/string-width-7.2.0.tgz 0ms (cache hit)
699 http cache ansi-regex@https://registry.npmjs.org/ansi-regex/-/ansi-regex-6.2.2.tgz 0ms (cache hit)
700 http cache chalk@https://registry.npmjs.org/chalk/-/chalk-5.6.2.tgz 0ms (cache hit)
701 http cache type-fest@https://registry.npmjs.org/type-fest/-/type-fest-0.16.0.tgz 0ms (cache hit)
702 http cache source-map@https://registry.npmjs.org/source-map/-/source-map-0.6.1.tgz 0ms (cache hit)
703 http cache chownr@https://registry.npmjs.org/chownr/-/chownr-2.0.0.tgz 0ms (cache hit)
704 http cache whatwg-url@https://registry.npmjs.org/whatwg-url/-/whatwg-url-7.1.0.tgz 0ms (cache hit)
705 http cache webidl-conversions@https://registry.npmjs.org/webidl-conversions/-/webidl-conversions-4.0.2.tgz 0ms (cache hit)
706 http cache tr46@https://registry.npmjs.org/tr46/-/tr46-1.0.1.tgz 0ms (cache hit)
707 http cache tslib@https://registry.npmjs.org/tslib/-/tslib-1.14.1.tgz 0ms (cache hit)
708 http cache picomatch@https://registry.npmjs.org/picomatch/-/picomatch-2.3.2.tgz 0ms (cache hit)
709 http cache type-fest@https://registry.npmjs.org/type-fest/-/type-fest-0.8.1.tgz 0ms (cache hit)
710 http cache p-locate@https://registry.npmjs.org/p-locate/-/p-locate-4.1.0.tgz 0ms (cache hit)
711 http cache p-limit@https://registry.npmjs.org/p-limit/-/p-limit-2.3.0.tgz 0ms (cache hit)
712 http cache locate-path@https://registry.npmjs.org/locate-path/-/locate-path-5.0.0.tgz 0ms (cache hit)
713 http cache find-up@https://registry.npmjs.org/find-up/-/find-up-4.1.0.tgz 0ms (cache hit)
714 http cache type-fest@https://registry.npmjs.org/type-fest/-/type-fest-0.6.0.tgz 0ms (cache hit)
715 http cache ini@https://registry.npmjs.org/ini/-/ini-1.3.8.tgz 0ms (cache hit)
716 http cache ansi-styles@https://registry.npmjs.org/ansi-styles/-/ansi-styles-5.2.0.tgz 0ms (cache hit)
717 http cache minipass@https://registry.npmjs.org/minipass/-/minipass-7.1.3.tgz 0ms (cache hit)
718 http cache lru-cache@https://registry.npmjs.org/lru-cache/-/lru-cache-11.3.5.tgz 0ms (cache hit)
719 http cache semver@https://registry.npmjs.org/semver/-/semver-5.7.2.tgz 0ms (cache hit)
720 http cache whatwg-url@https://registry.npmjs.org/whatwg-url/-/whatwg-url-5.0.0.tgz 0ms (cache hit)
721 http cache webidl-conversions@https://registry.npmjs.org/webidl-conversions/-/webidl-conversions-3.0.1.tgz 0ms (cache hit)
722 http cache tr46@https://registry.npmjs.org/tr46/-/tr46-0.0.3.tgz 0ms (cache hit)
723 http cache minipass@https://registry.npmjs.org/minipass/-/minipass-3.3.6.tgz 0ms (cache hit)
724 http cache type-fest@https://registry.npmjs.org/type-fest/-/type-fest-0.13.1.tgz 0ms (cache hit)
725 http cache semver@https://registry.npmjs.org/semver/-/semver-6.3.1.tgz 0ms (cache hit)
726 http cache yallist@https://registry.npmjs.org/yallist/-/yallist-3.1.1.tgz 0ms (cache hit)
727 http cache minipass@https://registry.npmjs.org/minipass/-/minipass-3.3.6.tgz 0ms (cache hit)
728 http cache minimatch@https://registry.npmjs.org/minimatch/-/minimatch-5.1.9.tgz 0ms (cache hit)
729 http cache signal-exit@https://registry.npmjs.org/signal-exit/-/signal-exit-4.1.0.tgz 0ms (cache hit)
730 http cache brace-expansion@https://registry.npmjs.org/brace-expansion/-/brace-expansion-2.1.0.tgz 0ms (cache hit)
731 http cache escape-string-regexp@https://registry.npmjs.org/escape-string-regexp/-/escape-string-regexp-1.0.5.tgz 0ms (cache hit)
732 http cache iconv-lite@https://registry.npmjs.org/iconv-lite/-/iconv-lite-0.4.24.tgz 0ms (cache hit)
733 http cache type-fest@https://registry.npmjs.org/type-fest/-/type-fest-4.41.0.tgz 0ms (cache hit)
734 http cache map-obj@https://registry.npmjs.org/map-obj/-/map-obj-1.0.1.tgz 0ms (cache hit)
735 http cache ini@https://registry.npmjs.org/ini/-/ini-1.3.8.tgz 0ms (cache hit)
736 http cache type-fest@https://registry.npmjs.org/type-fest/-/type-fest-4.41.0.tgz 0ms (cache hit)
737 http cache glob-parent@https://registry.npmjs.org/glob-parent/-/glob-parent-5.1.2.tgz 0ms (cache hit)
738 http cache strip-ansi@https://registry.npmjs.org/strip-ansi/-/strip-ansi-7.2.0.tgz 0ms (cache hit)
739 http cache string-width@https://registry.npmjs.org/string-width/-/string-width-7.2.0.tgz 0ms (cache hit)
740 http cache emoji-regex@https://registry.npmjs.org/emoji-regex/-/emoji-regex-10.6.0.tgz 0ms (cache hit)
741 http cache chalk@https://registry.npmjs.org/chalk/-/chalk-5.6.2.tgz 0ms (cache hit)
742 http cache camelcase@https://registry.npmjs.org/camelcase/-/camelcase-8.0.0.tgz 0ms (cache hit)
743 http cache ansi-regex@https://registry.npmjs.org/ansi-regex/-/ansi-regex-6.2.2.tgz 0ms (cache hit)
744 http cache semver@https://registry.npmjs.org/semver/-/semver-6.3.1.tgz 0ms (cache hit)
745 http cache safe-buffer@https://registry.npmjs.org/safe-buffer/-/safe-buffer-5.1.2.tgz 0ms (cache hit)
746 http cache picomatch@https://registry.npmjs.org/picomatch/-/picomatch-2.3.2.tgz 0ms (cache hit)
747 http cache magic-string@https://registry.npmjs.org/magic-string/-/magic-string-0.25.9.tgz 0ms (cache hit)
748 http cache picomatch@https://registry.npmjs.org/picomatch/-/picomatch-2.3.2.tgz 0ms (cache hit)
749 http cache estree-walker@https://registry.npmjs.org/estree-walker/-/estree-walker-1.0.1.tgz 0ms (cache hit)
750 http cache @types/estree@https://registry.npmjs.org/@types/estree/-/estree-0.0.39.tgz 0ms (cache hit)
751 http cache magic-string@https://registry.npmjs.org/magic-string/-/magic-string-0.25.9.tgz 0ms (cache hit)
752 http cache estree-walker@https://registry.npmjs.org/estree-walker/-/estree-walker-2.0.2.tgz 0ms (cache hit)
753 http cache @rollup/pluginutils@https://registry.npmjs.org/@rollup/pluginutils/-/pluginutils-5.3.0.tgz 0ms (cache hit)
754 http cache graceful-fs@https://registry.npmjs.org/graceful-fs/-/graceful-fs-4.2.10.tgz 0ms (cache hit)
755 http cache minimatch@https://registry.npmjs.org/minimatch/-/minimatch-10.2.5.tgz 0ms (cache hit)
756 http cache brace-expansion@https://registry.npmjs.org/brace-expansion/-/brace-expansion-5.0.5.tgz 0ms (cache hit)
757 http cache balanced-match@https://registry.npmjs.org/balanced-match/-/balanced-match-4.0.4.tgz 0ms (cache hit)
758 http cache eslint-visitor-keys@https://registry.npmjs.org/eslint-visitor-keys/-/eslint-visitor-keys-3.4.3.tgz 0ms (cache hit)
759 http cache semver@https://registry.npmjs.org/semver/-/semver-6.3.1.tgz 0ms (cache hit)
760 http cache semver@https://registry.npmjs.org/semver/-/semver-6.3.1.tgz 0ms (cache hit)
761 http cache semver@https://registry.npmjs.org/semver/-/semver-6.3.1.tgz 0ms (cache hit)
762 http cache semver@https://registry.npmjs.org/semver/-/semver-6.3.1.tgz 0ms (cache hit)
763 http cache semver@https://registry.npmjs.org/semver/-/semver-6.3.1.tgz 0ms (cache hit)
764 http cache minipass@https://registry.npmjs.org/minipass/-/minipass-7.1.3.tgz 0ms (cache hit)
765 http cache minimatch@https://registry.npmjs.org/minimatch/-/minimatch-10.2.5.tgz 0ms (cache hit)
766 http cache glob@https://registry.npmjs.org/glob/-/glob-11.1.0.tgz 0ms (cache hit)
767 http cache brace-expansion@https://registry.npmjs.org/brace-expansion/-/brace-expansion-5.0.5.tgz 0ms (cache hit)
768 http cache balanced-match@https://registry.npmjs.org/balanced-match/-/balanced-match-4.0.4.tgz 0ms (cache hit)
769 http cache mimic-response@https://registry.npmjs.org/mimic-response/-/mimic-response-2.1.0.tgz 0ms (cache hit)
770 http cache simple-get@https://registry.npmjs.org/simple-get/-/simple-get-3.1.1.tgz 0ms (cache hit)
771 http cache decompress-response@https://registry.npmjs.org/decompress-response/-/decompress-response-4.2.1.tgz 0ms (cache hit)
772 http cache canvas@https://registry.npmjs.org/canvas/-/canvas-2.11.2.tgz 0ms (cache hit)
773 http cache lru-cache@https://registry.npmjs.org/lru-cache/-/lru-cache-11.3.5.tgz 0ms (cache hit)
774 http cache html-encoding-sniffer@https://registry.npmjs.org/html-encoding-sniffer/-/html-encoding-sniffer-6.0.0.tgz 0ms (cache hit)
775 http cache minimatch@https://registry.npmjs.org/minimatch/-/minimatch-10.2.5.tgz 0ms (cache hit)
776 http cache brace-expansion@https://registry.npmjs.org/brace-expansion/-/brace-expansion-5.0.5.tgz 0ms (cache hit)
777 http cache balanced-match@https://registry.npmjs.org/balanced-match/-/balanced-match-4.0.4.tgz 0ms (cache hit)
778 silly tarball no local data for yargs-parser@https://registry.npmjs.org/yargs-parser/-/yargs-parser-18.1.3.tgz. Extracting by manifest.
779 silly tarball no local data for yallist@https://registry.npmjs.org/yallist/-/yallist-4.0.0.tgz. Extracting by manifest.
780 silly tarball no local data for xmlchars@https://registry.npmjs.org/xmlchars/-/xmlchars-2.2.0.tgz. Extracting by manifest.
781 silly tarball no local data for xml-name-validator@https://registry.npmjs.org/xml-name-validator/-/xml-name-validator-5.0.0.tgz. Extracting by manifest.
782 silly tarball no local data for xdg-basedir@https://registry.npmjs.org/xdg-basedir/-/xdg-basedir-5.1.0.tgz. Extracting by manifest.
783 silly tarball no local data for wrappy@https://registry.npmjs.org/wrappy/-/wrappy-1.0.2.tgz. Extracting by manifest.
784 silly tarball no local data for wrap-ansi@https://registry.npmjs.org/wrap-ansi/-/wrap-ansi-9.0.2.tgz. Extracting by manifest.
785 silly tarball no local data for workbox-sw@https://registry.npmjs.org/workbox-sw/-/workbox-sw-7.4.0.tgz. Extracting by manifest.
786 silly tarball no local data for workbox-window@https://registry.npmjs.org/workbox-window/-/workbox-window-7.4.0.tgz. Extracting by manifest.
787 silly tarball no local data for workbox-streams@https://registry.npmjs.org/workbox-streams/-/workbox-streams-7.4.0.tgz. Extracting by manifest.
788 silly tarball no local data for workbox-strategies@https://registry.npmjs.org/workbox-strategies/-/workbox-strategies-7.4.0.tgz. Extracting by manifest.
789 silly tarball no local data for workbox-routing@https://registry.npmjs.org/workbox-routing/-/workbox-routing-7.4.0.tgz. Extracting by manifest.
790 silly tarball no local data for workbox-recipes@https://registry.npmjs.org/workbox-recipes/-/workbox-recipes-7.4.0.tgz. Extracting by manifest.
791 silly tarball no local data for yocto-queue@https://registry.npmjs.org/yocto-queue/-/yocto-queue-0.1.0.tgz. Extracting by manifest.
792 silly tarball no local data for workbox-range-requests@https://registry.npmjs.org/workbox-range-requests/-/workbox-range-requests-7.4.0.tgz. Extracting by manifest.
793 silly tarball no local data for workbox-precaching@https://registry.npmjs.org/workbox-precaching/-/workbox-precaching-7.4.0.tgz. Extracting by manifest.
794 silly tarball no local data for workbox-navigation-preload@https://registry.npmjs.org/workbox-navigation-preload/-/workbox-navigation-preload-7.4.0.tgz. Extracting by manifest.
795 silly tarball no local data for workbox-google-analytics@https://registry.npmjs.org/workbox-google-analytics/-/workbox-google-analytics-7.4.0.tgz. Extracting by manifest.
796 silly tarball no local data for workbox-expiration@https://registry.npmjs.org/workbox-expiration/-/workbox-expiration-7.4.0.tgz. Extracting by manifest.
797 silly tarball no local data for workbox-core@https://registry.npmjs.org/workbox-core/-/workbox-core-7.4.0.tgz. Extracting by manifest.
798 silly tarball no local data for workbox-build@https://registry.npmjs.org/workbox-build/-/workbox-build-7.4.0.tgz. Extracting by manifest.
799 silly tarball no local data for workbox-broadcast-update@https://registry.npmjs.org/workbox-broadcast-update/-/workbox-broadcast-update-7.4.0.tgz. Extracting by manifest.
800 silly tarball no local data for workbox-cacheable-response@https://registry.npmjs.org/workbox-cacheable-response/-/workbox-cacheable-response-7.4.0.tgz. Extracting by manifest.
801 silly tarball no local data for word-wrap@https://registry.npmjs.org/word-wrap/-/word-wrap-1.2.5.tgz. Extracting by manifest.
802 silly tarball no local data for widest-line@https://registry.npmjs.org/widest-line/-/widest-line-5.0.0.tgz. Extracting by manifest.
803 silly tarball no local data for wide-align@https://registry.npmjs.org/wide-align/-/wide-align-1.1.5.tgz. Extracting by manifest.
804 silly tarball no local data for why-is-node-running@https://registry.npmjs.org/why-is-node-running/-/why-is-node-running-2.3.0.tgz. Extracting by manifest.
805 silly tarball no local data for workbox-background-sync@https://registry.npmjs.org/workbox-background-sync/-/workbox-background-sync-7.4.0.tgz. Extracting by manifest.
806 silly tarball no local data for which-collection@https://registry.npmjs.org/which-collection/-/which-collection-1.0.2.tgz. Extracting by manifest.
807 silly tarball no local data for which-typed-array@https://registry.npmjs.org/which-typed-array/-/which-typed-array-1.1.20.tgz. Extracting by manifest.
808 silly tarball no local data for which-boxed-primitive@https://registry.npmjs.org/which-boxed-primitive/-/which-boxed-primitive-1.1.1.tgz. Extracting by manifest.
809 silly tarball no local data for which-builtin-type@https://registry.npmjs.org/which-builtin-type/-/which-builtin-type-1.2.1.tgz. Extracting by manifest.
810 silly tarball no local data for espree@https://registry.npmjs.org/espree/-/espree-11.2.0.tgz. Extracting by manifest.
811 silly tarball no local data for which@https://registry.npmjs.org/which/-/which-2.0.2.tgz. Extracting by manifest.
812 silly tarball no local data for when-exit@https://registry.npmjs.org/when-exit/-/when-exit-2.1.5.tgz. Extracting by manifest.
813 silly tarball no local data for whatwg-url@https://registry.npmjs.org/whatwg-url/-/whatwg-url-16.0.1.tgz. Extracting by manifest.
814 silly tarball no local data for whatwg-mimetype@https://registry.npmjs.org/whatwg-mimetype/-/whatwg-mimetype-5.0.0.tgz. Extracting by manifest.
815 silly tarball no local data for whatwg-encoding@https://registry.npmjs.org/whatwg-encoding/-/whatwg-encoding-2.0.0.tgz. Extracting by manifest.
816 silly tarball no local data for webidl-conversions@https://registry.npmjs.org/webidl-conversions/-/webidl-conversions-8.0.1.tgz. Extracting by manifest.
817 silly tarball no local data for wcwidth@https://registry.npmjs.org/wcwidth/-/wcwidth-1.0.1.tgz. Extracting by manifest.
818 silly tarball no local data for w3c-xmlserializer@https://registry.npmjs.org/w3c-xmlserializer/-/w3c-xmlserializer-5.0.0.tgz. Extracting by manifest.
819 silly tarball no local data for validate-npm-package-license@https://registry.npmjs.org/validate-npm-package-license/-/validate-npm-package-license-3.0.4.tgz. Extracting by manifest.
820 silly tarball no local data for vite@https://registry.npmjs.org/vite/-/vite-8.0.9.tgz. Extracting by manifest.
821 silly tarball no local data for util-deprecate@https://registry.npmjs.org/util-deprecate/-/util-deprecate-1.0.2.tgz. Extracting by manifest.
822 silly tarball no local data for uri-js@https://registry.npmjs.org/uri-js/-/uri-js-4.4.1.tgz. Extracting by manifest.
823 silly tarball no local data for update-notifier@https://registry.npmjs.org/update-notifier/-/update-notifier-7.3.1.tgz. Extracting by manifest.
824 silly tarball no local data for update-browserslist-db@https://registry.npmjs.org/update-browserslist-db/-/update-browserslist-db-1.2.3.tgz. Extracting by manifest.
825 silly tarball no local data for upath@https://registry.npmjs.org/upath/-/upath-1.2.0.tgz. Extracting by manifest.
826 silly tarball no local data for universalify@https://registry.npmjs.org/universalify/-/universalify-2.0.1.tgz. Extracting by manifest.
827 silly tarball no local data for url-join@https://registry.npmjs.org/url-join/-/url-join-4.0.1.tgz. Extracting by manifest.
828 silly tarball no local data for unique-string@https://registry.npmjs.org/unique-string/-/unique-string-2.0.0.tgz. Extracting by manifest.
829 silly tarball no local data for union@https://registry.npmjs.org/union/-/union-0.5.0.tgz. Extracting by manifest.
830 silly tarball no local data for unicode-match-property-ecmascript@https://registry.npmjs.org/unicode-match-property-ecmascript/-/unicode-match-property-ecmascript-2.0.0.tgz. Extracting by manifest.
831 silly tarball no local data for unicode-canonical-property-names-ecmascript@https://registry.npmjs.org/unicode-canonical-property-names-ecmascript/-/unicode-canonical-property-names-ecmascript-2.0.1.tgz. Extracting by manifest.
832 silly tarball no local data for unicode-match-property-value-ecmascript@https://registry.npmjs.org/unicode-match-property-value-ecmascript/-/unicode-match-property-value-ecmascript-2.2.1.tgz. Extracting by manifest.
833 silly tarball no local data for typed-array-length@https://registry.npmjs.org/typed-array-length/-/typed-array-length-1.0.7.tgz. Extracting by manifest.
834 silly tarball no local data for unbox-primitive@https://registry.npmjs.org/unbox-primitive/-/unbox-primitive-1.1.0.tgz. Extracting by manifest.
835 silly tarball no local data for typed-array-byte-offset@https://registry.npmjs.org/typed-array-byte-offset/-/typed-array-byte-offset-1.0.4.tgz. Extracting by manifest.
836 silly tarball no local data for typed-array-byte-length@https://registry.npmjs.org/typed-array-byte-length/-/typed-array-byte-length-1.0.3.tgz. Extracting by manifest.
837 silly tarball no local data for undici@https://registry.npmjs.org/undici/-/undici-7.25.0.tgz. Extracting by manifest.
838 silly tarball no local data for typed-array-buffer@https://registry.npmjs.org/typed-array-buffer/-/typed-array-buffer-1.0.3.tgz. Extracting by manifest.
839 silly tarball no local data for type-check@https://registry.npmjs.org/type-check/-/type-check-0.4.0.tgz. Extracting by manifest.
840 silly tarball no local data for type-fest@https://registry.npmjs.org/type-fest/-/type-fest-0.21.3.tgz. Extracting by manifest.
841 silly tarball no local data for tslib@https://registry.npmjs.org/tslib/-/tslib-2.8.1.tgz. Extracting by manifest.
842 silly tarball no local data for trim-newlines@https://registry.npmjs.org/trim-newlines/-/trim-newlines-3.0.1.tgz. Extracting by manifest.
843 silly tarball no local data for tough-cookie@https://registry.npmjs.org/tough-cookie/-/tough-cookie-6.0.1.tgz. Extracting by manifest.
844 silly tarball no local data for to-regex-range@https://registry.npmjs.org/to-regex-range/-/to-regex-range-5.0.1.tgz. Extracting by manifest.
845 silly tarball no local data for tmp@https://registry.npmjs.org/tmp/-/tmp-0.0.33.tgz. Extracting by manifest.
846 silly tarball no local data for tr46@https://registry.npmjs.org/tr46/-/tr46-6.0.0.tgz. Extracting by manifest.
847 silly tarball no local data for tldts-core@https://registry.npmjs.org/tldts-core/-/tldts-core-7.0.28.tgz. Extracting by manifest.
848 silly tarball no local data for tinyrainbow@https://registry.npmjs.org/tinyrainbow/-/tinyrainbow-3.1.0.tgz. Extracting by manifest.
849 silly tarball no local data for tinyglobby@https://registry.npmjs.org/tinyglobby/-/tinyglobby-0.2.16.tgz. Extracting by manifest.
850 silly tarball no local data for tldts@https://registry.npmjs.org/tldts/-/tldts-7.0.28.tgz. Extracting by manifest.
851 silly tarball no local data for tinyexec@https://registry.npmjs.org/tinyexec/-/tinyexec-1.1.1.tgz. Extracting by manifest.
852 silly tarball no local data for through@https://registry.npmjs.org/through/-/through-2.3.8.tgz. Extracting by manifest.
853 silly tarball no local data for tinybench@https://registry.npmjs.org/tinybench/-/tinybench-2.9.0.tgz. Extracting by manifest.
854 silly tarball no local data for terser@https://registry.npmjs.org/terser/-/terser-5.46.1.tgz. Extracting by manifest.
855 silly tarball no local data for tempy@https://registry.npmjs.org/tempy/-/tempy-0.6.0.tgz. Extracting by manifest.
856 silly tarball no local data for tar@https://registry.npmjs.org/tar/-/tar-6.2.1.tgz. Extracting by manifest.
857 silly tarball no local data for symbol-tree@https://registry.npmjs.org/symbol-tree/-/symbol-tree-3.2.4.tgz. Extracting by manifest.
858 silly tarball no local data for temp-dir@https://registry.npmjs.org/temp-dir/-/temp-dir-2.0.0.tgz. Extracting by manifest.
859 silly tarball no local data for supports-color@https://registry.npmjs.org/supports-color/-/supports-color-7.2.0.tgz. Extracting by manifest.
860 silly tarball no local data for supports-preserve-symlinks-flag@https://registry.npmjs.org/supports-preserve-symlinks-flag/-/supports-preserve-symlinks-flag-1.0.0.tgz. Extracting by manifest.
861 silly tarball no local data for stubborn-utils@https://registry.npmjs.org/stubborn-utils/-/stubborn-utils-1.0.2.tgz. Extracting by manifest.
862 silly tarball no local data for stubborn-fs@https://registry.npmjs.org/stubborn-fs/-/stubborn-fs-2.0.0.tgz. Extracting by manifest.
863 silly tarball no local data for unicode-property-aliases-ecmascript@https://registry.npmjs.org/unicode-property-aliases-ecmascript/-/unicode-property-aliases-ecmascript-2.2.0.tgz. Extracting by manifest.
864 silly tarball no local data for strip-json-comments@https://registry.npmjs.org/strip-json-comments/-/strip-json-comments-2.0.1.tgz. Extracting by manifest.
865 silly tarball no local data for strip-indent@https://registry.npmjs.org/strip-indent/-/strip-indent-3.0.0.tgz. Extracting by manifest.
866 silly tarball no local data for strip-ansi@https://registry.npmjs.org/strip-ansi/-/strip-ansi-6.0.1.tgz. Extracting by manifest.
867 silly tarball no local data for stringify-object@https://registry.npmjs.org/stringify-object/-/stringify-object-3.3.0.tgz. Extracting by manifest.
868 silly tarball no local data for string.prototype.trimstart@https://registry.npmjs.org/string.prototype.trimstart/-/string.prototype.trimstart-1.0.8.tgz. Extracting by manifest.
869 silly tarball no local data for string.prototype.trimend@https://registry.npmjs.org/string.prototype.trimend/-/string.prototype.trimend-1.0.9.tgz. Extracting by manifest.
870 silly tarball no local data for string.prototype.trim@https://registry.npmjs.org/string.prototype.trim/-/string.prototype.trim-1.2.10.tgz. Extracting by manifest.
871 silly tarball no local data for string-width@https://registry.npmjs.org/string-width/-/string-width-4.2.3.tgz. Extracting by manifest.
872 silly tarball no local data for string_decoder@https://registry.npmjs.org/string_decoder/-/string_decoder-1.3.0.tgz. Extracting by manifest.
873 silly tarball no local data for stop-iteration-iterator@https://registry.npmjs.org/stop-iteration-iterator/-/stop-iteration-iterator-1.1.0.tgz. Extracting by manifest.
874 silly tarball no local data for string.prototype.matchall@https://registry.npmjs.org/string.prototype.matchall/-/string.prototype.matchall-4.0.12.tgz. Extracting by manifest.
875 silly tarball no local data for std-env@https://registry.npmjs.org/std-env/-/std-env-4.1.0.tgz. Extracting by manifest.
876 silly tarball no local data for spdx-license-ids@https://registry.npmjs.org/spdx-license-ids/-/spdx-license-ids-3.0.23.tgz. Extracting by manifest.
877 silly tarball no local data for stackback@https://registry.npmjs.org/stackback/-/stackback-0.0.2.tgz. Extracting by manifest.
878 silly tarball no local data for spdx-expression-parse@https://registry.npmjs.org/spdx-expression-parse/-/spdx-expression-parse-3.0.1.tgz. Extracting by manifest.
879 silly tarball no local data for spdx-exceptions@https://registry.npmjs.org/spdx-exceptions/-/spdx-exceptions-2.5.0.tgz. Extracting by manifest.
880 silly tarball no local data for spdx-correct@https://registry.npmjs.org/spdx-correct/-/spdx-correct-3.2.0.tgz. Extracting by manifest.
881 silly tarball no local data for sourcemap-codec@https://registry.npmjs.org/sourcemap-codec/-/sourcemap-codec-1.4.8.tgz. Extracting by manifest.
882 silly tarball no local data for source-map-support@https://registry.npmjs.org/source-map-support/-/source-map-support-0.5.21.tgz. Extracting by manifest.
883 silly tarball no local data for source-map@https://registry.npmjs.org/source-map/-/source-map-0.8.0-beta.0.tgz. Extracting by manifest.
884 silly tarball no local data for source-map-js@https://registry.npmjs.org/source-map-js/-/source-map-js-1.2.1.tgz. Extracting by manifest.
885 silly tarball no local data for smob@https://registry.npmjs.org/smob/-/smob-1.6.1.tgz. Extracting by manifest.
886 silly tarball no local data for simple-concat@https://registry.npmjs.org/simple-concat/-/simple-concat-1.0.1.tgz. Extracting by manifest.
887 silly tarball no local data for siginfo@https://registry.npmjs.org/siginfo/-/siginfo-2.0.0.tgz. Extracting by manifest.
888 silly tarball no local data for side-channel-weakmap@https://registry.npmjs.org/side-channel-weakmap/-/side-channel-weakmap-1.0.2.tgz. Extracting by manifest.
889 silly tarball no local data for side-channel-map@https://registry.npmjs.org/side-channel-map/-/side-channel-map-1.0.1.tgz. Extracting by manifest.
890 silly tarball no local data for side-channel-list@https://registry.npmjs.org/side-channel-list/-/side-channel-list-1.0.1.tgz. Extracting by manifest.
891 silly tarball no local data for side-channel@https://registry.npmjs.org/side-channel/-/side-channel-1.1.0.tgz. Extracting by manifest.
892 silly tarball no local data for shebang-regex@https://registry.npmjs.org/shebang-regex/-/shebang-regex-3.0.0.tgz. Extracting by manifest.
893 silly tarball no local data for signal-exit@https://registry.npmjs.org/signal-exit/-/signal-exit-3.0.7.tgz. Extracting by manifest.
894 silly tarball no local data for shebang-command@https://registry.npmjs.org/shebang-command/-/shebang-command-2.0.0.tgz. Extracting by manifest.
895 silly tarball no local data for set-function-name@https://registry.npmjs.org/set-function-name/-/set-function-name-2.0.2.tgz. Extracting by manifest.
896 silly tarball no local data for set-proto@https://registry.npmjs.org/set-proto/-/set-proto-1.0.0.tgz. Extracting by manifest.
897 silly tarball no local data for set-function-length@https://registry.npmjs.org/set-function-length/-/set-function-length-1.2.2.tgz. Extracting by manifest.
898 silly tarball no local data for set-blocking@https://registry.npmjs.org/set-blocking/-/set-blocking-2.0.0.tgz. Extracting by manifest.
899 silly tarball no local data for semver@https://registry.npmjs.org/semver/-/semver-7.7.4.tgz. Extracting by manifest.
900 silly tarball no local data for secure-compare@https://registry.npmjs.org/secure-compare/-/secure-compare-3.0.1.tgz. Extracting by manifest.
901 silly tarball no local data for serialize-javascript@https://registry.npmjs.org/serialize-javascript/-/serialize-javascript-6.0.2.tgz. Extracting by manifest.
902 silly tarball no local data for safer-buffer@https://registry.npmjs.org/safer-buffer/-/safer-buffer-2.1.2.tgz. Extracting by manifest.
903 silly tarball no local data for saxes@https://registry.npmjs.org/saxes/-/saxes-6.0.0.tgz. Extracting by manifest.
904 silly tarball no local data for safe-regex-test@https://registry.npmjs.org/safe-regex-test/-/safe-regex-test-1.1.0.tgz. Extracting by manifest.
905 silly tarball no local data for safe-push-apply@https://registry.npmjs.org/safe-push-apply/-/safe-push-apply-1.0.0.tgz. Extracting by manifest.
906 silly tarball no local data for safe-array-concat@https://registry.npmjs.org/safe-array-concat/-/safe-array-concat-1.1.4.tgz. Extracting by manifest.
907 silly tarball no local data for safe-buffer@https://registry.npmjs.org/safe-buffer/-/safe-buffer-5.2.1.tgz. Extracting by manifest.
908 silly tarball no local data for rxjs@https://registry.npmjs.org/rxjs/-/rxjs-6.6.7.tgz. Extracting by manifest.
909 silly tarball no local data for rollup@https://registry.npmjs.org/rollup/-/rollup-2.80.0.tgz. Extracting by manifest.
910 silly tarball no local data for rolldown@https://registry.npmjs.org/rolldown/-/rolldown-1.0.0-rc.16.tgz. Extracting by manifest.
911 silly tarball no local data for rimraf@https://registry.npmjs.org/rimraf/-/rimraf-3.0.2.tgz. Extracting by manifest.
912 silly tarball no local data for restore-cursor@https://registry.npmjs.org/restore-cursor/-/restore-cursor-3.1.0.tgz. Extracting by manifest.
913 silly tarball no local data for run-async@https://registry.npmjs.org/run-async/-/run-async-2.4.1.tgz. Extracting by manifest.
914 silly tarball no local data for resolve@https://registry.npmjs.org/resolve/-/resolve-1.22.12.tgz. Extracting by manifest.
915 silly tarball no local data for requires-port@https://registry.npmjs.org/requires-port/-/requires-port-1.0.0.tgz. Extracting by manifest.
916 silly tarball no local data for require-from-string@https://registry.npmjs.org/require-from-string/-/require-from-string-2.0.2.tgz. Extracting by manifest.
917 silly tarball no local data for regjsgen@https://registry.npmjs.org/regjsgen/-/regjsgen-0.8.0.tgz. Extracting by manifest.
918 silly tarball no local data for regjsparser@https://registry.npmjs.org/regjsparser/-/regjsparser-0.13.1.tgz. Extracting by manifest.
919 silly tarball no local data for registry-url@https://registry.npmjs.org/registry-url/-/registry-url-6.0.1.tgz. Extracting by manifest.
920 silly tarball no local data for registry-auth-token@https://registry.npmjs.org/registry-auth-token/-/registry-auth-token-5.1.1.tgz. Extracting by manifest.
921 silly tarball no local data for regexpu-core@https://registry.npmjs.org/regexpu-core/-/regexpu-core-6.4.0.tgz. Extracting by manifest.
922 silly tarball no local data for regexp.prototype.flags@https://registry.npmjs.org/regexp.prototype.flags/-/regexp.prototype.flags-1.5.4.tgz. Extracting by manifest.
923 silly tarball no local data for regenerate-unicode-properties@https://registry.npmjs.org/regenerate-unicode-properties/-/regenerate-unicode-properties-10.2.2.tgz. Extracting by manifest.
924 silly tarball no local data for redent@https://registry.npmjs.org/redent/-/redent-3.0.0.tgz. Extracting by manifest.
925 silly tarball no local data for regenerate@https://registry.npmjs.org/regenerate/-/regenerate-1.4.2.tgz. Extracting by manifest.
926 silly tarball no local data for reflect.getprototypeof@https://registry.npmjs.org/reflect.getprototypeof/-/reflect.getprototypeof-1.0.10.tgz. Extracting by manifest.
927 silly tarball no local data for readable-stream@https://registry.npmjs.org/readable-stream/-/readable-stream-3.6.2.tgz. Extracting by manifest.
928 silly tarball no local data for read-pkg-up@https://registry.npmjs.org/read-pkg-up/-/read-pkg-up-7.0.1.tgz. Extracting by manifest.
929 silly tarball no local data for read-pkg@https://registry.npmjs.org/read-pkg/-/read-pkg-5.2.0.tgz. Extracting by manifest.
930 silly tarball no local data for readdirp@https://registry.npmjs.org/readdirp/-/readdirp-3.6.0.tgz. Extracting by manifest.
931 silly tarball no local data for react-is@https://registry.npmjs.org/react-is/-/react-is-17.0.2.tgz. Extracting by manifest.
932 silly tarball no local data for rc@https://registry.npmjs.org/rc/-/rc-1.2.8.tgz. Extracting by manifest.
933 silly tarball no local data for randombytes@https://registry.npmjs.org/randombytes/-/randombytes-2.1.0.tgz. Extracting by manifest.
934 silly tarball no local data for quick-lru@https://registry.npmjs.org/quick-lru/-/quick-lru-4.0.1.tgz. Extracting by manifest.
935 silly tarball no local data for qs@https://registry.npmjs.org/qs/-/qs-6.15.1.tgz. Extracting by manifest.
936 silly tarball no local data for pupa@https://registry.npmjs.org/pupa/-/pupa-3.3.0.tgz. Extracting by manifest.
937 silly tarball no local data for pretty-format@https://registry.npmjs.org/pretty-format/-/pretty-format-27.5.1.tgz. Extracting by manifest.
938 silly tarball no local data for punycode@https://registry.npmjs.org/punycode/-/punycode-2.3.1.tgz. Extracting by manifest.
939 silly tarball no local data for proto-list@https://registry.npmjs.org/proto-list/-/proto-list-1.2.4.tgz. Extracting by manifest.
940 silly tarball no local data for pretty-bytes@https://registry.npmjs.org/pretty-bytes/-/pretty-bytes-5.6.0.tgz. Extracting by manifest.
941 silly tarball no local data for prelude-ls@https://registry.npmjs.org/prelude-ls/-/prelude-ls-1.2.1.tgz. Extracting by manifest.
942 silly tarball no local data for postcss@https://registry.npmjs.org/postcss/-/postcss-8.5.10.tgz. Extracting by manifest.
943 silly tarball no local data for possible-typed-array-names@https://registry.npmjs.org/possible-typed-array-names/-/possible-typed-array-names-1.1.0.tgz. Extracting by manifest.
944 silly tarball no local data for portfinder@https://registry.npmjs.org/portfinder/-/portfinder-1.0.38.tgz. Extracting by manifest.
945 silly tarball no local data for picomatch@https://registry.npmjs.org/picomatch/-/picomatch-4.0.4.tgz. Extracting by manifest.
946 silly tarball no local data for picocolors@https://registry.npmjs.org/picocolors/-/picocolors-1.1.1.tgz. Extracting by manifest.
947 silly tarball no local data for pathe@https://registry.npmjs.org/pathe/-/pathe-2.0.3.tgz. Extracting by manifest.
948 silly tarball no local data for path2d-polyfill@https://registry.npmjs.org/path2d-polyfill/-/path2d-polyfill-2.0.1.tgz. Extracting by manifest.
949 silly tarball no local data for path-scurry@https://registry.npmjs.org/path-scurry/-/path-scurry-2.0.2.tgz. Extracting by manifest.
950 silly tarball no local data for path-parse@https://registry.npmjs.org/path-parse/-/path-parse-1.0.7.tgz. Extracting by manifest.
951 silly tarball no local data for path-key@https://registry.npmjs.org/path-key/-/path-key-3.1.1.tgz. Extracting by manifest.
952 silly tarball no local data for path-is-absolute@https://registry.npmjs.org/path-is-absolute/-/path-is-absolute-1.0.1.tgz. Extracting by manifest.
953 silly tarball no local data for path-exists@https://registry.npmjs.org/path-exists/-/path-exists-4.0.0.tgz. Extracting by manifest.
954 silly tarball no local data for parse-json@https://registry.npmjs.org/parse-json/-/parse-json-5.2.0.tgz. Extracting by manifest.
955 silly tarball no local data for parse5@https://registry.npmjs.org/parse5/-/parse5-8.0.1.tgz. Extracting by manifest.
956 silly tarball no local data for package-json-from-dist@https://registry.npmjs.org/package-json-from-dist/-/package-json-from-dist-1.0.1.tgz. Extracting by manifest.
957 silly tarball no local data for package-json@https://registry.npmjs.org/package-json/-/package-json-10.0.1.tgz. Extracting by manifest.
958 silly tarball no local data for p-try@https://registry.npmjs.org/p-try/-/p-try-2.2.0.tgz. Extracting by manifest.
959 silly tarball no local data for own-keys@https://registry.npmjs.org/own-keys/-/own-keys-1.0.1.tgz. Extracting by manifest.
960 silly tarball no local data for p-limit@https://registry.npmjs.org/p-limit/-/p-limit-3.1.0.tgz. Extracting by manifest.
961 silly tarball no local data for os-tmpdir@https://registry.npmjs.org/os-tmpdir/-/os-tmpdir-1.0.2.tgz. Extracting by manifest.
962 silly tarball no local data for ora@https://registry.npmjs.org/ora/-/ora-5.4.1.tgz. Extracting by manifest.
963 silly tarball no local data for optionator@https://registry.npmjs.org/optionator/-/optionator-0.9.4.tgz. Extracting by manifest.
964 silly tarball no local data for p-locate@https://registry.npmjs.org/p-locate/-/p-locate-5.0.0.tgz. Extracting by manifest.
965 silly tarball no local data for onetime@https://registry.npmjs.org/onetime/-/onetime-5.1.2.tgz. Extracting by manifest.
966 silly tarball no local data for opener@https://registry.npmjs.org/opener/-/opener-1.5.2.tgz. Extracting by manifest.
967 silly tarball no local data for obug@https://registry.npmjs.org/obug/-/obug-2.1.1.tgz. Extracting by manifest.
968 silly tarball no local data for once@https://registry.npmjs.org/once/-/once-1.4.0.tgz. Extracting by manifest.
969 silly tarball no local data for object-keys@https://registry.npmjs.org/object-keys/-/object-keys-1.1.1.tgz. Extracting by manifest.
970 silly tarball no local data for object.assign@https://registry.npmjs.org/object.assign/-/object.assign-4.1.7.tgz. Extracting by manifest.
971 silly tarball no local data for object-inspect@https://registry.npmjs.org/object-inspect/-/object-inspect-1.13.4.tgz. Extracting by manifest.
972 silly tarball no local data for object-assign@https://registry.npmjs.org/object-assign/-/object-assign-4.1.1.tgz. Extracting by manifest.
973 silly tarball no local data for npmlog@https://registry.npmjs.org/npmlog/-/npmlog-5.0.1.tgz. Extracting by manifest.
974 silly tarball no local data for normalize-path@https://registry.npmjs.org/normalize-path/-/normalize-path-3.0.0.tgz. Extracting by manifest.
975 silly tarball no local data for normalize-package-data@https://registry.npmjs.org/normalize-package-data/-/normalize-package-data-2.5.0.tgz. Extracting by manifest.
976 silly tarball no local data for nopt@https://registry.npmjs.org/nopt/-/nopt-5.0.0.tgz. Extracting by manifest.
977 silly tarball no local data for node-fetch@https://registry.npmjs.org/node-fetch/-/node-fetch-2.7.0.tgz. Extracting by manifest.
978 silly tarball no local data for node-releases@https://registry.npmjs.org/node-releases/-/node-releases-2.0.37.tgz. Extracting by manifest.
979 silly tarball no local data for natural-compare@https://registry.npmjs.org/natural-compare/-/natural-compare-1.4.0.tgz. Extracting by manifest.
980 silly tarball no local data for nanoid@https://registry.npmjs.org/nanoid/-/nanoid-3.3.11.tgz. Extracting by manifest.
981 silly tarball no local data for nan@https://registry.npmjs.org/nan/-/nan-2.26.2.tgz. Extracting by manifest.
982 silly tarball no local data for mute-stream@https://registry.npmjs.org/mute-stream/-/mute-stream-0.0.8.tgz. Extracting by manifest.
983 silly tarball no local data for ms@https://registry.npmjs.org/ms/-/ms-2.1.3.tgz. Extracting by manifest.
984 silly tarball no local data for mkdirp@https://registry.npmjs.org/mkdirp/-/mkdirp-1.0.4.tgz. Extracting by manifest.
985 silly tarball no local data for minizlib@https://registry.npmjs.org/minizlib/-/minizlib-2.1.2.tgz. Extracting by manifest.
986 silly tarball no local data for minipass@https://registry.npmjs.org/minipass/-/minipass-5.0.0.tgz. Extracting by manifest.
987 silly tarball no local data for minimist-options@https://registry.npmjs.org/minimist-options/-/minimist-options-4.1.0.tgz. Extracting by manifest.
988 silly tarball no local data for minimist@https://registry.npmjs.org/minimist/-/minimist-1.2.8.tgz. Extracting by manifest.
989 silly tarball no local data for min-indent@https://registry.npmjs.org/min-indent/-/min-indent-1.0.1.tgz. Extracting by manifest.
990 silly tarball no local data for mimic-fn@https://registry.npmjs.org/mimic-fn/-/mimic-fn-2.1.0.tgz. Extracting by manifest.
991 silly tarball no local data for minimatch@https://registry.npmjs.org/minimatch/-/minimatch-3.1.5.tgz. Extracting by manifest.
992 silly tarball no local data for mime@https://registry.npmjs.org/mime/-/mime-1.6.0.tgz. Extracting by manifest.
993 silly tarball no local data for meow@https://registry.npmjs.org/meow/-/meow-7.1.1.tgz. Extracting by manifest.
994 silly tarball no local data for mdn-data@https://registry.npmjs.org/mdn-data/-/mdn-data-2.27.1.tgz. Extracting by manifest.
995 silly tarball no local data for map-obj@https://registry.npmjs.org/map-obj/-/map-obj-4.3.0.tgz. Extracting by manifest.
996 silly tarball no local data for math-intrinsics@https://registry.npmjs.org/math-intrinsics/-/math-intrinsics-1.1.0.tgz. Extracting by manifest.
997 silly tarball no local data for make-dir@https://registry.npmjs.org/make-dir/-/make-dir-3.1.0.tgz. Extracting by manifest.
998 silly tarball no local data for magic-string@https://registry.npmjs.org/magic-string/-/magic-string-0.30.21.tgz. Extracting by manifest.
999 silly tarball no local data for lru-cache@https://registry.npmjs.org/lru-cache/-/lru-cache-5.1.1.tgz. Extracting by manifest.
1000 silly tarball no local data for lz-string@https://registry.npmjs.org/lz-string/-/lz-string-1.5.0.tgz. Extracting by manifest.
1001 silly tarball no local data for log-symbols@https://registry.npmjs.org/log-symbols/-/log-symbols-4.1.0.tgz. Extracting by manifest.
1002 silly tarball no local data for lodash.debounce@https://registry.npmjs.org/lodash.debounce/-/lodash.debounce-4.0.8.tgz. Extracting by manifest.
1003 silly tarball no local data for lodash.sortby@https://registry.npmjs.org/lodash.sortby/-/lodash.sortby-4.7.0.tgz. Extracting by manifest.
1004 silly tarball no local data for lodash@https://registry.npmjs.org/lodash/-/lodash-4.18.1.tgz. Extracting by manifest.
1005 silly tarball no local data for lines-and-columns@https://registry.npmjs.org/lines-and-columns/-/lines-and-columns-1.2.4.tgz. Extracting by manifest.
1006 silly tarball no local data for lightningcss-linux-x64-gnu@https://registry.npmjs.org/lightningcss-linux-x64-gnu/-/lightningcss-linux-x64-gnu-1.32.0.tgz. Extracting by manifest.
1007 silly tarball no local data for locate-path@https://registry.npmjs.org/locate-path/-/locate-path-6.0.0.tgz. Extracting by manifest.
1008 silly tarball no local data for lightningcss@https://registry.npmjs.org/lightningcss/-/lightningcss-1.32.0.tgz. Extracting by manifest.
1009 silly tarball no local data for levn@https://registry.npmjs.org/levn/-/levn-0.4.1.tgz. Extracting by manifest.
1010 silly tarball no local data for leven@https://registry.npmjs.org/leven/-/leven-3.1.0.tgz. Extracting by manifest.
1011 silly tarball no local data for latest-version@https://registry.npmjs.org/latest-version/-/latest-version-9.0.0.tgz. Extracting by manifest.
1012 silly tarball no local data for kind-of@https://registry.npmjs.org/kind-of/-/kind-of-6.0.3.tgz. Extracting by manifest.
1013 silly tarball no local data for keyv@https://registry.npmjs.org/keyv/-/keyv-4.5.4.tgz. Extracting by manifest.
1014 silly tarball no local data for jsonpointer@https://registry.npmjs.org/jsonpointer/-/jsonpointer-5.0.1.tgz. Extracting by manifest.
1015 silly tarball no local data for jsonfile@https://registry.npmjs.org/jsonfile/-/jsonfile-6.2.0.tgz. Extracting by manifest.
1016 silly tarball no local data for ky@https://registry.npmjs.org/ky/-/ky-1.14.3.tgz. Extracting by manifest.
1017 silly tarball no local data for json5@https://registry.npmjs.org/json5/-/json5-2.2.3.tgz. Extracting by manifest.
1018 silly tarball no local data for json-schema-traverse@https://registry.npmjs.org/json-schema-traverse/-/json-schema-traverse-0.4.1.tgz. Extracting by manifest.
1019 silly tarball no local data for json-stable-stringify-without-jsonify@https://registry.npmjs.org/json-stable-stringify-without-jsonify/-/json-stable-stringify-without-jsonify-1.0.1.tgz. Extracting by manifest.
1020 silly tarball no local data for json-parse-even-better-errors@https://registry.npmjs.org/json-parse-even-better-errors/-/json-parse-even-better-errors-2.3.1.tgz. Extracting by manifest.
1021 silly tarball no local data for json-buffer@https://registry.npmjs.org/json-buffer/-/json-buffer-3.0.1.tgz. Extracting by manifest.
1022 silly tarball no local data for jsesc@https://registry.npmjs.org/jsesc/-/jsesc-3.1.0.tgz. Extracting by manifest.
1023 silly tarball no local data for js-tokens@https://registry.npmjs.org/js-tokens/-/js-tokens-4.0.0.tgz. Extracting by manifest.
1024 silly tarball no local data for jake@https://registry.npmjs.org/jake/-/jake-10.9.4.tgz. Extracting by manifest.
1025 silly tarball no local data for jackspeak@https://registry.npmjs.org/jackspeak/-/jackspeak-4.2.3.tgz. Extracting by manifest.
1026 silly tarball no local data for isarray@https://registry.npmjs.org/isarray/-/isarray-2.0.5.tgz. Extracting by manifest.
1027 silly tarball no local data for isexe@https://registry.npmjs.org/isexe/-/isexe-2.0.0.tgz. Extracting by manifest.
1028 silly tarball no local data for is-weakref@https://registry.npmjs.org/is-weakref/-/is-weakref-1.1.1.tgz. Extracting by manifest.
1029 silly tarball no local data for is-weakset@https://registry.npmjs.org/is-weakset/-/is-weakset-2.0.4.tgz. Extracting by manifest.
1030 silly tarball no local data for is-weakmap@https://registry.npmjs.org/is-weakmap/-/is-weakmap-2.0.2.tgz. Extracting by manifest.
1031 silly tarball no local data for is-unicode-supported@https://registry.npmjs.org/is-unicode-supported/-/is-unicode-supported-0.1.0.tgz. Extracting by manifest.
1032 silly tarball no local data for is-typed-array@https://registry.npmjs.org/is-typed-array/-/is-typed-array-1.1.15.tgz. Extracting by manifest.
1033 silly tarball no local data for is-symbol@https://registry.npmjs.org/is-symbol/-/is-symbol-1.1.1.tgz. Extracting by manifest.
1034 silly tarball no local data for is-string@https://registry.npmjs.org/is-string/-/is-string-1.1.1.tgz. Extracting by manifest.
1035 silly tarball no local data for is-stream@https://registry.npmjs.org/is-stream/-/is-stream-2.0.1.tgz. Extracting by manifest.
1036 silly tarball no local data for is-shared-array-buffer@https://registry.npmjs.org/is-shared-array-buffer/-/is-shared-array-buffer-1.0.4.tgz. Extracting by manifest.
1037 silly tarball no local data for is-set@https://registry.npmjs.org/is-set/-/is-set-2.0.3.tgz. Extracting by manifest.
1038 silly tarball no local data for is-regexp@https://registry.npmjs.org/is-regexp/-/is-regexp-1.0.0.tgz. Extracting by manifest.
1039 silly tarball no local data for is-regex@https://registry.npmjs.org/is-regex/-/is-regex-1.2.1.tgz. Extracting by manifest.
1040 silly tarball no local data for is-potential-custom-element-name@https://registry.npmjs.org/is-potential-custom-element-name/-/is-potential-custom-element-name-1.0.1.tgz. Extracting by manifest.
1041 silly tarball no local data for is-plain-obj@https://registry.npmjs.org/is-plain-obj/-/is-plain-obj-1.1.0.tgz. Extracting by manifest.
1042 silly tarball no local data for is-path-inside@https://registry.npmjs.org/is-path-inside/-/is-path-inside-4.0.0.tgz. Extracting by manifest.
1043 silly tarball no local data for is-obj@https://registry.npmjs.org/is-obj/-/is-obj-1.0.1.tgz. Extracting by manifest.
1044 silly tarball no local data for is-number@https://registry.npmjs.org/is-number/-/is-number-7.0.0.tgz. Extracting by manifest.
1045 silly tarball no local data for is-number-object@https://registry.npmjs.org/is-number-object/-/is-number-object-1.1.1.tgz. Extracting by manifest.
1046 silly tarball no local data for is-npm@https://registry.npmjs.org/is-npm/-/is-npm-6.1.0.tgz. Extracting by manifest.
1047 silly tarball no local data for is-map@https://registry.npmjs.org/is-map/-/is-map-2.0.3.tgz. Extracting by manifest.
1048 silly tarball no local data for is-module@https://registry.npmjs.org/is-module/-/is-module-1.0.0.tgz. Extracting by manifest.
1049 silly tarball no local data for is-interactive@https://registry.npmjs.org/is-interactive/-/is-interactive-1.0.0.tgz. Extracting by manifest.
1050 silly tarball no local data for is-negative-zero@https://registry.npmjs.org/is-negative-zero/-/is-negative-zero-2.0.3.tgz. Extracting by manifest.
1051 silly tarball no local data for is-installed-globally@https://registry.npmjs.org/is-installed-globally/-/is-installed-globally-1.0.0.tgz. Extracting by manifest.
1052 silly tarball no local data for is-in-ci@https://registry.npmjs.org/is-in-ci/-/is-in-ci-1.0.0.tgz. Extracting by manifest.
1053 silly tarball no local data for is-glob@https://registry.npmjs.org/is-glob/-/is-glob-4.0.3.tgz. Extracting by manifest.
1054 silly tarball no local data for is-fullwidth-code-point@https://registry.npmjs.org/is-fullwidth-code-point/-/is-fullwidth-code-point-3.0.0.tgz. Extracting by manifest.
1055 silly tarball no local data for is-generator-function@https://registry.npmjs.org/is-generator-function/-/is-generator-function-1.1.2.tgz. Extracting by manifest.
1056 silly tarball no local data for is-finalizationregistry@https://registry.npmjs.org/is-finalizationregistry/-/is-finalizationregistry-1.1.1.tgz. Extracting by manifest.
1057 silly tarball no local data for is-extglob@https://registry.npmjs.org/is-extglob/-/is-extglob-2.1.1.tgz. Extracting by manifest.
1058 silly tarball no local data for is-date-object@https://registry.npmjs.org/is-date-object/-/is-date-object-1.1.0.tgz. Extracting by manifest.
1059 silly tarball no local data for is-data-view@https://registry.npmjs.org/is-data-view/-/is-data-view-1.0.2.tgz. Extracting by manifest.
1060 silly tarball no local data for is-callable@https://registry.npmjs.org/is-callable/-/is-callable-1.2.7.tgz. Extracting by manifest.
1061 silly tarball no local data for is-core-module@https://registry.npmjs.org/is-core-module/-/is-core-module-2.16.1.tgz. Extracting by manifest.
1062 silly tarball no local data for is-boolean-object@https://registry.npmjs.org/is-boolean-object/-/is-boolean-object-1.2.2.tgz. Extracting by manifest.
1063 silly tarball no local data for is-binary-path@https://registry.npmjs.org/is-binary-path/-/is-binary-path-2.1.0.tgz. Extracting by manifest.
1064 silly tarball no local data for is-bigint@https://registry.npmjs.org/is-bigint/-/is-bigint-1.1.0.tgz. Extracting by manifest.
1065 silly tarball no local data for is-async-function@https://registry.npmjs.org/is-async-function/-/is-async-function-2.1.1.tgz. Extracting by manifest.
1066 silly tarball no local data for is-arrayish@https://registry.npmjs.org/is-arrayish/-/is-arrayish-0.2.1.tgz. Extracting by manifest.
1067 silly tarball no local data for is-array-buffer@https://registry.npmjs.org/is-array-buffer/-/is-array-buffer-3.0.5.tgz. Extracting by manifest.
1068 silly tarball no local data for internal-slot@https://registry.npmjs.org/internal-slot/-/internal-slot-1.1.0.tgz. Extracting by manifest.
1069 silly tarball no local data for inquirer@https://registry.npmjs.org/inquirer/-/inquirer-7.3.3.tgz. Extracting by manifest.
1070 silly tarball no local data for ini@https://registry.npmjs.org/ini/-/ini-4.1.1.tgz. Extracting by manifest.
1071 silly tarball no local data for inherits@https://registry.npmjs.org/inherits/-/inherits-2.0.4.tgz. Extracting by manifest.
1072 silly tarball no local data for inflight@https://registry.npmjs.org/inflight/-/inflight-1.0.6.tgz. Extracting by manifest.
1073 silly tarball no local data for indent-string@https://registry.npmjs.org/indent-string/-/indent-string-4.0.0.tgz. Extracting by manifest.
1074 silly tarball no local data for imurmurhash@https://registry.npmjs.org/imurmurhash/-/imurmurhash-0.1.4.tgz. Extracting by manifest.
1075 silly tarball no local data for ieee754@https://registry.npmjs.org/ieee754/-/ieee754-1.2.1.tgz. Extracting by manifest.
1076 silly tarball no local data for idb@https://registry.npmjs.org/idb/-/idb-7.1.1.tgz. Extracting by manifest.
1077 silly tarball no local data for iconv-lite@https://registry.npmjs.org/iconv-lite/-/iconv-lite-0.6.3.tgz. Extracting by manifest.
1078 silly tarball no local data for https-proxy-agent@https://registry.npmjs.org/https-proxy-agent/-/https-proxy-agent-5.0.1.tgz. Extracting by manifest.
1079 silly tarball no local data for html-encoding-sniffer@https://registry.npmjs.org/html-encoding-sniffer/-/html-encoding-sniffer-3.0.0.tgz. Extracting by manifest.
1080 silly tarball no local data for http-proxy@https://registry.npmjs.org/http-proxy/-/http-proxy-1.18.1.tgz. Extracting by manifest.
1081 silly tarball no local data for ignore@https://registry.npmjs.org/ignore/-/ignore-5.3.2.tgz. Extracting by manifest.
1082 silly tarball no local data for hosted-git-info@https://registry.npmjs.org/hosted-git-info/-/hosted-git-info-2.8.9.tgz. Extracting by manifest.
1083 silly tarball no local data for he@https://registry.npmjs.org/he/-/he-1.2.0.tgz. Extracting by manifest.
1084 silly tarball no local data for hasown@https://registry.npmjs.org/hasown/-/hasown-2.0.3.tgz. Extracting by manifest.
1085 silly tarball no local data for has-unicode@https://registry.npmjs.org/has-unicode/-/has-unicode-2.0.1.tgz. Extracting by manifest.
1086 silly tarball no local data for has-tostringtag@https://registry.npmjs.org/has-tostringtag/-/has-tostringtag-1.0.2.tgz. Extracting by manifest.
1087 silly tarball no local data for has-symbols@https://registry.npmjs.org/has-symbols/-/has-symbols-1.1.0.tgz. Extracting by manifest.
1088 silly tarball no local data for has-proto@https://registry.npmjs.org/has-proto/-/has-proto-1.2.0.tgz. Extracting by manifest.
1089 silly tarball no local data for has-property-descriptors@https://registry.npmjs.org/has-property-descriptors/-/has-property-descriptors-1.0.2.tgz. Extracting by manifest.
1090 silly tarball no local data for has-flag@https://registry.npmjs.org/has-flag/-/has-flag-4.0.0.tgz. Extracting by manifest.
1091 silly tarball no local data for has-bigints@https://registry.npmjs.org/has-bigints/-/has-bigints-1.1.0.tgz. Extracting by manifest.
1092 silly tarball no local data for hard-rejection@https://registry.npmjs.org/hard-rejection/-/hard-rejection-2.1.0.tgz. Extracting by manifest.
1093 silly tarball no local data for graceful-fs@https://registry.npmjs.org/graceful-fs/-/graceful-fs-4.2.11.tgz. Extracting by manifest.
1094 silly tarball no local data for gopd@https://registry.npmjs.org/gopd/-/gopd-1.2.0.tgz. Extracting by manifest.
1095 silly tarball no local data for globalthis@https://registry.npmjs.org/globalthis/-/globalthis-1.0.4.tgz. Extracting by manifest.
1096 silly tarball no local data for global-directory@https://registry.npmjs.org/global-directory/-/global-directory-4.0.1.tgz. Extracting by manifest.
1097 silly tarball no local data for glob-parent@https://registry.npmjs.org/glob-parent/-/glob-parent-6.0.2.tgz. Extracting by manifest.
1098 silly tarball no local data for glob@https://registry.npmjs.org/glob/-/glob-7.2.3.tgz. Extracting by manifest.
1099 silly tarball no local data for get-symbol-description@https://registry.npmjs.org/get-symbol-description/-/get-symbol-description-1.1.0.tgz. Extracting by manifest.
1100 silly tarball no local data for get-proto@https://registry.npmjs.org/get-proto/-/get-proto-1.0.1.tgz. Extracting by manifest.
1101 silly tarball no local data for get-own-enumerable-property-symbols@https://registry.npmjs.org/get-own-enumerable-property-symbols/-/get-own-enumerable-property-symbols-3.0.2.tgz. Extracting by manifest.
1102 silly tarball no local data for get-intrinsic@https://registry.npmjs.org/get-intrinsic/-/get-intrinsic-1.3.0.tgz. Extracting by manifest.
1103 silly tarball no local data for get-east-asian-width@https://registry.npmjs.org/get-east-asian-width/-/get-east-asian-width-1.5.0.tgz. Extracting by manifest.
1104 silly tarball no local data for gensync@https://registry.npmjs.org/gensync/-/gensync-1.0.0-beta.2.tgz. Extracting by manifest.
1105 silly tarball no local data for generator-function@https://registry.npmjs.org/generator-function/-/generator-function-2.0.1.tgz. Extracting by manifest.
1106 silly tarball no local data for gauge@https://registry.npmjs.org/gauge/-/gauge-3.0.2.tgz. Extracting by manifest.
1107 silly tarball no local data for function-bind@https://registry.npmjs.org/function-bind/-/function-bind-1.1.2.tgz. Extracting by manifest.
1108 silly tarball no local data for function.prototype.name@https://registry.npmjs.org/function.prototype.name/-/function.prototype.name-1.1.8.tgz. Extracting by manifest.
1109 silly tarball no local data for fs.realpath@https://registry.npmjs.org/fs.realpath/-/fs.realpath-1.0.0.tgz. Extracting by manifest.
1110 silly tarball no local data for fs-minipass@https://registry.npmjs.org/fs-minipass/-/fs-minipass-2.1.0.tgz. Extracting by manifest.
1111 silly tarball no local data for fs-extra@https://registry.npmjs.org/fs-extra/-/fs-extra-9.1.0.tgz. Extracting by manifest.
1112 silly tarball no local data for functions-have-names@https://registry.npmjs.org/functions-have-names/-/functions-have-names-1.2.3.tgz. Extracting by manifest.
1113 silly tarball no local data for foreground-child@https://registry.npmjs.org/foreground-child/-/foreground-child-3.3.1.tgz. Extracting by manifest.
1114 silly tarball no local data for for-each@https://registry.npmjs.org/for-each/-/for-each-0.3.5.tgz. Extracting by manifest.
1115 silly tarball no local data for follow-redirects@https://registry.npmjs.org/follow-redirects/-/follow-redirects-1.16.0.tgz. Extracting by manifest.
1116 silly tarball no local data for flatted@https://registry.npmjs.org/flatted/-/flatted-3.4.2.tgz. Extracting by manifest.
1117 silly tarball no local data for flat-cache@https://registry.npmjs.org/flat-cache/-/flat-cache-4.0.1.tgz. Extracting by manifest.
1118 silly tarball no local data for find-up@https://registry.npmjs.org/find-up/-/find-up-5.0.0.tgz. Extracting by manifest.
1119 silly tarball no local data for filelist@https://registry.npmjs.org/filelist/-/filelist-1.0.6.tgz. Extracting by manifest.
1120 silly tarball no local data for fill-range@https://registry.npmjs.org/fill-range/-/fill-range-7.1.1.tgz. Extracting by manifest.
1121 silly tarball no local data for figures@https://registry.npmjs.org/figures/-/figures-3.2.0.tgz. Extracting by manifest.
1122 silly tarball no local data for file-entry-cache@https://registry.npmjs.org/file-entry-cache/-/file-entry-cache-8.0.0.tgz. Extracting by manifest.
1123 silly tarball no local data for fast-uri@https://registry.npmjs.org/fast-uri/-/fast-uri-3.1.0.tgz. Extracting by manifest.
1124 silly tarball no local data for fdir@https://registry.npmjs.org/fdir/-/fdir-6.5.0.tgz. Extracting by manifest.
1125 silly tarball no local data for fast-levenshtein@https://registry.npmjs.org/fast-levenshtein/-/fast-levenshtein-2.0.6.tgz. Extracting by manifest.
1126 silly tarball no local data for fast-json-stable-stringify@https://registry.npmjs.org/fast-json-stable-stringify/-/fast-json-stable-stringify-2.1.0.tgz. Extracting by manifest.
1127 silly tarball no local data for external-editor@https://registry.npmjs.org/external-editor/-/external-editor-3.1.0.tgz. Extracting by manifest.
1128 silly tarball no local data for fast-deep-equal@https://registry.npmjs.org/fast-deep-equal/-/fast-deep-equal-3.1.3.tgz. Extracting by manifest.
1129 silly tarball no local data for expect-type@https://registry.npmjs.org/expect-type/-/expect-type-1.3.0.tgz. Extracting by manifest.
1130 silly tarball no local data for eventemitter3@https://registry.npmjs.org/eventemitter3/-/eventemitter3-4.0.7.tgz. Extracting by manifest.
1131 silly tarball no local data for estree-walker@https://registry.npmjs.org/estree-walker/-/estree-walker-3.0.3.tgz. Extracting by manifest.
1132 silly tarball no local data for esutils@https://registry.npmjs.org/esutils/-/esutils-2.0.3.tgz. Extracting by manifest.
1133 silly tarball no local data for estraverse@https://registry.npmjs.org/estraverse/-/estraverse-5.3.0.tgz. Extracting by manifest.
1134 silly tarball no local data for esrecurse@https://registry.npmjs.org/esrecurse/-/esrecurse-4.3.0.tgz. Extracting by manifest.
1135 silly tarball no local data for esquery@https://registry.npmjs.org/esquery/-/esquery-1.7.0.tgz. Extracting by manifest.
1136 silly tarball no local data for eslint-visitor-keys@https://registry.npmjs.org/eslint-visitor-keys/-/eslint-visitor-keys-5.0.1.tgz. Extracting by manifest.
1137 silly tarball no local data for eslint-scope@https://registry.npmjs.org/eslint-scope/-/eslint-scope-9.1.2.tgz. Extracting by manifest.
1138 silly tarball no local data for escape-string-regexp@https://registry.npmjs.org/escape-string-regexp/-/escape-string-regexp-4.0.0.tgz. Extracting by manifest.
1139 silly tarball no local data for escape-goat@https://registry.npmjs.org/escape-goat/-/escape-goat-4.0.0.tgz. Extracting by manifest.
1140 silly tarball no local data for es-to-primitive@https://registry.npmjs.org/es-to-primitive/-/es-to-primitive-1.3.0.tgz. Extracting by manifest.
1141 silly tarball no local data for escalade@https://registry.npmjs.org/escalade/-/escalade-3.2.0.tgz. Extracting by manifest.
1142 silly tarball no local data for es-set-tostringtag@https://registry.npmjs.org/es-set-tostringtag/-/es-set-tostringtag-2.1.0.tgz. Extracting by manifest.
1143 silly tarball no local data for es-object-atoms@https://registry.npmjs.org/es-object-atoms/-/es-object-atoms-1.1.1.tgz. Extracting by manifest.
1144 silly tarball no local data for es-errors@https://registry.npmjs.org/es-errors/-/es-errors-1.3.0.tgz. Extracting by manifest.
1145 silly tarball no local data for es-module-lexer@https://registry.npmjs.org/es-module-lexer/-/es-module-lexer-2.0.0.tgz. Extracting by manifest.
1146 silly tarball no local data for es-define-property@https://registry.npmjs.org/es-define-property/-/es-define-property-1.0.1.tgz. Extracting by manifest.
1147 silly tarball no local data for es-abstract@https://registry.npmjs.org/es-abstract/-/es-abstract-1.24.2.tgz. Extracting by manifest.
1148 silly tarball no local data for error-ex@https://registry.npmjs.org/error-ex/-/error-ex-1.3.4.tgz. Extracting by manifest.
1149 silly tarball no local data for entities@https://registry.npmjs.org/entities/-/entities-8.0.0.tgz. Extracting by manifest.
1150 silly tarball no local data for emoji-regex@https://registry.npmjs.org/emoji-regex/-/emoji-regex-8.0.0.tgz. Extracting by manifest.
1151 silly tarball no local data for electron-to-chromium@https://registry.npmjs.org/electron-to-chromium/-/electron-to-chromium-1.5.340.tgz. Extracting by manifest.
1152 silly tarball no local data for ejs@https://registry.npmjs.org/ejs/-/ejs-3.1.10.tgz. Extracting by manifest.
1153 silly tarball no local data for dunder-proto@https://registry.npmjs.org/dunder-proto/-/dunder-proto-1.0.1.tgz. Extracting by manifest.
1154 silly tarball no local data for dot-prop@https://registry.npmjs.org/dot-prop/-/dot-prop-9.0.0.tgz. Extracting by manifest.
1155 silly tarball no local data for dom-accessibility-api@https://registry.npmjs.org/dom-accessibility-api/-/dom-accessibility-api-0.5.16.tgz. Extracting by manifest.
1156 silly tarball no local data for detect-libc@https://registry.npmjs.org/detect-libc/-/detect-libc-2.1.2.tgz. Extracting by manifest.
1157 silly tarball no local data for dequal@https://registry.npmjs.org/dequal/-/dequal-2.0.3.tgz. Extracting by manifest.
1158 silly tarball no local data for delegates@https://registry.npmjs.org/delegates/-/delegates-1.0.0.tgz. Extracting by manifest.
1159 silly tarball no local data for define-properties@https://registry.npmjs.org/define-properties/-/define-properties-1.2.1.tgz. Extracting by manifest.
1160 silly tarball no local data for define-data-property@https://registry.npmjs.org/define-data-property/-/define-data-property-1.1.4.tgz. Extracting by manifest.
1161 silly tarball no local data for deepmerge@https://registry.npmjs.org/deepmerge/-/deepmerge-4.3.1.tgz. Extracting by manifest.
1162 silly tarball no local data for defaults@https://registry.npmjs.org/defaults/-/defaults-1.0.4.tgz. Extracting by manifest.
1163 silly tarball no local data for deep-is@https://registry.npmjs.org/deep-is/-/deep-is-0.1.4.tgz. Extracting by manifest.
1164 silly tarball no local data for decamelize-keys@https://registry.npmjs.org/decamelize-keys/-/decamelize-keys-1.1.1.tgz. Extracting by manifest.
1165 silly tarball no local data for decimal.js@https://registry.npmjs.org/decimal.js/-/decimal.js-10.6.0.tgz. Extracting by manifest.
1166 silly tarball no local data for decamelize@https://registry.npmjs.org/decamelize/-/decamelize-1.2.0.tgz. Extracting by manifest.
1167 silly tarball no local data for debug@https://registry.npmjs.org/debug/-/debug-4.4.3.tgz. Extracting by manifest.
1168 silly tarball no local data for data-view-byte-offset@https://registry.npmjs.org/data-view-byte-offset/-/data-view-byte-offset-1.0.1.tgz. Extracting by manifest.
1169 silly tarball no local data for deep-extend@https://registry.npmjs.org/deep-extend/-/deep-extend-0.6.0.tgz. Extracting by manifest.
1170 silly tarball no local data for data-view-buffer@https://registry.npmjs.org/data-view-buffer/-/data-view-buffer-1.0.2.tgz. Extracting by manifest.
1171 silly tarball no local data for data-view-byte-length@https://registry.npmjs.org/data-view-byte-length/-/data-view-byte-length-1.0.2.tgz. Extracting by manifest.
1172 silly tarball no local data for data-urls@https://registry.npmjs.org/data-urls/-/data-urls-7.0.0.tgz. Extracting by manifest.
1173 silly tarball no local data for css-tree@https://registry.npmjs.org/css-tree/-/css-tree-3.2.1.tgz. Extracting by manifest.
1174 silly tarball no local data for crypto-random-string@https://registry.npmjs.org/crypto-random-string/-/crypto-random-string-2.0.0.tgz. Extracting by manifest.
1175 silly tarball no local data for cross-spawn@https://registry.npmjs.org/cross-spawn/-/cross-spawn-7.0.6.tgz. Extracting by manifest.
1176 silly tarball no local data for corser@https://registry.npmjs.org/corser/-/corser-2.0.1.tgz. Extracting by manifest.
1177 silly tarball no local data for core-js-compat@https://registry.npmjs.org/core-js-compat/-/core-js-compat-3.49.0.tgz. Extracting by manifest.
1178 silly tarball no local data for console-control-strings@https://registry.npmjs.org/console-control-strings/-/console-control-strings-1.1.0.tgz. Extracting by manifest.
1179 silly tarball no local data for convert-source-map@https://registry.npmjs.org/convert-source-map/-/convert-source-map-2.0.0.tgz. Extracting by manifest.
1180 silly tarball no local data for configstore@https://registry.npmjs.org/configstore/-/configstore-7.1.0.tgz. Extracting by manifest.
1181 silly tarball no local data for config-chain@https://registry.npmjs.org/config-chain/-/config-chain-1.1.13.tgz. Extracting by manifest.
1182 silly tarball no local data for concat-map@https://registry.npmjs.org/concat-map/-/concat-map-0.0.1.tgz. Extracting by manifest.
1183 silly tarball no local data for commander@https://registry.npmjs.org/commander/-/commander-2.20.3.tgz. Extracting by manifest.
1184 silly tarball no local data for common-tags@https://registry.npmjs.org/common-tags/-/common-tags-1.8.2.tgz. Extracting by manifest.
1185 silly tarball no local data for strip-comments@https://registry.npmjs.org/strip-comments/-/strip-comments-2.0.1.tgz. Extracting by manifest.
1186 silly tarball no local data for color-name@https://registry.npmjs.org/color-name/-/color-name-1.1.4.tgz. Extracting by manifest.
1187 silly tarball no local data for color-support@https://registry.npmjs.org/color-support/-/color-support-1.1.3.tgz. Extracting by manifest.
1188 silly tarball no local data for color-convert@https://registry.npmjs.org/color-convert/-/color-convert-2.0.1.tgz. Extracting by manifest.
1189 silly tarball no local data for clone@https://registry.npmjs.org/clone/-/clone-1.0.4.tgz. Extracting by manifest.
1190 silly tarball no local data for cli-width@https://registry.npmjs.org/cli-width/-/cli-width-3.0.0.tgz. Extracting by manifest.
1191 silly tarball no local data for cli-spinners@https://registry.npmjs.org/cli-spinners/-/cli-spinners-2.9.2.tgz. Extracting by manifest.
1192 silly tarball no local data for cli-cursor@https://registry.npmjs.org/cli-cursor/-/cli-cursor-3.1.0.tgz. Extracting by manifest.
1193 silly tarball no local data for cli-boxes@https://registry.npmjs.org/cli-boxes/-/cli-boxes-3.0.0.tgz. Extracting by manifest.
1194 silly tarball no local data for chardet@https://registry.npmjs.org/chardet/-/chardet-0.7.0.tgz. Extracting by manifest.
1195 silly tarball no local data for chokidar@https://registry.npmjs.org/chokidar/-/chokidar-3.6.0.tgz. Extracting by manifest.
1196 silly tarball no local data for chalk@https://registry.npmjs.org/chalk/-/chalk-4.1.2.tgz. Extracting by manifest.
1197 silly tarball no local data for chai@https://registry.npmjs.org/chai/-/chai-6.2.2.tgz. Extracting by manifest.
1198 silly tarball no local data for caniuse-lite@https://registry.npmjs.org/caniuse-lite/-/caniuse-lite-1.0.30001788.tgz. Extracting by manifest.
1199 silly tarball no local data for camelcase-keys@https://registry.npmjs.org/camelcase-keys/-/camelcase-keys-6.2.2.tgz. Extracting by manifest.
1200 silly tarball no local data for camelcase@https://registry.npmjs.org/camelcase/-/camelcase-5.3.1.tgz. Extracting by manifest.
1201 silly tarball no local data for call-bound@https://registry.npmjs.org/call-bound/-/call-bound-1.0.4.tgz. Extracting by manifest.
1202 silly tarball no local data for call-bind@https://registry.npmjs.org/call-bind/-/call-bind-1.0.9.tgz. Extracting by manifest.
1203 silly tarball no local data for call-bind-apply-helpers@https://registry.npmjs.org/call-bind-apply-helpers/-/call-bind-apply-helpers-1.0.2.tgz. Extracting by manifest.
1204 silly tarball no local data for buffer-from@https://registry.npmjs.org/buffer-from/-/buffer-from-1.1.2.tgz. Extracting by manifest.
1205 silly tarball no local data for buffer@https://registry.npmjs.org/buffer/-/buffer-5.7.1.tgz. Extracting by manifest.
1206 silly tarball no local data for browserslist@https://registry.npmjs.org/browserslist/-/browserslist-4.28.2.tgz. Extracting by manifest.
1207 silly tarball no local data for braces@https://registry.npmjs.org/braces/-/braces-3.0.3.tgz. Extracting by manifest.
1208 silly tarball no local data for brace-expansion@https://registry.npmjs.org/brace-expansion/-/brace-expansion-1.1.14.tgz. Extracting by manifest.
1209 silly tarball no local data for boxen@https://registry.npmjs.org/boxen/-/boxen-8.0.1.tgz. Extracting by manifest.
1210 silly tarball no local data for bl@https://registry.npmjs.org/bl/-/bl-4.1.0.tgz. Extracting by manifest.
1211 silly tarball no local data for binary-extensions@https://registry.npmjs.org/binary-extensions/-/binary-extensions-2.3.0.tgz. Extracting by manifest.
1212 silly tarball no local data for bidi-js@https://registry.npmjs.org/bidi-js/-/bidi-js-1.0.3.tgz. Extracting by manifest.
1213 silly tarball no local data for basic-auth@https://registry.npmjs.org/basic-auth/-/basic-auth-2.0.1.tgz. Extracting by manifest.
1214 silly tarball no local data for base64-js@https://registry.npmjs.org/base64-js/-/base64-js-1.5.1.tgz. Extracting by manifest.
1215 silly tarball no local data for balanced-match@https://registry.npmjs.org/balanced-match/-/balanced-match-1.0.2.tgz. Extracting by manifest.
1216 silly tarball no local data for babel-plugin-polyfill-regenerator@https://registry.npmjs.org/babel-plugin-polyfill-regenerator/-/babel-plugin-polyfill-regenerator-0.6.8.tgz. Extracting by manifest.
1217 silly tarball no local data for babel-plugin-polyfill-corejs3@https://registry.npmjs.org/babel-plugin-polyfill-corejs3/-/babel-plugin-polyfill-corejs3-0.14.2.tgz. Extracting by manifest.
1218 silly tarball no local data for baseline-browser-mapping@https://registry.npmjs.org/baseline-browser-mapping/-/baseline-browser-mapping-2.10.20.tgz. Extracting by manifest.
1219 silly tarball no local data for babel-plugin-polyfill-corejs2@https://registry.npmjs.org/babel-plugin-polyfill-corejs2/-/babel-plugin-polyfill-corejs2-0.4.17.tgz. Extracting by manifest.
1220 silly tarball no local data for available-typed-arrays@https://registry.npmjs.org/available-typed-arrays/-/available-typed-arrays-1.0.7.tgz. Extracting by manifest.
1221 silly tarball no local data for at-least-node@https://registry.npmjs.org/at-least-node/-/at-least-node-1.0.0.tgz. Extracting by manifest.
1222 silly tarball no local data for async-function@https://registry.npmjs.org/async-function/-/async-function-1.0.0.tgz. Extracting by manifest.
1223 silly tarball no local data for atomically@https://registry.npmjs.org/atomically/-/atomically-2.1.1.tgz. Extracting by manifest.
1224 silly tarball no local data for async@https://registry.npmjs.org/async/-/async-3.2.6.tgz. Extracting by manifest.
1225 silly tarball no local data for assertion-error@https://registry.npmjs.org/assertion-error/-/assertion-error-2.0.1.tgz. Extracting by manifest.
1226 silly tarball no local data for arrify@https://registry.npmjs.org/arrify/-/arrify-1.0.1.tgz. Extracting by manifest.
1227 silly tarball no local data for array-buffer-byte-length@https://registry.npmjs.org/array-buffer-byte-length/-/array-buffer-byte-length-1.0.2.tgz. Extracting by manifest.
1228 silly tarball no local data for aria-query@https://registry.npmjs.org/aria-query/-/aria-query-5.3.0.tgz. Extracting by manifest.
1229 silly tarball no local data for arraybuffer.prototype.slice@https://registry.npmjs.org/arraybuffer.prototype.slice/-/arraybuffer.prototype.slice-1.0.4.tgz. Extracting by manifest.
1230 silly tarball no local data for are-we-there-yet@https://registry.npmjs.org/are-we-there-yet/-/are-we-there-yet-2.0.0.tgz. Extracting by manifest.
1231 silly tarball no local data for aproba@https://registry.npmjs.org/aproba/-/aproba-2.1.0.tgz. Extracting by manifest.
1232 silly tarball no local data for anymatch@https://registry.npmjs.org/anymatch/-/anymatch-3.1.3.tgz. Extracting by manifest.
1233 silly tarball no local data for ansi-styles@https://registry.npmjs.org/ansi-styles/-/ansi-styles-4.3.0.tgz. Extracting by manifest.
1234 silly tarball no local data for ansi-regex@https://registry.npmjs.org/ansi-regex/-/ansi-regex-5.0.1.tgz. Extracting by manifest.
1235 silly tarball no local data for ansi-escapes@https://registry.npmjs.org/ansi-escapes/-/ansi-escapes-4.3.2.tgz. Extracting by manifest.
1236 silly tarball no local data for ajv@https://registry.npmjs.org/ajv/-/ajv-6.14.0.tgz. Extracting by manifest.
1237 silly tarball no local data for ansi-align@https://registry.npmjs.org/ansi-align/-/ansi-align-3.0.1.tgz. Extracting by manifest.
1238 silly tarball no local data for agent-base@https://registry.npmjs.org/agent-base/-/agent-base-6.0.2.tgz. Extracting by manifest.
1239 silly tarball no local data for acorn-jsx@https://registry.npmjs.org/acorn-jsx/-/acorn-jsx-5.3.2.tgz. Extracting by manifest.
1240 silly tarball no local data for acorn@https://registry.npmjs.org/acorn/-/acorn-8.16.0.tgz. Extracting by manifest.
1241 silly tarball no local data for @vitest/utils@https://registry.npmjs.org/@vitest/utils/-/utils-4.1.4.tgz. Extracting by manifest.
1242 silly tarball no local data for @vitest/spy@https://registry.npmjs.org/@vitest/spy/-/spy-4.1.4.tgz. Extracting by manifest.
1243 silly tarball no local data for abbrev@https://registry.npmjs.org/abbrev/-/abbrev-1.1.1.tgz. Extracting by manifest.
1244 silly tarball no local data for @vitest/snapshot@https://registry.npmjs.org/@vitest/snapshot/-/snapshot-4.1.4.tgz. Extracting by manifest.
1245 silly tarball no local data for @vitest/runner@https://registry.npmjs.org/@vitest/runner/-/runner-4.1.4.tgz. Extracting by manifest.
1246 silly tarball no local data for @vitest/pretty-format@https://registry.npmjs.org/@vitest/pretty-format/-/pretty-format-4.1.4.tgz. Extracting by manifest.
1247 silly tarball no local data for @vitest/mocker@https://registry.npmjs.org/@vitest/mocker/-/mocker-4.1.4.tgz. Extracting by manifest.
1248 silly tarball no local data for @vitest/expect@https://registry.npmjs.org/@vitest/expect/-/expect-4.1.4.tgz. Extracting by manifest.
1249 silly tarball no local data for @types/trusted-types@https://registry.npmjs.org/@types/trusted-types/-/trusted-types-2.0.7.tgz. Extracting by manifest.
1250 silly tarball no local data for @types/resolve@https://registry.npmjs.org/@types/resolve/-/resolve-1.20.2.tgz. Extracting by manifest.
1251 silly tarball no local data for @types/normalize-package-data@https://registry.npmjs.org/@types/normalize-package-data/-/normalize-package-data-2.4.4.tgz. Extracting by manifest.
1252 silly tarball no local data for @types/minimist@https://registry.npmjs.org/@types/minimist/-/minimist-1.2.5.tgz. Extracting by manifest.
1253 silly tarball no local data for @types/json-schema@https://registry.npmjs.org/@types/json-schema/-/json-schema-7.0.15.tgz. Extracting by manifest.
1254 silly tarball no local data for @types/estree@https://registry.npmjs.org/@types/estree/-/estree-1.0.8.tgz. Extracting by manifest.
1255 silly tarball no local data for @types/esrecurse@https://registry.npmjs.org/@types/esrecurse/-/esrecurse-4.3.1.tgz. Extracting by manifest.
1256 silly tarball no local data for @types/deep-eql@https://registry.npmjs.org/@types/deep-eql/-/deep-eql-4.0.2.tgz. Extracting by manifest.
1257 silly tarball no local data for @types/chai@https://registry.npmjs.org/@types/chai/-/chai-5.2.3.tgz. Extracting by manifest.
1258 silly tarball no local data for @types/aria-query@https://registry.npmjs.org/@types/aria-query/-/aria-query-5.0.4.tgz. Extracting by manifest.
1259 silly tarball no local data for @surma/rollup-plugin-off-main-thread@https://registry.npmjs.org/@surma/rollup-plugin-off-main-thread/-/rollup-plugin-off-main-thread-2.2.3.tgz. Extracting by manifest.
1260 silly tarball no local data for @rollup/pluginutils@https://registry.npmjs.org/@rollup/pluginutils/-/pluginutils-3.1.0.tgz. Extracting by manifest.
1261 silly tarball no local data for @standard-schema/spec@https://registry.npmjs.org/@standard-schema/spec/-/spec-1.1.0.tgz. Extracting by manifest.
1262 silly tarball no local data for @rollup/plugin-terser@https://registry.npmjs.org/@rollup/plugin-terser/-/plugin-terser-0.4.4.tgz. Extracting by manifest.
1263 silly tarball no local data for @rollup/plugin-replace@https://registry.npmjs.org/@rollup/plugin-replace/-/plugin-replace-2.4.2.tgz. Extracting by manifest.
1264 silly tarball no local data for @rollup/plugin-node-resolve@https://registry.npmjs.org/@rollup/plugin-node-resolve/-/plugin-node-resolve-15.3.1.tgz. Extracting by manifest.
1265 silly tarball no local data for @rollup/plugin-babel@https://registry.npmjs.org/@rollup/plugin-babel/-/plugin-babel-5.3.1.tgz. Extracting by manifest.
1266 silly tarball no local data for @rolldown/pluginutils@https://registry.npmjs.org/@rolldown/pluginutils/-/pluginutils-1.0.0-rc.16.tgz. Extracting by manifest.
1267 silly tarball no local data for @rolldown/binding-linux-x64-gnu@https://registry.npmjs.org/@rolldown/binding-linux-x64-gnu/-/binding-linux-x64-gnu-1.0.0-rc.16.tgz. Extracting by manifest.
1268 silly tarball no local data for @pnpm/network.ca-file@https://registry.npmjs.org/@pnpm/network.ca-file/-/network.ca-file-1.0.2.tgz. Extracting by manifest.
1269 silly tarball no local data for @pnpm/npm-conf@https://registry.npmjs.org/@pnpm/npm-conf/-/npm-conf-3.0.2.tgz. Extracting by manifest.
1270 silly tarball no local data for @pnpm/config.env-replace@https://registry.npmjs.org/@pnpm/config.env-replace/-/config.env-replace-1.1.0.tgz. Extracting by manifest.
1271 silly tarball no local data for @oxc-project/types@https://registry.npmjs.org/@oxc-project/types/-/types-0.126.0.tgz. Extracting by manifest.
1272 silly tarball no local data for @mapbox/node-pre-gyp@https://registry.npmjs.org/@mapbox/node-pre-gyp/-/node-pre-gyp-1.0.11.tgz. Extracting by manifest.
1273 silly tarball no local data for @kurkle/color@https://registry.npmjs.org/@kurkle/color/-/color-0.3.4.tgz. Extracting by manifest.
1274 silly tarball no local data for @jridgewell/trace-mapping@https://registry.npmjs.org/@jridgewell/trace-mapping/-/trace-mapping-0.3.31.tgz. Extracting by manifest.
1275 silly tarball no local data for @jridgewell/sourcemap-codec@https://registry.npmjs.org/@jridgewell/sourcemap-codec/-/sourcemap-codec-1.5.5.tgz. Extracting by manifest.
1276 silly tarball no local data for @jridgewell/source-map@https://registry.npmjs.org/@jridgewell/source-map/-/source-map-0.3.11.tgz. Extracting by manifest.
1277 silly tarball no local data for @jridgewell/resolve-uri@https://registry.npmjs.org/@jridgewell/resolve-uri/-/resolve-uri-3.1.2.tgz. Extracting by manifest.
1278 silly tarball no local data for @jridgewell/remapping@https://registry.npmjs.org/@jridgewell/remapping/-/remapping-2.3.5.tgz. Extracting by manifest.
1279 silly tarball no local data for @jridgewell/gen-mapping@https://registry.npmjs.org/@jridgewell/gen-mapping/-/gen-mapping-0.3.13.tgz. Extracting by manifest.
1280 silly tarball no local data for @img/sharp-linux-x64@https://registry.npmjs.org/@img/sharp-linux-x64/-/sharp-linux-x64-0.34.5.tgz. Extracting by manifest.
1281 silly tarball no local data for @isaacs/cliui@https://registry.npmjs.org/@isaacs/cliui/-/cliui-9.0.0.tgz. Extracting by manifest.
1282 silly tarball no local data for @img/sharp-libvips-linux-x64@https://registry.npmjs.org/@img/sharp-libvips-linux-x64/-/sharp-libvips-linux-x64-1.2.4.tgz. Extracting by manifest.
1283 silly tarball no local data for @humanwhocodes/retry@https://registry.npmjs.org/@humanwhocodes/retry/-/retry-0.4.3.tgz. Extracting by manifest.
1284 silly tarball no local data for @humanwhocodes/module-importer@https://registry.npmjs.org/@humanwhocodes/module-importer/-/module-importer-1.0.1.tgz. Extracting by manifest.
1285 silly tarball no local data for @humanfs/types@https://registry.npmjs.org/@humanfs/types/-/types-0.15.0.tgz. Extracting by manifest.
1286 silly tarball no local data for @humanfs/node@https://registry.npmjs.org/@humanfs/node/-/node-0.16.8.tgz. Extracting by manifest.
1287 silly tarball no local data for @humanfs/core@https://registry.npmjs.org/@humanfs/core/-/core-0.19.2.tgz. Extracting by manifest.
1288 silly tarball no local data for @img/colour@https://registry.npmjs.org/@img/colour/-/colour-1.1.0.tgz. Extracting by manifest.
1289 silly tarball no local data for @exodus/bytes@https://registry.npmjs.org/@exodus/bytes/-/bytes-1.15.0.tgz. Extracting by manifest.
1290 silly tarball no local data for @eslint/plugin-kit@https://registry.npmjs.org/@eslint/plugin-kit/-/plugin-kit-0.7.1.tgz. Extracting by manifest.
1291 silly tarball no local data for @eslint/object-schema@https://registry.npmjs.org/@eslint/object-schema/-/object-schema-3.0.5.tgz. Extracting by manifest.
1292 silly tarball no local data for @eslint/core@https://registry.npmjs.org/@eslint/core/-/core-1.2.1.tgz. Extracting by manifest.
1293 silly tarball no local data for @eslint/config-helpers@https://registry.npmjs.org/@eslint/config-helpers/-/config-helpers-0.5.5.tgz. Extracting by manifest.
1294 silly tarball no local data for @eslint/config-array@https://registry.npmjs.org/@eslint/config-array/-/config-array-0.23.5.tgz. Extracting by manifest.
1295 silly tarball no local data for @eslint-community/eslint-utils@https://registry.npmjs.org/@eslint-community/eslint-utils/-/eslint-utils-4.9.1.tgz. Extracting by manifest.
1296 silly tarball no local data for @eslint-community/regexpp@https://registry.npmjs.org/@eslint-community/regexpp/-/regexpp-4.12.2.tgz. Extracting by manifest.
1297 silly tarball no local data for @esbuild/linux-x64@https://registry.npmjs.org/@esbuild/linux-x64/-/linux-x64-0.28.0.tgz. Extracting by manifest.
1298 silly tarball no local data for @csstools/css-tokenizer@https://registry.npmjs.org/@csstools/css-tokenizer/-/css-tokenizer-4.0.0.tgz. Extracting by manifest.
1299 silly tarball no local data for @emnapi/runtime@https://registry.npmjs.org/@emnapi/runtime/-/runtime-1.10.0.tgz. Extracting by manifest.
1300 silly tarball no local data for @csstools/css-syntax-patches-for-csstree@https://registry.npmjs.org/@csstools/css-syntax-patches-for-csstree/-/css-syntax-patches-for-csstree-1.1.3.tgz. Extracting by manifest.
1301 silly tarball no local data for @csstools/css-parser-algorithms@https://registry.npmjs.org/@csstools/css-parser-algorithms/-/css-parser-algorithms-4.0.0.tgz. Extracting by manifest.
1302 silly tarball no local data for @csstools/css-color-parser@https://registry.npmjs.org/@csstools/css-color-parser/-/css-color-parser-4.1.0.tgz. Extracting by manifest.
1303 silly tarball no local data for @csstools/css-calc@https://registry.npmjs.org/@csstools/css-calc/-/css-calc-3.2.0.tgz. Extracting by manifest.
1304 silly tarball no local data for @bramus/specificity@https://registry.npmjs.org/@bramus/specificity/-/specificity-2.4.2.tgz. Extracting by manifest.
1305 silly tarball no local data for @csstools/color-helpers@https://registry.npmjs.org/@csstools/color-helpers/-/color-helpers-6.0.2.tgz. Extracting by manifest.
1306 silly tarball no local data for @babel/types@https://registry.npmjs.org/@babel/types/-/types-7.29.0.tgz. Extracting by manifest.
1307 silly tarball no local data for @babel/template@https://registry.npmjs.org/@babel/template/-/template-7.28.6.tgz. Extracting by manifest.
1308 silly tarball no local data for @babel/traverse@https://registry.npmjs.org/@babel/traverse/-/traverse-7.29.0.tgz. Extracting by manifest.
1309 silly tarball no local data for @babel/runtime@https://registry.npmjs.org/@babel/runtime/-/runtime-7.29.2.tgz. Extracting by manifest.
1310 silly tarball no local data for @babel/preset-env@https://registry.npmjs.org/@babel/preset-env/-/preset-env-7.29.2.tgz. Extracting by manifest.
1311 silly tarball no local data for @babel/plugin-transform-unicode-sets-regex@https://registry.npmjs.org/@babel/plugin-transform-unicode-sets-regex/-/plugin-transform-unicode-sets-regex-7.28.6.tgz. Extracting by manifest.
1312 silly tarball no local data for @babel/plugin-transform-unicode-regex@https://registry.npmjs.org/@babel/plugin-transform-unicode-regex/-/plugin-transform-unicode-regex-7.27.1.tgz. Extracting by manifest.
1313 silly tarball no local data for @babel/preset-modules@https://registry.npmjs.org/@babel/preset-modules/-/preset-modules-0.1.6-no-external-plugins.tgz. Extracting by manifest.
1314 silly tarball no local data for @babel/plugin-transform-unicode-property-regex@https://registry.npmjs.org/@babel/plugin-transform-unicode-property-regex/-/plugin-transform-unicode-property-regex-7.28.6.tgz. Extracting by manifest.
1315 silly tarball no local data for @babel/plugin-transform-typeof-symbol@https://registry.npmjs.org/@babel/plugin-transform-typeof-symbol/-/plugin-transform-typeof-symbol-7.27.1.tgz. Extracting by manifest.
1316 silly tarball no local data for @babel/plugin-transform-unicode-escapes@https://registry.npmjs.org/@babel/plugin-transform-unicode-escapes/-/plugin-transform-unicode-escapes-7.27.1.tgz. Extracting by manifest.
1317 silly tarball no local data for @babel/plugin-transform-template-literals@https://registry.npmjs.org/@babel/plugin-transform-template-literals/-/plugin-transform-template-literals-7.27.1.tgz. Extracting by manifest.
1318 silly tarball no local data for @babel/plugin-transform-sticky-regex@https://registry.npmjs.org/@babel/plugin-transform-sticky-regex/-/plugin-transform-sticky-regex-7.27.1.tgz. Extracting by manifest.
1319 silly tarball no local data for @babel/plugin-transform-shorthand-properties@https://registry.npmjs.org/@babel/plugin-transform-shorthand-properties/-/plugin-transform-shorthand-properties-7.27.1.tgz. Extracting by manifest.
1320 silly tarball no local data for @babel/plugin-transform-spread@https://registry.npmjs.org/@babel/plugin-transform-spread/-/plugin-transform-spread-7.28.6.tgz. Extracting by manifest.
1321 silly tarball no local data for @babel/plugin-transform-reserved-words@https://registry.npmjs.org/@babel/plugin-transform-reserved-words/-/plugin-transform-reserved-words-7.27.1.tgz. Extracting by manifest.
1322 silly tarball no local data for @babel/plugin-transform-regexp-modifiers@https://registry.npmjs.org/@babel/plugin-transform-regexp-modifiers/-/plugin-transform-regexp-modifiers-7.28.6.tgz. Extracting by manifest.
1323 silly tarball no local data for @babel/plugin-transform-regenerator@https://registry.npmjs.org/@babel/plugin-transform-regenerator/-/plugin-transform-regenerator-7.29.0.tgz. Extracting by manifest.
1324 silly tarball no local data for @babel/plugin-transform-private-property-in-object@https://registry.npmjs.org/@babel/plugin-transform-private-property-in-object/-/plugin-transform-private-property-in-object-7.28.6.tgz. Extracting by manifest.
1325 silly tarball no local data for @babel/plugin-transform-property-literals@https://registry.npmjs.org/@babel/plugin-transform-property-literals/-/plugin-transform-property-literals-7.27.1.tgz. Extracting by manifest.
1326 silly tarball no local data for @babel/plugin-transform-private-methods@https://registry.npmjs.org/@babel/plugin-transform-private-methods/-/plugin-transform-private-methods-7.28.6.tgz. Extracting by manifest.
1327 silly tarball no local data for @babel/plugin-transform-parameters@https://registry.npmjs.org/@babel/plugin-transform-parameters/-/plugin-transform-parameters-7.27.7.tgz. Extracting by manifest.
1328 silly tarball no local data for @babel/plugin-transform-optional-chaining@https://registry.npmjs.org/@babel/plugin-transform-optional-chaining/-/plugin-transform-optional-chaining-7.28.6.tgz. Extracting by manifest.
1329 silly tarball no local data for @babel/plugin-transform-optional-catch-binding@https://registry.npmjs.org/@babel/plugin-transform-optional-catch-binding/-/plugin-transform-optional-catch-binding-7.28.6.tgz. Extracting by manifest.
1330 silly tarball no local data for @babel/plugin-transform-object-super@https://registry.npmjs.org/@babel/plugin-transform-object-super/-/plugin-transform-object-super-7.27.1.tgz. Extracting by manifest.
1331 silly tarball no local data for @babel/plugin-transform-numeric-separator@https://registry.npmjs.org/@babel/plugin-transform-numeric-separator/-/plugin-transform-numeric-separator-7.28.6.tgz. Extracting by manifest.
1332 silly tarball no local data for @babel/plugin-transform-object-rest-spread@https://registry.npmjs.org/@babel/plugin-transform-object-rest-spread/-/plugin-transform-object-rest-spread-7.28.6.tgz. Extracting by manifest.
1333 silly tarball no local data for @babel/plugin-transform-nullish-coalescing-operator@https://registry.npmjs.org/@babel/plugin-transform-nullish-coalescing-operator/-/plugin-transform-nullish-coalescing-operator-7.28.6.tgz. Extracting by manifest.
1334 silly tarball no local data for @babel/plugin-transform-new-target@https://registry.npmjs.org/@babel/plugin-transform-new-target/-/plugin-transform-new-target-7.27.1.tgz. Extracting by manifest.
1335 silly tarball no local data for @babel/plugin-transform-named-capturing-groups-regex@https://registry.npmjs.org/@babel/plugin-transform-named-capturing-groups-regex/-/plugin-transform-named-capturing-groups-regex-7.29.0.tgz. Extracting by manifest.
1336 silly tarball no local data for @babel/plugin-transform-modules-umd@https://registry.npmjs.org/@babel/plugin-transform-modules-umd/-/plugin-transform-modules-umd-7.27.1.tgz. Extracting by manifest.
1337 silly tarball no local data for @babel/plugin-transform-modules-systemjs@https://registry.npmjs.org/@babel/plugin-transform-modules-systemjs/-/plugin-transform-modules-systemjs-7.29.0.tgz. Extracting by manifest.
1338 silly tarball no local data for @babel/plugin-transform-modules-commonjs@https://registry.npmjs.org/@babel/plugin-transform-modules-commonjs/-/plugin-transform-modules-commonjs-7.28.6.tgz. Extracting by manifest.
1339 silly tarball no local data for @babel/plugin-transform-member-expression-literals@https://registry.npmjs.org/@babel/plugin-transform-member-expression-literals/-/plugin-transform-member-expression-literals-7.27.1.tgz. Extracting by manifest.
1340 silly tarball no local data for @babel/plugin-transform-modules-amd@https://registry.npmjs.org/@babel/plugin-transform-modules-amd/-/plugin-transform-modules-amd-7.27.1.tgz. Extracting by manifest.
1341 silly tarball no local data for @babel/plugin-transform-logical-assignment-operators@https://registry.npmjs.org/@babel/plugin-transform-logical-assignment-operators/-/plugin-transform-logical-assignment-operators-7.28.6.tgz. Extracting by manifest.
1342 silly tarball no local data for @babel/plugin-transform-literals@https://registry.npmjs.org/@babel/plugin-transform-literals/-/plugin-transform-literals-7.27.1.tgz. Extracting by manifest.
1343 silly tarball no local data for @babel/plugin-transform-json-strings@https://registry.npmjs.org/@babel/plugin-transform-json-strings/-/plugin-transform-json-strings-7.28.6.tgz. Extracting by manifest.
1344 silly tarball no local data for @babel/plugin-transform-function-name@https://registry.npmjs.org/@babel/plugin-transform-function-name/-/plugin-transform-function-name-7.27.1.tgz. Extracting by manifest.
1345 silly tarball no local data for @babel/plugin-transform-for-of@https://registry.npmjs.org/@babel/plugin-transform-for-of/-/plugin-transform-for-of-7.27.1.tgz. Extracting by manifest.
1346 silly tarball no local data for @babel/plugin-transform-explicit-resource-management@https://registry.npmjs.org/@babel/plugin-transform-explicit-resource-management/-/plugin-transform-explicit-resource-management-7.28.6.tgz. Extracting by manifest.
1347 silly tarball no local data for @babel/plugin-transform-exponentiation-operator@https://registry.npmjs.org/@babel/plugin-transform-exponentiation-operator/-/plugin-transform-exponentiation-operator-7.28.6.tgz. Extracting by manifest.
1348 silly tarball no local data for @babel/plugin-transform-export-namespace-from@https://registry.npmjs.org/@babel/plugin-transform-export-namespace-from/-/plugin-transform-export-namespace-from-7.27.1.tgz. Extracting by manifest.
1349 silly tarball no local data for @babel/plugin-transform-dynamic-import@https://registry.npmjs.org/@babel/plugin-transform-dynamic-import/-/plugin-transform-dynamic-import-7.27.1.tgz. Extracting by manifest.
1350 silly tarball no local data for @babel/plugin-transform-duplicate-named-capturing-groups-regex@https://registry.npmjs.org/@babel/plugin-transform-duplicate-named-capturing-groups-regex/-/plugin-transform-duplicate-named-capturing-groups-regex-7.29.0.tgz. Extracting by manifest.
1351 silly tarball no local data for @babel/plugin-transform-dotall-regex@https://registry.npmjs.org/@babel/plugin-transform-dotall-regex/-/plugin-transform-dotall-regex-7.28.6.tgz. Extracting by manifest.
1352 silly tarball no local data for @babel/plugin-transform-duplicate-keys@https://registry.npmjs.org/@babel/plugin-transform-duplicate-keys/-/plugin-transform-duplicate-keys-7.27.1.tgz. Extracting by manifest.
1353 silly tarball no local data for @babel/plugin-transform-destructuring@https://registry.npmjs.org/@babel/plugin-transform-destructuring/-/plugin-transform-destructuring-7.28.5.tgz. Extracting by manifest.
1354 silly tarball no local data for @babel/plugin-transform-classes@https://registry.npmjs.org/@babel/plugin-transform-classes/-/plugin-transform-classes-7.28.6.tgz. Extracting by manifest.
1355 silly tarball no local data for @babel/plugin-transform-computed-properties@https://registry.npmjs.org/@babel/plugin-transform-computed-properties/-/plugin-transform-computed-properties-7.28.6.tgz. Extracting by manifest.
1356 silly tarball no local data for @babel/plugin-transform-class-static-block@https://registry.npmjs.org/@babel/plugin-transform-class-static-block/-/plugin-transform-class-static-block-7.28.6.tgz. Extracting by manifest.
1357 silly tarball no local data for @babel/plugin-transform-class-properties@https://registry.npmjs.org/@babel/plugin-transform-class-properties/-/plugin-transform-class-properties-7.28.6.tgz. Extracting by manifest.
1358 silly tarball no local data for @babel/plugin-transform-block-scoping@https://registry.npmjs.org/@babel/plugin-transform-block-scoping/-/plugin-transform-block-scoping-7.28.6.tgz. Extracting by manifest.
1359 silly tarball no local data for @babel/plugin-transform-block-scoped-functions@https://registry.npmjs.org/@babel/plugin-transform-block-scoped-functions/-/plugin-transform-block-scoped-functions-7.27.1.tgz. Extracting by manifest.
1360 silly tarball no local data for @babel/plugin-transform-async-to-generator@https://registry.npmjs.org/@babel/plugin-transform-async-to-generator/-/plugin-transform-async-to-generator-7.28.6.tgz. Extracting by manifest.
1361 silly tarball no local data for @babel/plugin-transform-async-generator-functions@https://registry.npmjs.org/@babel/plugin-transform-async-generator-functions/-/plugin-transform-async-generator-functions-7.29.0.tgz. Extracting by manifest.
1362 silly tarball no local data for @babel/plugin-transform-arrow-functions@https://registry.npmjs.org/@babel/plugin-transform-arrow-functions/-/plugin-transform-arrow-functions-7.27.1.tgz. Extracting by manifest.
1363 silly tarball no local data for @babel/plugin-syntax-unicode-sets-regex@https://registry.npmjs.org/@babel/plugin-syntax-unicode-sets-regex/-/plugin-syntax-unicode-sets-regex-7.18.6.tgz. Extracting by manifest.
1364 silly tarball no local data for @babel/plugin-syntax-import-assertions@https://registry.npmjs.org/@babel/plugin-syntax-import-assertions/-/plugin-syntax-import-assertions-7.28.6.tgz. Extracting by manifest.
1365 silly tarball no local data for @babel/plugin-proposal-private-property-in-object@https://registry.npmjs.org/@babel/plugin-proposal-private-property-in-object/-/plugin-proposal-private-property-in-object-7.21.0-placeholder-for-preset-env.2.tgz. Extracting by manifest.
1366 silly tarball no local data for @babel/plugin-syntax-import-attributes@https://registry.npmjs.org/@babel/plugin-syntax-import-attributes/-/plugin-syntax-import-attributes-7.28.6.tgz. Extracting by manifest.
1367 silly tarball no local data for @babel/plugin-bugfix-v8-static-class-fields-redefine-readonly@https://registry.npmjs.org/@babel/plugin-bugfix-v8-static-class-fields-redefine-readonly/-/plugin-bugfix-v8-static-class-fields-redefine-readonly-7.28.6.tgz. Extracting by manifest.
1368 silly tarball no local data for @babel/plugin-bugfix-v8-spread-parameters-in-optional-chaining@https://registry.npmjs.org/@babel/plugin-bugfix-v8-spread-parameters-in-optional-chaining/-/plugin-bugfix-v8-spread-parameters-in-optional-chaining-7.27.1.tgz. Extracting by manifest.
1369 silly tarball no local data for @babel/plugin-bugfix-safari-class-field-initializer-scope@https://registry.npmjs.org/@babel/plugin-bugfix-safari-class-field-initializer-scope/-/plugin-bugfix-safari-class-field-initializer-scope-7.27.1.tgz. Extracting by manifest.
1370 silly tarball no local data for @babel/plugin-bugfix-firefox-class-in-computed-class-key@https://registry.npmjs.org/@babel/plugin-bugfix-firefox-class-in-computed-class-key/-/plugin-bugfix-firefox-class-in-computed-class-key-7.28.5.tgz. Extracting by manifest.
1371 silly tarball no local data for @babel/plugin-bugfix-safari-id-destructuring-collision-in-function-expression@https://registry.npmjs.org/@babel/plugin-bugfix-safari-id-destructuring-collision-in-function-expression/-/plugin-bugfix-safari-id-destructuring-collision-in-function-expression-7.27.1.tgz. Extracting by manifest.
1372 silly tarball no local data for @babel/parser@https://registry.npmjs.org/@babel/parser/-/parser-7.29.2.tgz. Extracting by manifest.
1373 silly tarball no local data for @babel/helper-validator-option@https://registry.npmjs.org/@babel/helper-validator-option/-/helper-validator-option-7.27.1.tgz. Extracting by manifest.
1374 silly tarball no local data for @babel/helper-wrap-function@https://registry.npmjs.org/@babel/helper-wrap-function/-/helper-wrap-function-7.28.6.tgz. Extracting by manifest.
1375 silly tarball no local data for @babel/helpers@https://registry.npmjs.org/@babel/helpers/-/helpers-7.29.2.tgz. Extracting by manifest.
1376 silly tarball no local data for @babel/helper-validator-identifier@https://registry.npmjs.org/@babel/helper-validator-identifier/-/helper-validator-identifier-7.28.5.tgz. Extracting by manifest.
1377 silly tarball no local data for @babel/helper-string-parser@https://registry.npmjs.org/@babel/helper-string-parser/-/helper-string-parser-7.27.1.tgz. Extracting by manifest.
1378 silly tarball no local data for @babel/helper-skip-transparent-expression-wrappers@https://registry.npmjs.org/@babel/helper-skip-transparent-expression-wrappers/-/helper-skip-transparent-expression-wrappers-7.27.1.tgz. Extracting by manifest.
1379 silly tarball no local data for @babel/helper-replace-supers@https://registry.npmjs.org/@babel/helper-replace-supers/-/helper-replace-supers-7.28.6.tgz. Extracting by manifest.
1380 silly tarball no local data for @babel/helper-remap-async-to-generator@https://registry.npmjs.org/@babel/helper-remap-async-to-generator/-/helper-remap-async-to-generator-7.27.1.tgz. Extracting by manifest.
1381 silly tarball no local data for @babel/helper-plugin-utils@https://registry.npmjs.org/@babel/helper-plugin-utils/-/helper-plugin-utils-7.28.6.tgz. Extracting by manifest.
1382 silly tarball no local data for @babel/helper-optimise-call-expression@https://registry.npmjs.org/@babel/helper-optimise-call-expression/-/helper-optimise-call-expression-7.27.1.tgz. Extracting by manifest.
1383 silly tarball no local data for @babel/helper-module-transforms@https://registry.npmjs.org/@babel/helper-module-transforms/-/helper-module-transforms-7.28.6.tgz. Extracting by manifest.
1384 silly tarball no local data for @babel/helper-module-imports@https://registry.npmjs.org/@babel/helper-module-imports/-/helper-module-imports-7.28.6.tgz. Extracting by manifest.
1385 silly tarball no local data for @babel/helper-member-expression-to-functions@https://registry.npmjs.org/@babel/helper-member-expression-to-functions/-/helper-member-expression-to-functions-7.28.5.tgz. Extracting by manifest.
1386 silly tarball no local data for @babel/helper-define-polyfill-provider@https://registry.npmjs.org/@babel/helper-define-polyfill-provider/-/helper-define-polyfill-provider-0.6.8.tgz. Extracting by manifest.
1387 silly tarball no local data for @babel/helper-globals@https://registry.npmjs.org/@babel/helper-globals/-/helper-globals-7.28.0.tgz. Extracting by manifest.
1388 silly tarball no local data for @babel/helper-create-regexp-features-plugin@https://registry.npmjs.org/@babel/helper-create-regexp-features-plugin/-/helper-create-regexp-features-plugin-7.28.5.tgz. Extracting by manifest.
1389 silly tarball no local data for @babel/helper-create-class-features-plugin@https://registry.npmjs.org/@babel/helper-create-class-features-plugin/-/helper-create-class-features-plugin-7.28.6.tgz. Extracting by manifest.
1390 silly tarball no local data for @babel/helper-compilation-targets@https://registry.npmjs.org/@babel/helper-compilation-targets/-/helper-compilation-targets-7.28.6.tgz. Extracting by manifest.
1391 silly tarball no local data for @babel/helper-annotate-as-pure@https://registry.npmjs.org/@babel/helper-annotate-as-pure/-/helper-annotate-as-pure-7.27.3.tgz. Extracting by manifest.
1392 silly tarball no local data for @babel/generator@https://registry.npmjs.org/@babel/generator/-/generator-7.29.1.tgz. Extracting by manifest.
1393 silly tarball no local data for @babel/core@https://registry.npmjs.org/@babel/core/-/core-7.29.0.tgz. Extracting by manifest.
1394 silly tarball no local data for @babel/compat-data@https://registry.npmjs.org/@babel/compat-data/-/compat-data-7.29.0.tgz. Extracting by manifest.
1395 silly tarball no local data for @babel/code-frame@https://registry.npmjs.org/@babel/code-frame/-/code-frame-7.29.0.tgz. Extracting by manifest.
1396 silly tarball no local data for @asamuzakjp/nwsapi@https://registry.npmjs.org/@asamuzakjp/nwsapi/-/nwsapi-2.3.9.tgz. Extracting by manifest.
1397 silly tarball no local data for @asamuzakjp/generational-cache@https://registry.npmjs.org/@asamuzakjp/generational-cache/-/generational-cache-1.0.1.tgz. Extracting by manifest.
1398 silly tarball no local data for @asamuzakjp/dom-selector@https://registry.npmjs.org/@asamuzakjp/dom-selector/-/dom-selector-7.1.1.tgz. Extracting by manifest.
1399 silly tarball no local data for @asamuzakjp/css-color@https://registry.npmjs.org/@asamuzakjp/css-color/-/css-color-5.1.11.tgz. Extracting by manifest.
1400 silly tarball no local data for @testing-library/dom@https://registry.npmjs.org/@testing-library/dom/-/dom-10.4.1.tgz. Extracting by manifest.
1401 silly tarball no local data for @fortawesome/fontawesome-free@https://registry.npmjs.org/@fortawesome/fontawesome-free/-/fontawesome-free-7.2.0.tgz. Extracting by manifest.
1402 silly tarball no local data for @fontsource/playfair-display@https://registry.npmjs.org/@fontsource/playfair-display/-/playfair-display-5.2.8.tgz. Extracting by manifest.
1403 silly tarball no local data for @fontsource/jetbrains-mono@https://registry.npmjs.org/@fontsource/jetbrains-mono/-/jetbrains-mono-5.2.8.tgz. Extracting by manifest.
1404 silly tarball no local data for @fontsource/inter@https://registry.npmjs.org/@fontsource/inter/-/inter-5.2.8.tgz. Extracting by manifest.
1405 silly tarball no local data for vitest@https://registry.npmjs.org/vitest/-/vitest-4.1.4.tgz. Extracting by manifest.
1406 silly tarball no local data for @eslint/js@https://registry.npmjs.org/@eslint/js/-/js-10.0.1.tgz. Extracting by manifest.
1407 silly tarball no local data for workbox-cli@https://registry.npmjs.org/workbox-cli/-/workbox-cli-7.4.0.tgz. Extracting by manifest.
1408 silly tarball no local data for sharp@https://registry.npmjs.org/sharp/-/sharp-0.34.5.tgz. Extracting by manifest.
1409 silly tarball no local data for pdfjs-dist@https://registry.npmjs.org/pdfjs-dist/-/pdfjs-dist-3.11.174.tgz. Extracting by manifest.
1410 silly tarball no local data for jsdom@https://registry.npmjs.org/jsdom/-/jsdom-29.0.2.tgz. Extracting by manifest.
1411 silly tarball no local data for marked@https://registry.npmjs.org/marked/-/marked-9.1.6.tgz. Extracting by manifest.
1412 silly tarball no local data for http-server@https://registry.npmjs.org/http-server/-/http-server-14.1.1.tgz. Extracting by manifest.
1413 silly tarball no local data for fuse.js@https://registry.npmjs.org/fuse.js/-/fuse.js-7.0.0.tgz. Extracting by manifest.
1414 silly tarball no local data for globals@https://registry.npmjs.org/globals/-/globals-17.5.0.tgz. Extracting by manifest.
1415 silly tarball no local data for fake-indexeddb@https://registry.npmjs.org/fake-indexeddb/-/fake-indexeddb-6.2.5.tgz. Extracting by manifest.
1416 silly tarball no local data for eslint@https://registry.npmjs.org/eslint/-/eslint-10.2.1.tgz. Extracting by manifest.
1417 silly tarball no local data for esbuild@https://registry.npmjs.org/esbuild/-/esbuild-0.28.0.tgz. Extracting by manifest.
1418 silly tarball no local data for dompurify@https://registry.npmjs.org/dompurify/-/dompurify-3.4.0.tgz. Extracting by manifest.
1419 silly tarball no local data for chart.js@https://registry.npmjs.org/chart.js/-/chart.js-4.5.1.tgz. Extracting by manifest.
1420 silly tarball no local data for strip-ansi@https://registry.npmjs.org/strip-ansi/-/strip-ansi-7.2.0.tgz. Extracting by manifest.
1421 silly tarball no local data for string-width@https://registry.npmjs.org/string-width/-/string-width-7.2.0.tgz. Extracting by manifest.
1422 silly tarball no local data for emoji-regex@https://registry.npmjs.org/emoji-regex/-/emoji-regex-10.6.0.tgz. Extracting by manifest.
1423 silly tarball no local data for ansi-styles@https://registry.npmjs.org/ansi-styles/-/ansi-styles-6.2.3.tgz. Extracting by manifest.
1424 silly tarball no local data for minipass@https://registry.npmjs.org/minipass/-/minipass-7.1.3.tgz. Extracting by manifest.
1425 silly tarball no local data for minimatch@https://registry.npmjs.org/minimatch/-/minimatch-10.2.5.tgz. Extracting by manifest.
1426 silly tarball no local data for ansi-regex@https://registry.npmjs.org/ansi-regex/-/ansi-regex-6.2.2.tgz. Extracting by manifest.
1427 silly tarball no local data for json-schema-traverse@https://registry.npmjs.org/json-schema-traverse/-/json-schema-traverse-1.0.0.tgz. Extracting by manifest.
1428 silly tarball no local data for glob@https://registry.npmjs.org/glob/-/glob-11.1.0.tgz. Extracting by manifest.
1429 silly tarball no local data for brace-expansion@https://registry.npmjs.org/brace-expansion/-/brace-expansion-5.0.5.tgz. Extracting by manifest.
1430 silly tarball no local data for balanced-match@https://registry.npmjs.org/balanced-match/-/balanced-match-4.0.4.tgz. Extracting by manifest.
1431 silly tarball no local data for ajv@https://registry.npmjs.org/ajv/-/ajv-8.18.0.tgz. Extracting by manifest.
1432 silly tarball no local data for @apideck/better-ajv-errors@https://registry.npmjs.org/@apideck/better-ajv-errors/-/better-ajv-errors-0.3.7.tgz. Extracting by manifest.
1433 silly tarball no local data for strip-ansi@https://registry.npmjs.org/strip-ansi/-/strip-ansi-7.2.0.tgz. Extracting by manifest.
1434 silly tarball no local data for emoji-regex@https://registry.npmjs.org/emoji-regex/-/emoji-regex-10.6.0.tgz. Extracting by manifest.
1435 silly tarball no local data for string-width@https://registry.npmjs.org/string-width/-/string-width-7.2.0.tgz. Extracting by manifest.
1436 silly tarball no local data for ansi-regex@https://registry.npmjs.org/ansi-regex/-/ansi-regex-6.2.2.tgz. Extracting by manifest.
1437 silly tarball no local data for chalk@https://registry.npmjs.org/chalk/-/chalk-5.6.2.tgz. Extracting by manifest.
1438 silly tarball no local data for type-fest@https://registry.npmjs.org/type-fest/-/type-fest-0.16.0.tgz. Extracting by manifest.
1439 silly tarball no local data for source-map@https://registry.npmjs.org/source-map/-/source-map-0.6.1.tgz. Extracting by manifest.
1440 silly tarball no local data for chownr@https://registry.npmjs.org/chownr/-/chownr-2.0.0.tgz. Extracting by manifest.
1441 silly tarball no local data for whatwg-url@https://registry.npmjs.org/whatwg-url/-/whatwg-url-7.1.0.tgz. Extracting by manifest.
1442 silly tarball no local data for webidl-conversions@https://registry.npmjs.org/webidl-conversions/-/webidl-conversions-4.0.2.tgz. Extracting by manifest.
1443 silly tarball no local data for tr46@https://registry.npmjs.org/tr46/-/tr46-1.0.1.tgz. Extracting by manifest.
1444 silly tarball no local data for tslib@https://registry.npmjs.org/tslib/-/tslib-1.14.1.tgz. Extracting by manifest.
1445 silly tarball no local data for picomatch@https://registry.npmjs.org/picomatch/-/picomatch-2.3.2.tgz. Extracting by manifest.
1446 silly tarball no local data for type-fest@https://registry.npmjs.org/type-fest/-/type-fest-0.8.1.tgz. Extracting by manifest.
1447 silly tarball no local data for p-locate@https://registry.npmjs.org/p-locate/-/p-locate-4.1.0.tgz. Extracting by manifest.
1448 silly tarball no local data for p-limit@https://registry.npmjs.org/p-limit/-/p-limit-2.3.0.tgz. Extracting by manifest.
1449 silly tarball no local data for locate-path@https://registry.npmjs.org/locate-path/-/locate-path-5.0.0.tgz. Extracting by manifest.
1450 silly tarball no local data for find-up@https://registry.npmjs.org/find-up/-/find-up-4.1.0.tgz. Extracting by manifest.
1451 silly tarball no local data for type-fest@https://registry.npmjs.org/type-fest/-/type-fest-0.6.0.tgz. Extracting by manifest.
1452 silly tarball no local data for ini@https://registry.npmjs.org/ini/-/ini-1.3.8.tgz. Extracting by manifest.
1453 silly tarball no local data for ansi-styles@https://registry.npmjs.org/ansi-styles/-/ansi-styles-5.2.0.tgz. Extracting by manifest.
1454 silly tarball no local data for minipass@https://registry.npmjs.org/minipass/-/minipass-7.1.3.tgz. Extracting by manifest.
1455 silly tarball no local data for lru-cache@https://registry.npmjs.org/lru-cache/-/lru-cache-11.3.5.tgz. Extracting by manifest.
1456 silly tarball no local data for semver@https://registry.npmjs.org/semver/-/semver-5.7.2.tgz. Extracting by manifest.
1457 silly tarball no local data for whatwg-url@https://registry.npmjs.org/whatwg-url/-/whatwg-url-5.0.0.tgz. Extracting by manifest.
1458 silly tarball no local data for webidl-conversions@https://registry.npmjs.org/webidl-conversions/-/webidl-conversions-3.0.1.tgz. Extracting by manifest.
1459 silly tarball no local data for tr46@https://registry.npmjs.org/tr46/-/tr46-0.0.3.tgz. Extracting by manifest.
1460 silly tarball no local data for minipass@https://registry.npmjs.org/minipass/-/minipass-3.3.6.tgz. Extracting by manifest.
1461 silly tarball no local data for type-fest@https://registry.npmjs.org/type-fest/-/type-fest-0.13.1.tgz. Extracting by manifest.
1462 silly tarball no local data for semver@https://registry.npmjs.org/semver/-/semver-6.3.1.tgz. Extracting by manifest.
1463 silly tarball no local data for yallist@https://registry.npmjs.org/yallist/-/yallist-3.1.1.tgz. Extracting by manifest.
1464 silly tarball no local data for minipass@https://registry.npmjs.org/minipass/-/minipass-3.3.6.tgz. Extracting by manifest.
1465 silly tarball no local data for minimatch@https://registry.npmjs.org/minimatch/-/minimatch-5.1.9.tgz. Extracting by manifest.
1466 silly tarball no local data for signal-exit@https://registry.npmjs.org/signal-exit/-/signal-exit-4.1.0.tgz. Extracting by manifest.
1467 silly tarball no local data for brace-expansion@https://registry.npmjs.org/brace-expansion/-/brace-expansion-2.1.0.tgz. Extracting by manifest.
1468 silly tarball no local data for escape-string-regexp@https://registry.npmjs.org/escape-string-regexp/-/escape-string-regexp-1.0.5.tgz. Extracting by manifest.
1469 silly tarball no local data for iconv-lite@https://registry.npmjs.org/iconv-lite/-/iconv-lite-0.4.24.tgz. Extracting by manifest.
1470 silly tarball no local data for type-fest@https://registry.npmjs.org/type-fest/-/type-fest-4.41.0.tgz. Extracting by manifest.
1471 silly tarball no local data for map-obj@https://registry.npmjs.org/map-obj/-/map-obj-1.0.1.tgz. Extracting by manifest.
1472 silly tarball no local data for ini@https://registry.npmjs.org/ini/-/ini-1.3.8.tgz. Extracting by manifest.
1473 silly tarball no local data for type-fest@https://registry.npmjs.org/type-fest/-/type-fest-4.41.0.tgz. Extracting by manifest.
1474 silly tarball no local data for glob-parent@https://registry.npmjs.org/glob-parent/-/glob-parent-5.1.2.tgz. Extracting by manifest.
1475 silly tarball no local data for strip-ansi@https://registry.npmjs.org/strip-ansi/-/strip-ansi-7.2.0.tgz. Extracting by manifest.
1476 silly tarball no local data for string-width@https://registry.npmjs.org/string-width/-/string-width-7.2.0.tgz. Extracting by manifest.
1477 silly tarball no local data for emoji-regex@https://registry.npmjs.org/emoji-regex/-/emoji-regex-10.6.0.tgz. Extracting by manifest.
1478 silly tarball no local data for chalk@https://registry.npmjs.org/chalk/-/chalk-5.6.2.tgz. Extracting by manifest.
1479 silly tarball no local data for camelcase@https://registry.npmjs.org/camelcase/-/camelcase-8.0.0.tgz. Extracting by manifest.
1480 silly tarball no local data for ansi-regex@https://registry.npmjs.org/ansi-regex/-/ansi-regex-6.2.2.tgz. Extracting by manifest.
1481 silly tarball no local data for semver@https://registry.npmjs.org/semver/-/semver-6.3.1.tgz. Extracting by manifest.
1482 silly tarball no local data for safe-buffer@https://registry.npmjs.org/safe-buffer/-/safe-buffer-5.1.2.tgz. Extracting by manifest.
1483 silly tarball no local data for picomatch@https://registry.npmjs.org/picomatch/-/picomatch-2.3.2.tgz. Extracting by manifest.
1484 silly tarball no local data for magic-string@https://registry.npmjs.org/magic-string/-/magic-string-0.25.9.tgz. Extracting by manifest.
1485 silly tarball no local data for picomatch@https://registry.npmjs.org/picomatch/-/picomatch-2.3.2.tgz. Extracting by manifest.
1486 silly tarball no local data for estree-walker@https://registry.npmjs.org/estree-walker/-/estree-walker-1.0.1.tgz. Extracting by manifest.
1487 silly tarball no local data for @types/estree@https://registry.npmjs.org/@types/estree/-/estree-0.0.39.tgz. Extracting by manifest.
1488 silly tarball no local data for magic-string@https://registry.npmjs.org/magic-string/-/magic-string-0.25.9.tgz. Extracting by manifest.
1489 silly tarball no local data for estree-walker@https://registry.npmjs.org/estree-walker/-/estree-walker-2.0.2.tgz. Extracting by manifest.
1490 silly tarball no local data for @rollup/pluginutils@https://registry.npmjs.org/@rollup/pluginutils/-/pluginutils-5.3.0.tgz. Extracting by manifest.
1491 silly tarball no local data for graceful-fs@https://registry.npmjs.org/graceful-fs/-/graceful-fs-4.2.10.tgz. Extracting by manifest.
1492 silly tarball no local data for minimatch@https://registry.npmjs.org/minimatch/-/minimatch-10.2.5.tgz. Extracting by manifest.
1493 silly tarball no local data for brace-expansion@https://registry.npmjs.org/brace-expansion/-/brace-expansion-5.0.5.tgz. Extracting by manifest.
1494 silly tarball no local data for balanced-match@https://registry.npmjs.org/balanced-match/-/balanced-match-4.0.4.tgz. Extracting by manifest.
1495 silly tarball no local data for eslint-visitor-keys@https://registry.npmjs.org/eslint-visitor-keys/-/eslint-visitor-keys-3.4.3.tgz. Extracting by manifest.
1496 silly tarball no local data for semver@https://registry.npmjs.org/semver/-/semver-6.3.1.tgz. Extracting by manifest.
1497 silly tarball no local data for semver@https://registry.npmjs.org/semver/-/semver-6.3.1.tgz. Extracting by manifest.
1498 silly tarball no local data for semver@https://registry.npmjs.org/semver/-/semver-6.3.1.tgz. Extracting by manifest.
1499 silly tarball no local data for semver@https://registry.npmjs.org/semver/-/semver-6.3.1.tgz. Extracting by manifest.
1500 silly tarball no local data for semver@https://registry.npmjs.org/semver/-/semver-6.3.1.tgz. Extracting by manifest.
1501 silly tarball no local data for minipass@https://registry.npmjs.org/minipass/-/minipass-7.1.3.tgz. Extracting by manifest.
1502 silly tarball no local data for minimatch@https://registry.npmjs.org/minimatch/-/minimatch-10.2.5.tgz. Extracting by manifest.
1503 silly tarball no local data for glob@https://registry.npmjs.org/glob/-/glob-11.1.0.tgz. Extracting by manifest.
1504 silly tarball no local data for brace-expansion@https://registry.npmjs.org/brace-expansion/-/brace-expansion-5.0.5.tgz. Extracting by manifest.
1505 silly tarball no local data for balanced-match@https://registry.npmjs.org/balanced-match/-/balanced-match-4.0.4.tgz. Extracting by manifest.
1506 silly tarball no local data for mimic-response@https://registry.npmjs.org/mimic-response/-/mimic-response-2.1.0.tgz. Extracting by manifest.
1507 silly tarball no local data for simple-get@https://registry.npmjs.org/simple-get/-/simple-get-3.1.1.tgz. Extracting by manifest.
1508 silly tarball no local data for decompress-response@https://registry.npmjs.org/decompress-response/-/decompress-response-4.2.1.tgz. Extracting by manifest.
1509 silly tarball no local data for canvas@https://registry.npmjs.org/canvas/-/canvas-2.11.2.tgz. Extracting by manifest.
1510 silly tarball no local data for lru-cache@https://registry.npmjs.org/lru-cache/-/lru-cache-11.3.5.tgz. Extracting by manifest.
1511 silly tarball no local data for html-encoding-sniffer@https://registry.npmjs.org/html-encoding-sniffer/-/html-encoding-sniffer-6.0.0.tgz. Extracting by manifest.
1512 silly tarball no local data for minimatch@https://registry.npmjs.org/minimatch/-/minimatch-10.2.5.tgz. Extracting by manifest.
1513 silly tarball no local data for brace-expansion@https://registry.npmjs.org/brace-expansion/-/brace-expansion-5.0.5.tgz. Extracting by manifest.
1514 silly tarball no local data for balanced-match@https://registry.npmjs.org/balanced-match/-/balanced-match-4.0.4.tgz. Extracting by manifest.
1515 http fetch POST 200 https://registry.npmjs.org/-/npm/v1/security/advisories/bulk 1248ms
1516 silly audit report {
1516 silly audit report   '@babel/plugin-transform-modules-systemjs': [
1516 silly audit report     {
1516 silly audit report       id: 1120258,
1516 silly audit report       url: 'https://github.com/advisories/GHSA-fv7c-fp4j-7gwp',
1516 silly audit report       title: '@babel/plugin-transform-modules-systemjs generates arbitrary code when compiling malicious input',
1516 silly audit report       severity: 'high',
1516 silly audit report       vulnerable_versions: '>=7.12.0 <=7.29.3',
1516 silly audit report       cwe: [Array],
1516 silly audit report       cvss: [Object]
1516 silly audit report     }
1516 silly audit report   ],
1516 silly audit report   'brace-expansion': [
1516 silly audit report     {
1516 silly audit report       id: 1120311,
1516 silly audit report       url: 'https://github.com/advisories/GHSA-jxxr-4gwj-5jf2',
1516 silly audit report       title: 'brace-expansion: Large numeric range defeats documented `max` DoS protection',
1516 silly audit report       severity: 'moderate',
1516 silly audit report       vulnerable_versions: '>=5.0.0 <5.0.6',
1516 silly audit report       cwe: [Array],
1516 silly audit report       cvss: [Object]
1516 silly audit report     }
1516 silly audit report   ],
1516 silly audit report   esbuild: [
1516 silly audit report     {
1516 silly audit report       id: 1120679,
1516 silly audit report       url: 'https://github.com/advisories/GHSA-gv7w-rqvm-qjhr',
1516 silly audit report       title: 'esbuild: Missing binary integrity verification in Deno module enables remote code execution via NPM_CONFIG_REGISTRY',
1516 silly audit report       severity: 'high',
1516 silly audit report       vulnerable_versions: '>=0.17.0 <0.28.1',
1516 silly audit report       cwe: [Array],
1516 silly audit report       cvss: [Object]
1516 silly audit report     },
1516 silly audit report     {
1516 silly audit report       id: 1120680,
1516 silly audit report       url: 'https://github.com/advisories/GHSA-g7r4-m6w7-qqqr',
1516 silly audit report       title: 'esbuild allows arbitrary file read when running the development server on Windows',
1516 silly audit report       severity: 'low',
1516 silly audit report       vulnerable_versions: '>=0.27.3 <0.28.1',
1516 silly audit report       cwe: [Array],
1516 silly audit report       cvss: [Object]
1516 silly audit report     }
1516 silly audit report   ],
1516 silly audit report   'fast-uri': [
1516 silly audit report     {
1516 silly audit report       id: 1117884,
1516 silly audit report       url: 'https://github.com/advisories/GHSA-v39h-62p7-jpjc',
1516 silly audit report       title: 'fast-uri vulnerable to host confusion via percent-encoded authority delimiters',
1516 silly audit report       severity: 'high',
1516 silly audit report       vulnerable_versions: '<=3.1.1',
1516 silly audit report       cwe: [Array],
1516 silly audit report       cvss: [Object]
1516 silly audit report     },
1516 silly audit report     {
1516 silly audit report       id: 1117870,
1516 silly audit report       url: 'https://github.com/advisories/GHSA-q3j6-qgpj-74h6',
1516 silly audit report       title: 'fast-uri vulnerable to path traversal via percent-encoded dot segments',
1516 silly audit report       severity: 'high',
1516 silly audit report       vulnerable_versions: '<=3.1.0',
1516 silly audit report       cwe: [Array],
1516 silly audit report       cvss: [Object]
1516 silly audit report     }
1516 silly audit report   ],
1516 silly audit report   'pdfjs-dist': [
1516 silly audit report     {
1516 silly audit report       id: 1118732,
1516 silly audit report       url: 'https://github.com/advisories/GHSA-wgrm-67xf-hhpq',
1516 silly audit report       title: 'PDF.js vulnerable to arbitrary JavaScript execution upon opening a malicious PDF',
1516 silly audit report       severity: 'high',
1516 silly audit report       vulnerable_versions: '<=4.1.392',
1516 silly audit report       cwe: [Array],
1516 silly audit report       cvss: [Object]
1516 silly audit report     }
1516 silly audit report   ],
1516 silly audit report   qs: [
1516 silly audit report     {
1516 silly audit report       id: 1119502,
1516 silly audit report       url: 'https://github.com/advisories/GHSA-q8mj-m7cp-5q26',
1516 silly audit report       title: 'qs has a remotely triggerable DoS: qs.stringify crashes with TypeError on null/undefined entries in comma-format arrays when encodeValuesOnly is set',
1516 silly audit report       severity: 'moderate',
1516 silly audit report       vulnerable_versions: '>=6.11.1 <=6.15.1',
1516 silly audit report       cwe: [Array],
1516 silly audit report       cvss: [Object]
1516 silly audit report     }
1516 silly audit report   ],
1516 silly audit report   'serialize-javascript': [
1516 silly audit report     {
1516 silly audit report       id: 1119440,
1516 silly audit report       url: 'https://github.com/advisories/GHSA-qj8w-gfj5-8c6v',
1516 silly audit report       title: 'Serialize JavaScript has CPU Exhaustion Denial of Service via crafted array-like objects',
1516 silly audit report       severity: 'moderate',
1516 silly audit report       vulnerable_versions: '>=5.0.0 <7.0.5',
1516 silly audit report       cwe: [Array],
1516 silly audit report       cvss: [Object]
1516 silly audit report     },
1516 silly audit report     {
1516 silly audit report       id: 1113686,
1516 silly audit report       url: 'https://github.com/advisories/GHSA-5c6j-r48x-rmvq',
1516 silly audit report       title: 'Serialize JavaScript is Vulnerable to RCE via RegExp.flags and Date.prototype.toISOString()',
1516 silly audit report       severity: 'high',
1516 silly audit report       vulnerable_versions: '<=7.0.2',
1516 silly audit report       cwe: [Array],
1516 silly audit report       cvss: [Object]
1516 silly audit report     }
1516 silly audit report   ],
1516 silly audit report   tar: [
1516 silly audit report     {
1516 silly audit report       id: 1112659,
1516 silly audit report       url: 'https://github.com/advisories/GHSA-34x7-hfp2-rc4v',
1516 silly audit report       title: 'node-tar Vulnerable to Arbitrary File Creation/Overwrite via Hardlink Path Traversal',
1516 silly audit report       severity: 'high',
1516 silly audit report       vulnerable_versions: '<7.5.7',
1516 silly audit report       cwe: [Array],
1516 silly audit report       cvss: [Object]
1516 silly audit report     },
1516 silly audit report     {
1516 silly audit report       id: 1113300,
1516 silly audit report       url: 'https://github.com/advisories/GHSA-8qq5-rm4j-mr97',
1516 silly audit report       title: 'node-tar is Vulnerable to Arbitrary File Overwrite and Symlink Poisoning via Insufficient Path Sanitization',
1516 silly audit report       severity: 'high',
1516 silly audit report       vulnerable_versions: '<=7.5.2',
1516 silly audit report       cwe: [Array],
1516 silly audit report       cvss: [Object]
1516 silly audit report     },
1516 silly audit report     {
1516 silly audit report       id: 1113375,
1516 silly audit report       url: 'https://github.com/advisories/GHSA-83g3-92jg-28cx',
1516 silly audit report       title: 'Arbitrary File Read/Write via Hardlink Target Escape Through Symlink Chain in node-tar Extraction',
1516 silly audit report       severity: 'high',
1516 silly audit report       vulnerable_versions: '<7.5.8',
1516 silly audit report       cwe: [Array],
1516 silly audit report       cvss: [Object]
1516 silly audit report     },
1516 silly audit report     {
1516 silly audit report       id: 1114200,
1516 silly audit report       url: 'https://github.com/advisories/GHSA-qffp-2rhf-9h96',
1516 silly audit report       title: 'tar has Hardlink Path Traversal via Drive-Relative Linkpath',
1516 silly audit report       severity: 'high',
1516 silly audit report       vulnerable_versions: '<=7.5.9',
1516 silly audit report       cwe: [Array],
1516 silly audit report       cvss: [Object]
1516 silly audit report     },
1516 silly audit report     {
1516 silly audit report       id: 1114302,
1516 silly audit report       url: 'https://github.com/advisories/GHSA-9ppj-qmqm-q256',
1516 silly audit report       title: 'node-tar Symlink Path Traversal via Drive-Relative Linkpath',
1516 silly audit report       severity: 'high',
1516 silly audit report       vulnerable_versions: '<=7.5.10',
1516 silly audit report       cwe: [Array],
1516 silly audit report       cvss: [Object]
1516 silly audit report     },
1516 silly audit report     {
1516 silly audit report       id: 1114680,
1516 silly audit report       url: 'https://github.com/advisories/GHSA-r6q2-hw4h-h46w',
1516 silly audit report       title: 'Race Condition in node-tar Path Reservations via Unicode Ligature Collisions on macOS APFS',
1516 silly audit report       severity: 'high',
1516 silly audit report       vulnerable_versions: '<=7.5.3',
1516 silly audit report       cwe: [Array],
1516 silly audit report       cvss: [Object]
1516 silly audit report     }
1516 silly audit report   ],
1516 silly audit report   tmp: [
1516 silly audit report     {
1516 silly audit report       id: 1109537,
1516 silly audit report       url: 'https://github.com/advisories/GHSA-52f5-9888-hmc6',
1516 silly audit report       title: 'tmp allows arbitrary temporary file / directory write via symbolic link `dir` parameter',
1516 silly audit report       severity: 'low',
1516 silly audit report       vulnerable_versions: '<=0.2.3',
1516 silly audit report       cwe: [Array],
1516 silly audit report       cvss: [Object]
1516 silly audit report     },
1516 silly audit report     {
1516 silly audit report       id: 1120654,
1516 silly audit report       url: 'https://github.com/advisories/GHSA-ph9p-34f9-6g65',
1516 silly audit report       title: 'tmp has Path Traversal via unsanitized prefix/postfix that enables directory escape',
1516 silly audit report       severity: 'high',
1516 silly audit report       vulnerable_versions: '<0.2.6',
1516 silly audit report       cwe: [Array],
1516 silly audit report       cvss: [Object]
1516 silly audit report     }
1516 silly audit report   ]
1516 silly audit report }
1517 silly packumentCache corgi:https://registry.npmjs.org/@babel%2fplugin-transform-modules-systemjs cache-miss
1518 silly packumentCache corgi:https://registry.npmjs.org/brace-expansion cache-miss
1519 silly packumentCache corgi:https://registry.npmjs.org/esbuild cache-miss
1520 silly packumentCache corgi:https://registry.npmjs.org/fast-uri cache-miss
1521 silly packumentCache corgi:https://registry.npmjs.org/pdfjs-dist cache-miss
1522 silly packumentCache corgi:https://registry.npmjs.org/qs cache-miss
1523 silly packumentCache corgi:https://registry.npmjs.org/serialize-javascript cache-miss
1524 silly packumentCache corgi:https://registry.npmjs.org/tar cache-miss
1525 silly packumentCache corgi:https://registry.npmjs.org/tmp cache-miss
1526 http fetch GET 200 https://registry.npmjs.org/yargs-parser/-/yargs-parser-18.1.3.tgz 1425ms (cache miss)
1527 http fetch GET 200 https://registry.npmjs.org/wrappy/-/wrappy-1.0.2.tgz 1474ms (cache miss)
1528 http fetch GET 200 https://registry.npmjs.org/yallist/-/yallist-4.0.0.tgz 1495ms (cache miss)
1529 http fetch GET 200 https://registry.npmjs.org/which/-/which-2.0.2.tgz 1482ms (cache miss)
1530 http fetch GET 200 https://registry.npmjs.org/wrap-ansi/-/wrap-ansi-9.0.2.tgz 1513ms (cache miss)
1531 http fetch GET 200 https://registry.npmjs.org/yocto-queue/-/yocto-queue-0.1.0.tgz 1546ms (cache miss)
1532 http fetch GET 200 https://registry.npmjs.org/word-wrap/-/word-wrap-1.2.5.tgz 1543ms (cache miss)
1533 http fetch GET 200 https://registry.npmjs.org/widest-line/-/widest-line-5.0.0.tgz 1542ms (cache miss)
1534 http fetch GET 200 https://registry.npmjs.org/xdg-basedir/-/xdg-basedir-5.1.0.tgz 1553ms (cache miss)
1535 http fetch GET 200 https://registry.npmjs.org/webidl-conversions/-/webidl-conversions-8.0.1.tgz 1538ms (cache miss)
1536 http fetch GET 200 https://registry.npmjs.org/universalify/-/universalify-2.0.1.tgz 1555ms (cache miss)
1537 http fetch GET 200 https://registry.npmjs.org/wide-align/-/wide-align-1.1.5.tgz 1565ms (cache miss)
1538 http fetch GET 200 https://registry.npmjs.org/xml-name-validator/-/xml-name-validator-5.0.0.tgz 1575ms (cache miss)
1539 http fetch GET 200 https://registry.npmjs.org/util-deprecate/-/util-deprecate-1.0.2.tgz 1558ms (cache miss)
1540 http fetch GET 200 https://registry.npmjs.org/unicode-match-property-ecmascript/-/unicode-match-property-ecmascript-2.0.0.tgz 1577ms (cache miss)
1541 http fetch GET 200 https://registry.npmjs.org/unicode-canonical-property-names-ecmascript/-/unicode-canonical-property-names-ecmascript-2.0.1.tgz 1577ms (cache miss)
1542 http fetch GET 200 https://registry.npmjs.org/why-is-node-running/-/why-is-node-running-2.3.0.tgz 1589ms (cache miss)
1543 http fetch GET 200 https://registry.npmjs.org/which-builtin-type/-/which-builtin-type-1.2.1.tgz 1588ms (cache miss)
1544 http fetch GET 200 https://registry.npmjs.org/whatwg-encoding/-/whatwg-encoding-2.0.0.tgz 1586ms (cache miss)
1545 warn deprecated whatwg-encoding@2.0.0: Use @exodus/bytes instead for a more spec-conformant and faster implementation
1546 http fetch GET 200 https://registry.npmjs.org/wcwidth/-/wcwidth-1.0.1.tgz 1586ms (cache miss)
1547 http fetch GET 200 https://registry.npmjs.org/trim-newlines/-/trim-newlines-3.0.1.tgz 1577ms (cache miss)
1548 http fetch GET 200 https://registry.npmjs.org/workbox-sw/-/workbox-sw-7.4.0.tgz 1626ms (cache miss)
1549 http fetch GET 200 https://registry.npmjs.org/upath/-/upath-1.2.0.tgz 1627ms (cache miss)
1550 http fetch GET 200 https://registry.npmjs.org/tinyrainbow/-/tinyrainbow-3.1.0.tgz 1620ms (cache miss)
1551 http fetch GET 200 https://registry.npmjs.org/unique-string/-/unique-string-2.0.0.tgz 1643ms (cache miss)
1552 http fetch GET 200 https://registry.npmjs.org/update-browserslist-db/-/update-browserslist-db-1.2.3.tgz 1644ms (cache miss)
1553 http fetch GET 200 https://registry.npmjs.org/typed-array-byte-length/-/typed-array-byte-length-1.0.3.tgz 1640ms (cache miss)
1554 http fetch GET 200 https://registry.npmjs.org/validate-npm-package-license/-/validate-npm-package-license-3.0.4.tgz 1648ms (cache miss)
1555 http fetch GET 200 https://registry.npmjs.org/tinyexec/-/tinyexec-1.1.1.tgz 1636ms (cache miss)
1556 http fetch GET 200 https://registry.npmjs.org/typed-array-length/-/typed-array-length-1.0.7.tgz 1662ms (cache miss)
1557 http fetch GET 200 https://registry.npmjs.org/type-check/-/type-check-0.4.0.tgz 1659ms (cache miss)
1558 http fetch GET 200 https://registry.npmjs.org/typed-array-buffer/-/typed-array-buffer-1.0.3.tgz 1659ms (cache miss)
1559 http fetch GET 200 https://registry.npmjs.org/update-notifier/-/update-notifier-7.3.1.tgz 1668ms (cache miss)
1560 http fetch GET 200 https://registry.npmjs.org/to-regex-range/-/to-regex-range-5.0.1.tgz 1659ms (cache miss)
1561 http fetch GET 200 https://registry.npmjs.org/string.prototype.trimstart/-/string.prototype.trimstart-1.0.8.tgz 1650ms (cache miss)
1562 http fetch GET 200 https://registry.npmjs.org/string_decoder/-/string_decoder-1.3.0.tgz 1649ms (cache miss)
1563 http fetch GET 200 https://registry.npmjs.org/url-join/-/url-join-4.0.1.tgz 1682ms (cache miss)
1564 http fetch GET 200 https://registry.npmjs.org/temp-dir/-/temp-dir-2.0.0.tgz 1671ms (cache miss)
1565 http fetch GET 200 https://registry.npmjs.org/supports-color/-/supports-color-7.2.0.tgz 1671ms (cache miss)
1566 http fetch GET 200 https://registry.npmjs.org/stubborn-utils/-/stubborn-utils-1.0.2.tgz 1671ms (cache miss)
1567 http fetch GET 200 https://registry.npmjs.org/unicode-match-property-value-ecmascript/-/unicode-match-property-value-ecmascript-2.2.1.tgz 1698ms (cache miss)
1568 http fetch GET 200 https://registry.npmjs.org/supports-preserve-symlinks-flag/-/supports-preserve-symlinks-flag-1.0.0.tgz 1688ms (cache miss)
1569 http fetch GET 200 https://registry.npmjs.org/string.prototype.trimend/-/string.prototype.trimend-1.0.9.tgz 1686ms (cache miss)
1570 http fetch GET 200 https://registry.npmjs.org/stubborn-fs/-/stubborn-fs-2.0.0.tgz 1689ms (cache miss)
1571 http fetch GET 200 https://registry.npmjs.org/strip-indent/-/strip-indent-3.0.0.tgz 1687ms (cache miss)
1572 http fetch GET 200 https://registry.npmjs.org/stringify-object/-/stringify-object-3.3.0.tgz 1687ms (cache miss)
1573 http fetch GET 200 https://registry.npmjs.org/spdx-license-ids/-/spdx-license-ids-3.0.23.tgz 1684ms (cache miss)
1574 http fetch GET 200 https://registry.npmjs.org/stackback/-/stackback-0.0.2.tgz 1684ms (cache miss)
1575 http fetch GET 200 https://registry.npmjs.org/stop-iteration-iterator/-/stop-iteration-iterator-1.1.0.tgz 1685ms (cache miss)
1576 http fetch GET 200 https://registry.npmjs.org/side-channel-map/-/side-channel-map-1.0.1.tgz 1679ms (cache miss)
1577 http fetch GET 200 https://registry.npmjs.org/w3c-xmlserializer/-/w3c-xmlserializer-5.0.0.tgz 1726ms (cache miss)
1578 http fetch GET 200 https://registry.npmjs.org/symbol-tree/-/symbol-tree-3.2.4.tgz 1710ms (cache miss)
1579 http fetch GET 200 https://registry.npmjs.org/unicode-property-aliases-ecmascript/-/unicode-property-aliases-ecmascript-2.2.0.tgz 1709ms (cache miss)
1580 http fetch GET 200 https://registry.npmjs.org/strip-json-comments/-/strip-json-comments-2.0.1.tgz 1709ms (cache miss)
1581 http fetch GET 200 https://registry.npmjs.org/strip-ansi/-/strip-ansi-6.0.1.tgz 1708ms (cache miss)
1582 http fetch GET 200 https://registry.npmjs.org/simple-concat/-/simple-concat-1.0.1.tgz 1701ms (cache miss)
1583 http fetch GET 200 https://registry.npmjs.org/siginfo/-/siginfo-2.0.0.tgz 1701ms (cache miss)
1584 http fetch GET 200 https://registry.npmjs.org/whatwg-mimetype/-/whatwg-mimetype-5.0.0.tgz 1749ms (cache miss)
1585 http fetch GET 200 https://registry.npmjs.org/through/-/through-2.3.8.tgz 1734ms (cache miss)
1586 http fetch GET 200 https://registry.npmjs.org/tinybench/-/tinybench-2.9.0.tgz 1734ms (cache miss)
1587 http fetch GET 200 https://registry.npmjs.org/string-width/-/string-width-4.2.3.tgz 1727ms (cache miss)
1588 http fetch GET 200 https://registry.npmjs.org/spdx-exceptions/-/spdx-exceptions-2.5.0.tgz 1724ms (cache miss)
1589 http fetch GET 200 https://registry.npmjs.org/spdx-expression-parse/-/spdx-expression-parse-3.0.1.tgz 1725ms (cache miss)
1590 http fetch GET 200 https://registry.npmjs.org/side-channel-list/-/side-channel-list-1.0.1.tgz 1721ms (cache miss)
1591 http fetch GET 200 https://registry.npmjs.org/set-function-name/-/set-function-name-2.0.2.tgz 1720ms (cache miss)
1592 http fetch GET 200 https://registry.npmjs.org/tmp/-/tmp-0.0.33.tgz 1761ms (cache miss)
1593 http fetch GET 200 https://registry.npmjs.org/tempy/-/tempy-0.6.0.tgz 1758ms (cache miss)
1594 http fetch GET 200 https://registry.npmjs.org/std-env/-/std-env-4.1.0.tgz 1750ms (cache miss)
1595 http fetch GET 200 https://registry.npmjs.org/sourcemap-codec/-/sourcemap-codec-1.4.8.tgz 1748ms (cache miss)
1596 http fetch GET 200 https://registry.npmjs.org/secure-compare/-/secure-compare-3.0.1.tgz 1742ms (cache miss)
1597 http fetch GET 200 https://registry.npmjs.org/requires-port/-/requires-port-1.0.0.tgz 1736ms (cache miss)
1598 http fetch GET 200 https://registry.npmjs.org/registry-url/-/registry-url-6.0.1.tgz 1735ms (cache miss)
1599 http fetch GET 200 https://registry.npmjs.org/side-channel-weakmap/-/side-channel-weakmap-1.0.2.tgz 1770ms (cache miss)
1600 http fetch GET 200 https://registry.npmjs.org/side-channel/-/side-channel-1.1.0.tgz 1769ms (cache miss)
1601 http fetch GET 200 https://registry.npmjs.org/shebang-regex/-/shebang-regex-3.0.0.tgz 1770ms (cache miss)
1602 http fetch GET 200 https://registry.npmjs.org/signal-exit/-/signal-exit-3.0.7.tgz 1769ms (cache miss)
1603 http fetch GET 200 https://registry.npmjs.org/shebang-command/-/shebang-command-2.0.0.tgz 1769ms (cache miss)
1604 http fetch GET 200 https://registry.npmjs.org/serialize-javascript/-/serialize-javascript-6.0.2.tgz 1766ms (cache miss)
1605 http fetch GET 200 https://registry.npmjs.org/safe-regex-test/-/safe-regex-test-1.1.0.tgz 1766ms (cache miss)
1606 http fetch GET 200 https://registry.npmjs.org/safe-push-apply/-/safe-push-apply-1.0.0.tgz 1765ms (cache miss)
1607 http fetch GET 200 https://registry.npmjs.org/restore-cursor/-/restore-cursor-3.1.0.tgz 1763ms (cache miss)
1608 http fetch GET 200 https://registry.npmjs.org/which-collection/-/which-collection-1.0.2.tgz 1826ms (cache miss)
1609 http fetch GET 200 https://registry.npmjs.org/spdx-correct/-/spdx-correct-3.2.0.tgz 1797ms (cache miss)
1610 http fetch GET 200 https://registry.npmjs.org/set-function-length/-/set-function-length-1.2.2.tgz 1791ms (cache miss)
1611 http fetch GET 200 https://registry.npmjs.org/set-blocking/-/set-blocking-2.0.0.tgz 1791ms (cache miss)
1612 http fetch GET 200 https://registry.npmjs.org/safe-array-concat/-/safe-array-concat-1.1.4.tgz 1788ms (cache miss)
1613 http fetch GET 200 https://registry.npmjs.org/safe-buffer/-/safe-buffer-5.2.1.tgz 1788ms (cache miss)
1614 http fetch GET 200 https://registry.npmjs.org/require-from-string/-/require-from-string-2.0.2.tgz 1785ms (cache miss)
1615 http fetch GET 200 https://registry.npmjs.org/regjsgen/-/regjsgen-0.8.0.tgz 1785ms (cache miss)
1616 http fetch GET 200 https://registry.npmjs.org/which-boxed-primitive/-/which-boxed-primitive-1.1.1.tgz 1851ms (cache miss)
1617 http fetch GET 200 https://registry.npmjs.org/redent/-/redent-3.0.0.tgz 1807ms (cache miss)
1618 http fetch GET 200 https://registry.npmjs.org/regenerate/-/regenerate-1.4.2.tgz 1807ms (cache miss)
1619 http fetch GET 200 https://registry.npmjs.org/unbox-primitive/-/unbox-primitive-1.1.0.tgz 1870ms (cache miss)
1620 http fetch GET 200 https://registry.npmjs.org/tinyglobby/-/tinyglobby-0.2.16.tgz 1865ms (cache miss)
1621 http fetch GET 200 https://registry.npmjs.org/safer-buffer/-/safer-buffer-2.1.2.tgz 1845ms (cache miss)
1622 http fetch GET 200 https://registry.npmjs.org/run-async/-/run-async-2.4.1.tgz 1840ms (cache miss)
1623 http fetch GET 200 https://registry.npmjs.org/read-pkg-up/-/read-pkg-up-7.0.1.tgz 1835ms (cache miss)
1624 http fetch GET 200 https://registry.npmjs.org/readdirp/-/readdirp-3.6.0.tgz 1835ms (cache miss)
1625 http fetch GET 200 https://registry.npmjs.org/read-pkg/-/read-pkg-5.2.0.tgz 1836ms (cache miss)
1626 http fetch GET 200 https://registry.npmjs.org/quick-lru/-/quick-lru-4.0.1.tgz 1834ms (cache miss)
1627 http fetch GET 200 https://registry.npmjs.org/registry-auth-token/-/registry-auth-token-5.1.1.tgz 1855ms (cache miss)
1628 http fetch GET 200 https://registry.npmjs.org/react-is/-/react-is-17.0.2.tgz 1852ms (cache miss)
1629 http fetch GET 200 https://registry.npmjs.org/punycode/-/punycode-2.3.1.tgz 1846ms (cache miss)
1630 http fetch GET 200 https://registry.npmjs.org/portfinder/-/portfinder-1.0.38.tgz 1844ms (cache miss)
1631 http fetch GET 200 https://registry.npmjs.org/path-is-absolute/-/path-is-absolute-1.0.1.tgz 1842ms (cache miss)
1632 http fetch GET 200 https://registry.npmjs.org/set-proto/-/set-proto-1.0.0.tgz 1880ms (cache miss)
1633 http fetch GET 200 https://registry.npmjs.org/rimraf/-/rimraf-3.0.2.tgz 1875ms (cache miss)
1634 warn deprecated rimraf@3.0.2: Rimraf versions prior to v4 are no longer supported
1635 http fetch GET 200 https://registry.npmjs.org/rc/-/rc-1.2.8.tgz 1868ms (cache miss)
1636 http fetch GET 200 https://registry.npmjs.org/randombytes/-/randombytes-2.1.0.tgz 1867ms (cache miss)
1637 http fetch GET 200 https://registry.npmjs.org/p-limit/-/p-limit-3.1.0.tgz 1856ms (cache miss)
1638 http fetch GET 200 https://registry.npmjs.org/typed-array-byte-offset/-/typed-array-byte-offset-1.0.4.tgz 1921ms (cache miss)
1639 http fetch GET 200 https://registry.npmjs.org/tslib/-/tslib-2.8.1.tgz 1919ms (cache miss)
1640 http fetch GET 200 https://registry.npmjs.org/pretty-format/-/pretty-format-27.5.1.tgz 1879ms (cache miss)
1641 http fetch GET 200 https://registry.npmjs.org/pretty-bytes/-/pretty-bytes-5.6.0.tgz 1878ms (cache miss)
1642 http fetch GET 200 https://registry.npmjs.org/proto-list/-/proto-list-1.2.4.tgz 1878ms (cache miss)
1643 http fetch GET 200 https://registry.npmjs.org/pupa/-/pupa-3.3.0.tgz 1879ms (cache miss)
1644 http fetch GET 200 https://registry.npmjs.org/path-key/-/path-key-3.1.1.tgz 1876ms (cache miss)
1645 http fetch GET 200 https://registry.npmjs.org/package-json-from-dist/-/package-json-from-dist-1.0.1.tgz 1874ms (cache miss)
1646 http fetch GET 200 https://registry.npmjs.org/path-exists/-/path-exists-4.0.0.tgz 1875ms (cache miss)
1647 http fetch GET 200 https://registry.npmjs.org/which-typed-array/-/which-typed-array-1.1.20.tgz 1950ms (cache miss)
1648 http fetch GET 200 https://registry.npmjs.org/string.prototype.trim/-/string.prototype.trim-1.2.10.tgz 1925ms (cache miss)
1649 http fetch GET 200 https://registry.npmjs.org/string.prototype.matchall/-/string.prototype.matchall-4.0.12.tgz 1924ms (cache miss)
1650 warn deprecated sourcemap-codec@1.4.8: Please use @jridgewell/sourcemap-codec instead
1651 http fetch GET 200 https://registry.npmjs.org/picocolors/-/picocolors-1.1.1.tgz 1893ms (cache miss)
1652 http fetch GET 200 https://registry.npmjs.org/own-keys/-/own-keys-1.0.1.tgz 1889ms (cache miss)
1653 http fetch GET 200 https://registry.npmjs.org/p-try/-/p-try-2.2.0.tgz 1891ms (cache miss)
1654 http fetch GET 200 https://registry.npmjs.org/p-locate/-/p-locate-5.0.0.tgz 1889ms (cache miss)
1655 http fetch GET 200 https://registry.npmjs.org/os-tmpdir/-/os-tmpdir-1.0.2.tgz 1890ms (cache miss)
1656 http fetch GET 200 https://registry.npmjs.org/normalize-package-data/-/normalize-package-data-2.5.0.tgz 1886ms (cache miss)
1657 http fetch GET 200 https://registry.npmjs.org/possible-typed-array-names/-/possible-typed-array-names-1.1.0.tgz 1911ms (cache miss)
1658 http fetch GET 200 https://registry.npmjs.org/path-parse/-/path-parse-1.0.7.tgz 1910ms (cache miss)
1659 http fetch GET 200 https://registry.npmjs.org/parse-json/-/parse-json-5.2.0.tgz 1909ms (cache miss)
1660 http fetch GET 200 https://registry.npmjs.org/obug/-/obug-2.1.1.tgz 1906ms (cache miss)
1661 http fetch GET 200 https://registry.npmjs.org/object-assign/-/object-assign-4.1.1.tgz 1904ms (cache miss)
1662 http fetch GET 200 https://registry.npmjs.org/opener/-/opener-1.5.2.tgz 1906ms (cache miss)
1663 http fetch GET 200 https://registry.npmjs.org/once/-/once-1.4.0.tgz 1905ms (cache miss)
1664 http fetch GET 200 https://registry.npmjs.org/ms/-/ms-2.1.3.tgz 1902ms (cache miss)
1665 http fetch GET 200 https://registry.npmjs.org/regjsparser/-/regjsparser-0.13.1.tgz 1940ms (cache miss)
1666 http fetch GET 200 https://registry.npmjs.org/package-json/-/package-json-10.0.1.tgz 1924ms (cache miss)
1667 http fetch GET 200 https://registry.npmjs.org/reflect.getprototypeof/-/reflect.getprototypeof-1.0.10.tgz 1955ms (cache miss)
1668 http fetch GET 200 https://registry.npmjs.org/optionator/-/optionator-0.9.4.tgz 1940ms (cache miss)
1669 http fetch GET 200 https://registry.npmjs.org/ora/-/ora-5.4.1.tgz 1940ms (cache miss)
1670 http fetch GET 200 https://registry.npmjs.org/onetime/-/onetime-5.1.2.tgz 1940ms (cache miss)
1671 http fetch GET 200 https://registry.npmjs.org/object-keys/-/object-keys-1.1.1.tgz 1938ms (cache miss)
1672 http fetch GET 200 https://registry.npmjs.org/nopt/-/nopt-5.0.0.tgz 1937ms (cache miss)
1673 http fetch GET 200 https://registry.npmjs.org/nanoid/-/nanoid-3.3.11.tgz 1936ms (cache miss)
1674 http fetch GET 200 https://registry.npmjs.org/mute-stream/-/mute-stream-0.0.8.tgz 1935ms (cache miss)
1675 http fetch GET 200 https://registry.npmjs.org/minimist-options/-/minimist-options-4.1.0.tgz 1935ms (cache miss)
1676 http fetch GET 200 https://registry.npmjs.org/map-obj/-/map-obj-4.3.0.tgz 1932ms (cache miss)
1677 http fetch GET 200 https://registry.npmjs.org/npmlog/-/npmlog-5.0.1.tgz 1953ms (cache miss)
1678 warn deprecated npmlog@5.0.1: This package is no longer supported.
1679 http fetch GET 200 https://registry.npmjs.org/normalize-path/-/normalize-path-3.0.0.tgz 1952ms (cache miss)
1680 http fetch GET 200 https://registry.npmjs.org/natural-compare/-/natural-compare-1.4.0.tgz 1951ms (cache miss)
1681 http fetch GET 200 https://registry.npmjs.org/minipass/-/minipass-5.0.0.tgz 1950ms (cache miss)
1682 http fetch GET 200 https://registry.npmjs.org/meow/-/meow-7.1.1.tgz 1948ms (cache miss)
1683 http fetch GET 200 https://registry.npmjs.org/lines-and-columns/-/lines-and-columns-1.2.4.tgz 1943ms (cache miss)
1684 http fetch GET 200 https://registry.npmjs.org/source-map-support/-/source-map-support-0.5.21.tgz 2008ms (cache miss)
1685 http fetch GET 200 https://registry.npmjs.org/node-releases/-/node-releases-2.0.37.tgz 1970ms (cache miss)
1686 http fetch GET 200 https://registry.npmjs.org/minizlib/-/minizlib-2.1.2.tgz 1969ms (cache miss)
1687 http fetch GET 200 https://registry.npmjs.org/minimatch/-/minimatch-3.1.5.tgz 1967ms (cache miss)
1688 http fetch GET 200 https://registry.npmjs.org/math-intrinsics/-/math-intrinsics-1.1.0.tgz 1966ms (cache miss)
1689 http fetch GET 200 https://registry.npmjs.org/log-symbols/-/log-symbols-4.1.0.tgz 1965ms (cache miss)
1690 http fetch GET 200 https://registry.npmjs.org/mime/-/mime-1.6.0.tgz 1968ms (cache miss)
1691 http fetch GET 200 https://registry.npmjs.org/lodash.debounce/-/lodash.debounce-4.0.8.tgz 1965ms (cache miss)
1692 http fetch GET 200 https://registry.npmjs.org/jsonpointer/-/jsonpointer-5.0.1.tgz 1961ms (cache miss)
1693 http fetch GET 200 https://registry.npmjs.org/keyv/-/keyv-4.5.4.tgz 1962ms (cache miss)
1694 http fetch GET 200 https://registry.npmjs.org/prelude-ls/-/prelude-ls-1.2.1.tgz 1999ms (cache miss)
1695 http fetch GET 200 https://registry.npmjs.org/mimic-fn/-/mimic-fn-2.1.0.tgz 1984ms (cache miss)
1696 http fetch GET 200 https://registry.npmjs.org/min-indent/-/min-indent-1.0.1.tgz 1984ms (cache miss)
1697 http fetch GET 200 https://registry.npmjs.org/lru-cache/-/lru-cache-5.1.1.tgz 1982ms (cache miss)
1698 http fetch GET 200 https://registry.npmjs.org/locate-path/-/locate-path-6.0.0.tgz 1979ms (cache miss)
1699 http fetch GET 200 https://registry.npmjs.org/levn/-/levn-0.4.1.tgz 1978ms (cache miss)
1700 http fetch GET 200 https://registry.npmjs.org/json-parse-even-better-errors/-/json-parse-even-better-errors-2.3.1.tgz 1976ms (cache miss)
1701 http fetch GET 200 https://registry.npmjs.org/json-stable-stringify-without-jsonify/-/json-stable-stringify-without-jsonify-1.0.1.tgz 1976ms (cache miss)
1702 http fetch GET 200 https://registry.npmjs.org/lodash.sortby/-/lodash.sortby-4.7.0.tgz 2004ms (cache miss)
1703 http fetch GET 200 https://registry.npmjs.org/leven/-/leven-3.1.0.tgz 2002ms (cache miss)
1704 http fetch GET 200 https://registry.npmjs.org/kind-of/-/kind-of-6.0.3.tgz 2001ms (cache miss)
1705 http fetch GET 200 https://registry.npmjs.org/latest-version/-/latest-version-9.0.0.tgz 2001ms (cache miss)
1706 http fetch GET 200 https://registry.npmjs.org/jsonfile/-/jsonfile-6.2.0.tgz 2000ms (cache miss)
1707 http fetch GET 200 https://registry.npmjs.org/isexe/-/isexe-2.0.0.tgz 1996ms (cache miss)
1708 http fetch GET 200 https://registry.npmjs.org/saxes/-/saxes-6.0.0.tgz 2072ms (cache miss)
1709 http fetch GET 200 https://registry.npmjs.org/regexpu-core/-/regexpu-core-6.4.0.tgz 2066ms (cache miss)
1710 http fetch GET 200 https://registry.npmjs.org/make-dir/-/make-dir-3.1.0.tgz 2039ms (cache miss)
1711 http fetch GET 200 https://registry.npmjs.org/json-schema-traverse/-/json-schema-traverse-0.4.1.tgz 2031ms (cache miss)
1712 http fetch GET 200 https://registry.npmjs.org/is-weakref/-/is-weakref-1.1.1.tgz 2028ms (cache miss)
1713 http fetch GET 200 https://registry.npmjs.org/is-typed-array/-/is-typed-array-1.1.15.tgz 2028ms (cache miss)
1714 http fetch GET 200 https://registry.npmjs.org/is-set/-/is-set-2.0.3.tgz 2041ms (cache miss)
1715 http fetch GET 200 https://registry.npmjs.org/tr46/-/tr46-6.0.0.tgz 2116ms (cache miss)
1716 http fetch GET 200 https://registry.npmjs.org/json-buffer/-/json-buffer-3.0.1.tgz 2051ms (cache miss)
1717 http fetch GET 200 https://registry.npmjs.org/jsesc/-/jsesc-3.1.0.tgz 2051ms (cache miss)
1718 http fetch GET 200 https://registry.npmjs.org/isarray/-/isarray-2.0.5.tgz 2050ms (cache miss)
1719 http fetch GET 200 https://registry.npmjs.org/is-unicode-supported/-/is-unicode-supported-0.1.0.tgz 2048ms (cache miss)
1720 http fetch GET 200 https://registry.npmjs.org/is-weakmap/-/is-weakmap-2.0.2.tgz 2048ms (cache miss)
1721 http fetch GET 200 https://registry.npmjs.org/is-potential-custom-element-name/-/is-potential-custom-element-name-1.0.1.tgz 2061ms (cache miss)
1722 http fetch GET 200 https://registry.npmjs.org/is-number/-/is-number-7.0.0.tgz 2060ms (cache miss)
1723 http fetch GET 200 https://registry.npmjs.org/path2d-polyfill/-/path2d-polyfill-2.0.1.tgz 2095ms (cache miss)
1724 http fetch GET 200 https://registry.npmjs.org/is-weakset/-/is-weakset-2.0.4.tgz 2069ms (cache miss)
1725 http fetch GET 200 https://registry.npmjs.org/is-regex/-/is-regex-1.2.1.tgz 2067ms (cache miss)
1726 http fetch GET 200 https://registry.npmjs.org/is-string/-/is-string-1.1.1.tgz 2068ms (cache miss)
1727 http fetch GET 200 https://registry.npmjs.org/is-number-object/-/is-number-object-1.1.1.tgz 2080ms (cache miss)
1728 http fetch GET 200 https://registry.npmjs.org/is-installed-globally/-/is-installed-globally-1.0.0.tgz 2078ms (cache miss)
1729 http fetch GET 200 https://registry.npmjs.org/is-regexp/-/is-regexp-1.0.0.tgz 2083ms (cache miss)
1730 http fetch GET 200 https://registry.npmjs.org/espree/-/espree-11.2.0.tgz 2172ms (cache miss)
1731 http fetch GET 200 https://registry.npmjs.org/regexp.prototype.flags/-/regexp.prototype.flags-1.5.4.tgz 2129ms (cache miss)
1732 http fetch GET 200 https://registry.npmjs.org/picomatch/-/picomatch-4.0.4.tgz 2117ms (cache miss)
1733 http fetch GET 200 https://registry.npmjs.org/js-tokens/-/js-tokens-4.0.0.tgz 2093ms (cache miss)
1734 http fetch GET 200 https://registry.npmjs.org/is-fullwidth-code-point/-/is-fullwidth-code-point-3.0.0.tgz 2082ms (cache miss)
1735 http fetch GET 200 https://registry.npmjs.org/is-finalizationregistry/-/is-finalizationregistry-1.1.1.tgz 2081ms (cache miss)
1736 http fetch GET 200 https://registry.npmjs.org/is-generator-function/-/is-generator-function-1.1.2.tgz 2082ms (cache miss)
1737 http fetch GET 200 https://registry.npmjs.org/is-date-object/-/is-date-object-1.1.0.tgz 2081ms (cache miss)
1738 http fetch GET 200 https://registry.npmjs.org/is-data-view/-/is-data-view-1.0.2.tgz 2081ms (cache miss)
1739 http fetch GET 200 https://registry.npmjs.org/is-core-module/-/is-core-module-2.16.1.tgz 2080ms (cache miss)
1740 http fetch GET 200 https://registry.npmjs.org/is-path-inside/-/is-path-inside-4.0.0.tgz 2106ms (cache miss)
1741 http fetch GET 200 https://registry.npmjs.org/is-stream/-/is-stream-2.0.1.tgz 2108ms (cache miss)
1742 http fetch GET 200 https://registry.npmjs.org/is-npm/-/is-npm-6.1.0.tgz 2105ms (cache miss)
1743 http fetch GET 200 https://registry.npmjs.org/is-glob/-/is-glob-4.0.3.tgz 2103ms (cache miss)
1744 http fetch GET 200 https://registry.npmjs.org/is-symbol/-/is-symbol-1.1.1.tgz 2113ms (cache miss)
1745 http fetch GET 200 https://registry.npmjs.org/is-async-function/-/is-async-function-2.1.1.tgz 2103ms (cache miss)
1746 http fetch GET 200 https://registry.npmjs.org/is-arrayish/-/is-arrayish-0.2.1.tgz 2102ms (cache miss)
1747 http fetch GET 200 https://registry.npmjs.org/is-obj/-/is-obj-1.0.1.tgz 2127ms (cache miss)
1748 http fetch GET 200 https://registry.npmjs.org/is-negative-zero/-/is-negative-zero-2.0.3.tgz 2124ms (cache miss)
1749 http fetch GET 200 https://registry.npmjs.org/is-shared-array-buffer/-/is-shared-array-buffer-1.0.4.tgz 2131ms (cache miss)
1750 http fetch GET 200 https://registry.npmjs.org/mkdirp/-/mkdirp-1.0.4.tgz 2151ms (cache miss)
1751 http fetch GET 200 https://registry.npmjs.org/is-extglob/-/is-extglob-2.1.1.tgz 2126ms (cache miss)
1752 http fetch GET 200 https://registry.npmjs.org/ieee754/-/ieee754-1.2.1.tgz 2120ms (cache miss)
1753 http fetch GET 200 https://registry.npmjs.org/is-plain-obj/-/is-plain-obj-1.1.0.tgz 2150ms (cache miss)
1754 http fetch GET 200 https://registry.npmjs.org/is-map/-/is-map-2.0.3.tgz 2148ms (cache miss)
1755 http fetch GET 200 https://registry.npmjs.org/is-callable/-/is-callable-1.2.7.tgz 2146ms (cache miss)
1756 http fetch GET 200 https://registry.npmjs.org/is-binary-path/-/is-binary-path-2.1.0.tgz 2145ms (cache miss)
1757 http fetch GET 200 https://registry.npmjs.org/is-bigint/-/is-bigint-1.1.0.tgz 2145ms (cache miss)
1758 http fetch GET 200 https://registry.npmjs.org/internal-slot/-/internal-slot-1.1.0.tgz 2144ms (cache miss)
1759 http fetch GET 200 https://registry.npmjs.org/is-array-buffer/-/is-array-buffer-3.0.5.tgz 2145ms (cache miss)
1760 http fetch GET 200 https://registry.npmjs.org/ini/-/ini-4.1.1.tgz 2144ms (cache miss)
1761 http fetch GET 200 https://registry.npmjs.org/https-proxy-agent/-/https-proxy-agent-5.0.1.tgz 2140ms (cache miss)
1762 http fetch GET 200 https://registry.npmjs.org/ignore/-/ignore-5.3.2.tgz 2140ms (cache miss)
1763 http fetch GET 200 https://registry.npmjs.org/is-module/-/is-module-1.0.0.tgz 2167ms (cache miss)
1764 http fetch GET 200 https://registry.npmjs.org/is-interactive/-/is-interactive-1.0.0.tgz 2168ms (cache miss)
1765 http fetch GET 200 https://registry.npmjs.org/is-in-ci/-/is-in-ci-1.0.0.tgz 2167ms (cache miss)
1766 http fetch GET 200 https://registry.npmjs.org/indent-string/-/indent-string-4.0.0.tgz 2161ms (cache miss)
1767 http fetch GET 200 https://registry.npmjs.org/imurmurhash/-/imurmurhash-0.1.4.tgz 2162ms (cache miss)
1768 http fetch GET 200 https://registry.npmjs.org/has-tostringtag/-/has-tostringtag-1.0.2.tgz 2157ms (cache miss)
1769 http fetch GET 200 https://registry.npmjs.org/has-proto/-/has-proto-1.2.0.tgz 2157ms (cache miss)
1770 http fetch GET 200 https://registry.npmjs.org/has-unicode/-/has-unicode-2.0.1.tgz 2159ms (cache miss)
1771 http fetch GET 200 https://registry.npmjs.org/is-boolean-object/-/is-boolean-object-1.2.2.tgz 2193ms (cache miss)
1772 http fetch GET 200 https://registry.npmjs.org/html-encoding-sniffer/-/html-encoding-sniffer-3.0.0.tgz 2187ms (cache miss)
1773 http fetch GET 200 https://registry.npmjs.org/graceful-fs/-/graceful-fs-4.2.11.tgz 2182ms (cache miss)
1774 http fetch GET 200 https://registry.npmjs.org/gopd/-/gopd-1.2.0.tgz 2182ms (cache miss)
1775 http fetch GET 200 https://registry.npmjs.org/hard-rejection/-/hard-rejection-2.1.0.tgz 2183ms (cache miss)
1776 http fetch GET 200 https://registry.npmjs.org/inherits/-/inherits-2.0.4.tgz 2214ms (cache miss)
1777 http fetch GET 200 https://registry.npmjs.org/hasown/-/hasown-2.0.3.tgz 2209ms (cache miss)
1778 http fetch GET 200 https://registry.npmjs.org/has-symbols/-/has-symbols-1.1.0.tgz 2209ms (cache miss)
1779 http fetch GET 200 https://registry.npmjs.org/has-property-descriptors/-/has-property-descriptors-1.0.2.tgz 2208ms (cache miss)
1780 http fetch GET 200 https://registry.npmjs.org/has-flag/-/has-flag-4.0.0.tgz 2208ms (cache miss)
1781 http fetch GET 200 https://registry.npmjs.org/glob/-/glob-7.2.3.tgz 2206ms (cache miss)
1782 warn deprecated glob@7.2.3: Old versions of glob are not supported, and contain widely publicized security vulnerabilities, which have been fixed in the current version. Please update. Support for old versions may be purchased (at exorbitant rates) by contacting i@izs.me
1783 http fetch GET 200 https://registry.npmjs.org/get-own-enumerable-property-symbols/-/get-own-enumerable-property-symbols-3.0.2.tgz 2205ms (cache miss)
1784 http fetch GET 200 https://registry.npmjs.org/global-directory/-/global-directory-4.0.1.tgz 2207ms (cache miss)
1785 http fetch GET 200 https://registry.npmjs.org/get-east-asian-width/-/get-east-asian-width-1.5.0.tgz 2205ms (cache miss)
1786 http fetch GET 200 https://registry.npmjs.org/get-symbol-description/-/get-symbol-description-1.1.0.tgz 2206ms (cache miss)
1787 http fetch GET 200 https://registry.npmjs.org/inflight/-/inflight-1.0.6.tgz 2240ms (cache miss)
1788 warn deprecated inflight@1.0.6: This module is not supported, and leaks memory. Do not use it. Check out lru-cache if you want a good and tested way to coalesce async requests by a key value, which is much more comprehensive and powerful.
1789 http fetch GET 200 https://registry.npmjs.org/he/-/he-1.2.0.tgz 2236ms (cache miss)
1790 http fetch GET 200 https://registry.npmjs.org/has-bigints/-/has-bigints-1.1.0.tgz 2234ms (cache miss)
1791 http fetch GET 200 https://registry.npmjs.org/gensync/-/gensync-1.0.0-beta.2.tgz 2229ms (cache miss)
1792 http fetch GET 200 https://registry.npmjs.org/functions-have-names/-/functions-have-names-1.2.3.tgz 2227ms (cache miss)
1793 http fetch GET 200 https://registry.npmjs.org/hosted-git-info/-/hosted-git-info-2.8.9.tgz 2262ms (cache miss)
1794 http fetch GET 200 https://registry.npmjs.org/globalthis/-/globalthis-1.0.4.tgz 2258ms (cache miss)
1795 http fetch GET 200 https://registry.npmjs.org/get-proto/-/get-proto-1.0.1.tgz 2256ms (cache miss)
1796 http fetch GET 200 https://registry.npmjs.org/generator-function/-/generator-function-2.0.1.tgz 2255ms (cache miss)
1797 http fetch GET 200 https://registry.npmjs.org/for-each/-/for-each-0.3.5.tgz 2251ms (cache miss)
1798 http fetch GET 200 https://registry.npmjs.org/find-up/-/find-up-5.0.0.tgz 2251ms (cache miss)
1799 http fetch GET 200 https://registry.npmjs.org/filelist/-/filelist-1.0.6.tgz 2250ms (cache miss)
1800 http fetch GET 200 https://registry.npmjs.org/glob-parent/-/glob-parent-6.0.2.tgz 2299ms (cache miss)
1801 http fetch GET 200 https://registry.npmjs.org/get-intrinsic/-/get-intrinsic-1.3.0.tgz 2298ms (cache miss)
1802 http fetch GET 200 https://registry.npmjs.org/fs.realpath/-/fs.realpath-1.0.0.tgz 2297ms (cache miss)
1803 http fetch GET 200 https://registry.npmjs.org/figures/-/figures-3.2.0.tgz 2294ms (cache miss)
1804 http fetch GET 200 https://registry.npmjs.org/fast-json-stable-stringify/-/fast-json-stable-stringify-2.1.0.tgz 2291ms (cache miss)
1805 http fetch GET 200 https://registry.npmjs.org/external-editor/-/external-editor-3.1.0.tgz 2292ms (cache miss)
1806 http fetch GET 200 https://registry.npmjs.org/fs-minipass/-/fs-minipass-2.1.0.tgz 2328ms (cache miss)
1807 http fetch GET 200 https://registry.npmjs.org/foreground-child/-/foreground-child-3.3.1.tgz 2327ms (cache miss)
1808 http fetch GET 200 https://registry.npmjs.org/follow-redirects/-/follow-redirects-1.16.0.tgz 2327ms (cache miss)
1809 http fetch GET 200 https://registry.npmjs.org/fast-deep-equal/-/fast-deep-equal-3.1.3.tgz 2322ms (cache miss)
1810 http fetch GET 200 https://registry.npmjs.org/fill-range/-/fill-range-7.1.1.tgz 2339ms (cache miss)
1811 http fetch GET 200 https://registry.npmjs.org/file-entry-cache/-/file-entry-cache-8.0.0.tgz 2338ms (cache miss)
1812 http fetch GET 200 https://registry.npmjs.org/fast-levenshtein/-/fast-levenshtein-2.0.6.tgz 2338ms (cache miss)
1813 http fetch GET 200 https://registry.npmjs.org/flat-cache/-/flat-cache-4.0.1.tgz 2355ms (cache miss)
1814 http fetch GET 200 https://registry.npmjs.org/eventemitter3/-/eventemitter3-4.0.7.tgz 2351ms (cache miss)
1815 http fetch GET 200 https://registry.npmjs.org/estree-walker/-/estree-walker-3.0.3.tgz 2350ms (cache miss)
1816 http fetch GET 200 https://registry.npmjs.org/esutils/-/esutils-2.0.3.tgz 2350ms (cache miss)
1817 http fetch GET 200 https://registry.npmjs.org/esrecurse/-/esrecurse-4.3.0.tgz 2349ms (cache miss)
1818 http fetch GET 200 https://registry.npmjs.org/es-define-property/-/es-define-property-1.0.1.tgz 2345ms (cache miss)
1819 http fetch GET 200 https://registry.npmjs.org/node-fetch/-/node-fetch-2.7.0.tgz 2421ms (cache miss)
1820 http fetch GET 200 https://registry.npmjs.org/fdir/-/fdir-6.5.0.tgz 2367ms (cache miss)
1821 http fetch GET 200 https://registry.npmjs.org/es-object-atoms/-/es-object-atoms-1.1.1.tgz 2360ms (cache miss)
1822 http fetch GET 200 https://registry.npmjs.org/escape-string-regexp/-/escape-string-regexp-4.0.0.tgz 2362ms (cache miss)
1823 http fetch GET 200 https://registry.npmjs.org/es-to-primitive/-/es-to-primitive-1.3.0.tgz 2363ms (cache miss)
1824 http fetch GET 200 https://registry.npmjs.org/dot-prop/-/dot-prop-9.0.0.tgz 2358ms (cache miss)
1825 http fetch GET 200 https://registry.npmjs.org/delegates/-/delegates-1.0.0.tgz 2357ms (cache miss)
1826 http fetch GET 200 https://registry.npmjs.org/object.assign/-/object.assign-4.1.7.tgz 2437ms (cache miss)
1827 http fetch GET 200 https://registry.npmjs.org/estraverse/-/estraverse-5.3.0.tgz 2379ms (cache miss)
1828 http fetch GET 200 https://registry.npmjs.org/escalade/-/escalade-3.2.0.tgz 2375ms (cache miss)
1829 http fetch GET 200 https://registry.npmjs.org/error-ex/-/error-ex-1.3.4.tgz 2373ms (cache miss)
1830 http fetch GET 200 https://registry.npmjs.org/define-properties/-/define-properties-1.2.1.tgz 2369ms (cache miss)
1831 http fetch GET 200 https://registry.npmjs.org/deepmerge/-/deepmerge-4.3.1.tgz 2369ms (cache miss)
1832 http fetch GET 200 https://registry.npmjs.org/defaults/-/defaults-1.0.4.tgz 2369ms (cache miss)
1833 http fetch GET 200 https://registry.npmjs.org/deep-is/-/deep-is-0.1.4.tgz 2368ms (cache miss)
1834 http fetch GET 200 https://registry.npmjs.org/function-bind/-/function-bind-1.1.2.tgz 2406ms (cache miss)
1835 http fetch GET 200 https://registry.npmjs.org/es-set-tostringtag/-/es-set-tostringtag-2.1.0.tgz 2392ms (cache miss)
1836 http fetch GET 200 https://registry.npmjs.org/escape-goat/-/escape-goat-4.0.0.tgz 2394ms (cache miss)
1837 http fetch GET 200 https://registry.npmjs.org/emoji-regex/-/emoji-regex-8.0.0.tgz 2390ms (cache miss)
1838 http fetch GET 200 https://registry.npmjs.org/dunder-proto/-/dunder-proto-1.0.1.tgz 2389ms (cache miss)
1839 http fetch GET 200 https://registry.npmjs.org/detect-libc/-/detect-libc-2.1.2.tgz 2388ms (cache miss)
1840 http fetch GET 200 https://registry.npmjs.org/dequal/-/dequal-2.0.3.tgz 2388ms (cache miss)
1841 http fetch GET 200 https://registry.npmjs.org/decamelize/-/decamelize-1.2.0.tgz 2385ms (cache miss)
1842 http fetch GET 200 https://registry.npmjs.org/data-view-byte-offset/-/data-view-byte-offset-1.0.1.tgz 2384ms (cache miss)
1843 http fetch GET 200 https://registry.npmjs.org/define-data-property/-/define-data-property-1.1.4.tgz 2406ms (cache miss)
1844 http fetch GET 200 https://registry.npmjs.org/decamelize-keys/-/decamelize-keys-1.1.1.tgz 2405ms (cache miss)
1845 http fetch GET 200 https://registry.npmjs.org/data-urls/-/data-urls-7.0.0.tgz 2402ms (cache miss)
1846 http fetch GET 200 https://registry.npmjs.org/crypto-random-string/-/crypto-random-string-2.0.0.tgz 2401ms (cache miss)
1847 http fetch GET 200 https://registry.npmjs.org/cross-spawn/-/cross-spawn-7.0.6.tgz 2402ms (cache miss)
1848 http fetch GET 200 https://registry.npmjs.org/corser/-/corser-2.0.1.tgz 2401ms (cache miss)
1849 http fetch GET 200 https://registry.npmjs.org/workbox-navigation-preload/-/workbox-navigation-preload-7.4.0.tgz 2558ms (cache miss)
1850 http fetch GET 200 https://registry.npmjs.org/gauge/-/gauge-3.0.2.tgz 2440ms (cache miss)
1851 http fetch GET 200 https://registry.npmjs.org/debug/-/debug-4.4.3.tgz 2417ms (cache miss)
1852 http fetch GET 200 https://registry.npmjs.org/deep-extend/-/deep-extend-0.6.0.tgz 2416ms (cache miss)
1853 http fetch GET 200 https://registry.npmjs.org/data-view-buffer/-/data-view-buffer-1.0.2.tgz 2415ms (cache miss)
1854 http fetch GET 200 https://registry.npmjs.org/data-view-byte-length/-/data-view-byte-length-1.0.2.tgz 2415ms (cache miss)
1855 http fetch GET 200 https://registry.npmjs.org/color-name/-/color-name-1.1.4.tgz 2410ms (cache miss)
1856 http fetch GET 200 https://registry.npmjs.org/color-support/-/color-support-1.1.3.tgz 2410ms (cache miss)
1857 http fetch GET 200 https://registry.npmjs.org/config-chain/-/config-chain-1.1.13.tgz 2412ms (cache miss)
1858 http fetch GET 200 https://registry.npmjs.org/when-exit/-/when-exit-2.1.5.tgz 2564ms (cache miss)
1859 http fetch GET 200 https://registry.npmjs.org/source-map-js/-/source-map-js-1.2.1.tgz 2536ms (cache miss)
1860 http fetch GET 200 https://registry.npmjs.org/console-control-strings/-/console-control-strings-1.1.0.tgz 2424ms (cache miss)
1861 http fetch GET 200 https://registry.npmjs.org/convert-source-map/-/convert-source-map-2.0.0.tgz 2425ms (cache miss)
1862 http fetch GET 200 https://registry.npmjs.org/configstore/-/configstore-7.1.0.tgz 2424ms (cache miss)
1863 http fetch GET 200 https://registry.npmjs.org/color-convert/-/color-convert-2.0.1.tgz 2421ms (cache miss)
1864 http fetch GET 200 https://registry.npmjs.org/cli-width/-/cli-width-3.0.0.tgz 2420ms (cache miss)
1865 http fetch GET 200 https://registry.npmjs.org/cli-cursor/-/cli-cursor-3.1.0.tgz 2420ms (cache miss)
1866 http fetch GET 200 https://registry.npmjs.org/pathe/-/pathe-2.0.3.tgz 2523ms (cache miss)
1867 warn deprecated gauge@3.0.2: This package is no longer supported.
1868 http fetch GET 200 https://registry.npmjs.org/concat-map/-/concat-map-0.0.1.tgz 2438ms (cache miss)
1869 http fetch GET 200 https://registry.npmjs.org/strip-comments/-/strip-comments-2.0.1.tgz 2437ms (cache miss)
1870 http fetch GET 200 https://registry.npmjs.org/camelcase-keys/-/camelcase-keys-6.2.2.tgz 2431ms (cache miss)
1871 http fetch GET 200 https://registry.npmjs.org/cli-spinners/-/cli-spinners-2.9.2.tgz 2435ms (cache miss)
1872 http fetch GET 200 https://registry.npmjs.org/call-bound/-/call-bound-1.0.4.tgz 2431ms (cache miss)
1873 http fetch GET 200 https://registry.npmjs.org/chalk/-/chalk-4.1.2.tgz 2433ms (cache miss)
1874 http fetch GET 200 https://registry.npmjs.org/commander/-/commander-2.20.3.tgz 2448ms (cache miss)
1875 http fetch GET 200 https://registry.npmjs.org/clone/-/clone-1.0.4.tgz 2446ms (cache miss)
1876 http fetch GET 200 https://registry.npmjs.org/cli-boxes/-/cli-boxes-3.0.0.tgz 2444ms (cache miss)
1877 http fetch GET 200 https://registry.npmjs.org/brace-expansion/-/brace-expansion-1.1.14.tgz 2434ms (cache miss)
1878 http fetch GET 200 https://registry.npmjs.org/whatwg-url/-/whatwg-url-16.0.1.tgz 2603ms (cache miss)
1879 http fetch GET 200 https://registry.npmjs.org/eslint-visitor-keys/-/eslint-visitor-keys-5.0.1.tgz 2479ms (cache miss)
1880 http fetch GET 200 https://registry.npmjs.org/camelcase/-/camelcase-5.3.1.tgz 2455ms (cache miss)
1881 http fetch GET 200 https://registry.npmjs.org/call-bind-apply-helpers/-/call-bind-apply-helpers-1.0.2.tgz 2454ms (cache miss)
1882 http fetch GET 200 https://registry.npmjs.org/boxen/-/boxen-8.0.1.tgz 2446ms (cache miss)
1883 http fetch GET 200 https://registry.npmjs.org/balanced-match/-/balanced-match-1.0.2.tgz 2444ms (cache miss)
1884 http fetch GET 200 https://registry.npmjs.org/workbox-cacheable-response/-/workbox-cacheable-response-7.4.0.tgz 2624ms (cache miss)
1885 http fetch GET 200 https://registry.npmjs.org/es-module-lexer/-/es-module-lexer-2.0.0.tgz 2493ms (cache miss)
1886 http fetch GET 200 https://registry.npmjs.org/buffer-from/-/buffer-from-1.1.2.tgz 2469ms (cache miss)
1887 http fetch GET 200 https://registry.npmjs.org/arrify/-/arrify-1.0.1.tgz 2457ms (cache miss)
1888 http fetch GET 200 https://registry.npmjs.org/available-typed-arrays/-/available-typed-arrays-1.0.7.tgz 2459ms (cache miss)
1889 http fetch GET 200 https://registry.npmjs.org/async-function/-/async-function-1.0.0.tgz 2459ms (cache miss)
1890 http fetch GET 200 https://registry.npmjs.org/assertion-error/-/assertion-error-2.0.1.tgz 2459ms (cache miss)
1891 http fetch GET 200 https://registry.npmjs.org/flatted/-/flatted-3.4.2.tgz 2518ms (cache miss)
1892 http fetch GET 200 https://registry.npmjs.org/ejs/-/ejs-3.1.10.tgz 2504ms (cache miss)
1893 http fetch GET 200 https://registry.npmjs.org/chai/-/chai-6.2.2.tgz 2486ms (cache miss)
1894 http fetch GET 200 https://registry.npmjs.org/buffer/-/buffer-5.7.1.tgz 2483ms (cache miss)
1895 http fetch GET 200 https://registry.npmjs.org/browserslist/-/browserslist-4.28.2.tgz 2478ms (cache miss)
1896 http fetch GET 200 https://registry.npmjs.org/binary-extensions/-/binary-extensions-2.3.0.tgz 2476ms (cache miss)
1897 http fetch GET 200 https://registry.npmjs.org/base64-js/-/base64-js-1.5.1.tgz 2475ms (cache miss)
1898 http fetch GET 200 https://registry.npmjs.org/babel-plugin-polyfill-regenerator/-/babel-plugin-polyfill-regenerator-0.6.8.tgz 2474ms (cache miss)
1899 http fetch GET 200 https://registry.npmjs.org/ansi-regex/-/ansi-regex-5.0.1.tgz 2470ms (cache miss)
1900 http fetch GET 200 https://registry.npmjs.org/aproba/-/aproba-2.1.0.tgz 2471ms (cache miss)
1901 http fetch GET 200 https://registry.npmjs.org/es-errors/-/es-errors-1.3.0.tgz 2521ms (cache miss)
1902 http fetch GET 200 https://registry.npmjs.org/at-least-node/-/at-least-node-1.0.0.tgz 2487ms (cache miss)
1903 http fetch GET 200 https://registry.npmjs.org/ansi-escapes/-/ansi-escapes-4.3.2.tgz 2484ms (cache miss)
1904 http fetch GET 200 https://registry.npmjs.org/acorn-jsx/-/acorn-jsx-5.3.2.tgz 2483ms (cache miss)
1905 http fetch GET 200 https://registry.npmjs.org/agent-base/-/agent-base-6.0.2.tgz 2483ms (cache miss)
1906 http fetch GET 200 https://registry.npmjs.org/call-bind/-/call-bind-1.0.9.tgz 2528ms (cache miss)
1907 http fetch GET 200 https://registry.npmjs.org/basic-auth/-/basic-auth-2.0.1.tgz 2518ms (cache miss)
1908 http fetch GET 200 https://registry.npmjs.org/array-buffer-byte-length/-/array-buffer-byte-length-1.0.2.tgz 2515ms (cache miss)
1909 http fetch GET 200 https://registry.npmjs.org/arraybuffer.prototype.slice/-/arraybuffer.prototype.slice-1.0.4.tgz 2514ms (cache miss)
1910 http fetch GET 200 https://registry.npmjs.org/are-we-there-yet/-/are-we-there-yet-2.0.0.tgz 2514ms (cache miss)
1911 http fetch GET 200 https://registry.npmjs.org/ansi-styles/-/ansi-styles-4.3.0.tgz 2514ms (cache miss)
1912 http fetch GET 200 https://registry.npmjs.org/abbrev/-/abbrev-1.1.1.tgz 2511ms (cache miss)
1913 http fetch GET 200 https://registry.npmjs.org/@types/trusted-types/-/trusted-types-2.0.7.tgz 2510ms (cache miss)
1914 http fetch GET 200 https://registry.npmjs.org/chokidar/-/chokidar-3.6.0.tgz 2559ms (cache miss)
1915 http fetch GET 200 https://registry.npmjs.org/anymatch/-/anymatch-3.1.3.tgz 2542ms (cache miss)
1916 http fetch GET 200 https://registry.npmjs.org/ansi-align/-/ansi-align-3.0.1.tgz 2540ms (cache miss)
1917 http fetch GET 200 https://registry.npmjs.org/@types/normalize-package-data/-/normalize-package-data-2.4.4.tgz 2536ms (cache miss)
1918 http fetch GET 200 https://registry.npmjs.org/@types/json-schema/-/json-schema-7.0.15.tgz 2535ms (cache miss)
1919 http fetch GET 200 https://registry.npmjs.org/function.prototype.name/-/function.prototype.name-1.1.8.tgz 2618ms (cache miss)
1920 http fetch GET 200 https://registry.npmjs.org/@types/minimist/-/minimist-1.2.5.tgz 2561ms (cache miss)
1921 http fetch GET 200 https://registry.npmjs.org/@types/esrecurse/-/esrecurse-4.3.1.tgz 2560ms (cache miss)
1922 http fetch GET 200 https://registry.npmjs.org/@types/resolve/-/resolve-1.20.2.tgz 2583ms (cache miss)
1923 http fetch GET 200 https://registry.npmjs.org/@types/estree/-/estree-1.0.8.tgz 2582ms (cache miss)
1924 http fetch GET 200 https://registry.npmjs.org/@types/deep-eql/-/deep-eql-4.0.2.tgz 2581ms (cache miss)
1925 http fetch GET 200 https://registry.npmjs.org/@types/chai/-/chai-5.2.3.tgz 2582ms (cache miss)
1926 http fetch GET 200 https://registry.npmjs.org/electron-to-chromium/-/electron-to-chromium-1.5.340.tgz 2646ms (cache miss)
1927 http fetch GET 200 https://registry.npmjs.org/bl/-/bl-4.1.0.tgz 2618ms (cache miss)
1928 http fetch GET 200 https://registry.npmjs.org/@types/aria-query/-/aria-query-5.0.4.tgz 2604ms (cache miss)
1929 http fetch GET 200 https://registry.npmjs.org/@vitest/pretty-format/-/pretty-format-4.1.4.tgz 2608ms (cache miss)
1930 http fetch GET 200 https://registry.npmjs.org/workbox-google-analytics/-/workbox-google-analytics-7.4.0.tgz 2800ms (cache miss)
1931 http fetch GET 200 https://registry.npmjs.org/source-map/-/source-map-0.8.0-beta.0.tgz 2766ms (cache miss)
1932 warn deprecated are-we-there-yet@2.0.0: This package is no longer supported.
1933 http fetch GET 200 https://registry.npmjs.org/@standard-schema/spec/-/spec-1.1.0.tgz 2622ms (cache miss)
1934 http fetch GET 200 https://registry.npmjs.org/@rollup/plugin-replace/-/plugin-replace-2.4.2.tgz 2621ms (cache miss)
1935 http fetch GET 200 https://registry.npmjs.org/@rollup/plugin-terser/-/plugin-terser-0.4.4.tgz 2622ms (cache miss)
1936 http fetch GET 200 https://registry.npmjs.org/xmlchars/-/xmlchars-2.2.0.tgz 2820ms (cache miss)
1937 http fetch GET 200 https://registry.npmjs.org/braces/-/braces-3.0.3.tgz 2648ms (cache miss)
1938 http fetch GET 200 https://registry.npmjs.org/@vitest/spy/-/spy-4.1.4.tgz 2639ms (cache miss)
1939 http fetch GET 200 https://registry.npmjs.org/smob/-/smob-1.6.1.tgz 2788ms (cache miss)
1940 http fetch GET 200 https://registry.npmjs.org/chardet/-/chardet-0.7.0.tgz 2671ms (cache miss)
1941 http fetch GET 200 https://registry.npmjs.org/@pnpm/config.env-replace/-/config.env-replace-1.1.0.tgz 2642ms (cache miss)
1942 warn deprecated source-map@0.8.0-beta.0: The work that was done in this beta branch won't be included in future versions
1943 http fetch GET 200 https://registry.npmjs.org/@vitest/expect/-/expect-4.1.4.tgz 2663ms (cache miss)
1944 http fetch GET 200 https://registry.npmjs.org/@jridgewell/source-map/-/source-map-0.3.11.tgz 2655ms (cache miss)
1945 http fetch GET 200 https://registry.npmjs.org/@pnpm/network.ca-file/-/network.ca-file-1.0.2.tgz 2667ms (cache miss)
1946 http fetch GET 200 https://registry.npmjs.org/magic-string/-/magic-string-0.30.21.tgz 2794ms (cache miss)
1947 http fetch GET 200 https://registry.npmjs.org/@rollup/plugin-babel/-/plugin-babel-5.3.1.tgz 2692ms (cache miss)
1948 http fetch GET 200 https://registry.npmjs.org/@jridgewell/resolve-uri/-/resolve-uri-3.1.2.tgz 2689ms (cache miss)
1949 http fetch GET 200 https://registry.npmjs.org/@rolldown/pluginutils/-/pluginutils-1.0.0-rc.16.tgz 2692ms (cache miss)
1950 http fetch GET 200 https://registry.npmjs.org/@humanfs/types/-/types-0.15.0.tgz 2686ms (cache miss)
1951 http fetch GET 200 https://registry.npmjs.org/@humanfs/node/-/node-0.16.8.tgz 2686ms (cache miss)
1952 http fetch GET 200 https://registry.npmjs.org/babel-plugin-polyfill-corejs2/-/babel-plugin-polyfill-corejs2-0.4.17.tgz 2713ms (cache miss)
1953 http fetch GET 200 https://registry.npmjs.org/@rollup/pluginutils/-/pluginutils-3.1.0.tgz 2701ms (cache miss)
1954 http fetch GET 200 https://registry.npmjs.org/@img/colour/-/colour-1.1.0.tgz 2693ms (cache miss)
1955 http fetch GET 200 https://registry.npmjs.org/minimist/-/minimist-1.2.8.tgz 2818ms (cache miss)
1956 http fetch GET 200 https://registry.npmjs.org/@humanfs/core/-/core-0.19.2.tgz 2704ms (cache miss)
1957 http fetch GET 200 https://registry.npmjs.org/@oxc-project/types/-/types-0.126.0.tgz 2711ms (cache miss)
1958 http fetch GET 200 https://registry.npmjs.org/decimal.js/-/decimal.js-10.6.0.tgz 2764ms (cache miss)
1959 http fetch GET 200 https://registry.npmjs.org/@csstools/css-tokenizer/-/css-tokenizer-4.0.0.tgz 2714ms (cache miss)
1960 http fetch GET 200 https://registry.npmjs.org/workbox-broadcast-update/-/workbox-broadcast-update-7.4.0.tgz 2915ms (cache miss)
1961 http fetch GET 200 https://registry.npmjs.org/qs/-/qs-6.15.1.tgz 2857ms (cache miss)
1962 http fetch GET 200 https://registry.npmjs.org/@csstools/css-syntax-patches-for-csstree/-/css-syntax-patches-for-csstree-1.1.3.tgz 2723ms (cache miss)
1963 http fetch GET 200 https://registry.npmjs.org/@csstools/color-helpers/-/color-helpers-6.0.2.tgz 2722ms (cache miss)
1964 http fetch GET 200 https://registry.npmjs.org/expect-type/-/expect-type-1.3.0.tgz 2799ms (cache miss)
1965 http fetch GET 200 https://registry.npmjs.org/baseline-browser-mapping/-/baseline-browser-mapping-2.10.20.tgz 2760ms (cache miss)
1966 http fetch GET 200 https://registry.npmjs.org/@eslint/core/-/core-1.2.1.tgz 2737ms (cache miss)
1967 http fetch GET 200 https://registry.npmjs.org/@csstools/css-calc/-/css-calc-3.2.0.tgz 2734ms (cache miss)
1968 http fetch GET 200 https://registry.npmjs.org/@babel/plugin-transform-unicode-sets-regex/-/plugin-transform-unicode-sets-regex-7.28.6.tgz 2732ms (cache miss)
1969 http fetch GET 200 https://registry.npmjs.org/@babel/plugin-transform-unicode-property-regex/-/plugin-transform-unicode-property-regex-7.28.6.tgz 2748ms (cache miss)
1970 http fetch GET 200 https://registry.npmjs.org/@babel/plugin-transform-typeof-symbol/-/plugin-transform-typeof-symbol-7.27.1.tgz 2748ms (cache miss)
1971 http fetch GET 200 https://registry.npmjs.org/@babel/plugin-transform-unicode-escapes/-/plugin-transform-unicode-escapes-7.27.1.tgz 2748ms (cache miss)
1972 http fetch GET 200 https://registry.npmjs.org/@babel/plugin-transform-sticky-regex/-/plugin-transform-sticky-regex-7.27.1.tgz 2748ms (cache miss)
1973 http fetch GET 200 https://registry.npmjs.org/@csstools/css-parser-algorithms/-/css-parser-algorithms-4.0.0.tgz 2766ms (cache miss)
1974 http fetch GET 200 https://registry.npmjs.org/@csstools/css-color-parser/-/css-color-parser-4.1.0.tgz 2766ms (cache miss)
1975 http fetch GET 200 https://registry.npmjs.org/@babel/plugin-transform-unicode-regex/-/plugin-transform-unicode-regex-7.27.1.tgz 2764ms (cache miss)
1976 http fetch GET 200 https://registry.npmjs.org/@babel/plugin-transform-reserved-words/-/plugin-transform-reserved-words-7.27.1.tgz 2761ms (cache miss)
1977 http fetch GET 200 https://registry.npmjs.org/@babel/plugin-transform-regexp-modifiers/-/plugin-transform-regexp-modifiers-7.28.6.tgz 2761ms (cache miss)
1978 http fetch GET 200 https://registry.npmjs.org/@babel/plugin-transform-shorthand-properties/-/plugin-transform-shorthand-properties-7.27.1.tgz 2763ms (cache miss)
1979 http fetch GET 200 https://registry.npmjs.org/@babel/plugin-transform-spread/-/plugin-transform-spread-7.28.6.tgz 2763ms (cache miss)
1980 http fetch GET 200 https://registry.npmjs.org/idb/-/idb-7.1.1.tgz 2863ms (cache miss)
1981 http fetch GET 200 https://registry.npmjs.org/@kurkle/color/-/color-0.3.4.tgz 2786ms (cache miss)
1982 http fetch GET 200 https://registry.npmjs.org/@humanwhocodes/module-importer/-/module-importer-1.0.1.tgz 2782ms (cache miss)
1983 http fetch GET 200 https://registry.npmjs.org/@babel/plugin-transform-property-literals/-/plugin-transform-property-literals-7.27.1.tgz 2770ms (cache miss)
1984 http fetch GET 200 https://registry.npmjs.org/@babel/plugin-transform-private-property-in-object/-/plugin-transform-private-property-in-object-7.28.6.tgz 2770ms (cache miss)
1985 http fetch GET 200 https://registry.npmjs.org/@babel/plugin-transform-private-methods/-/plugin-transform-private-methods-7.28.6.tgz 2771ms (cache miss)
1986 http fetch GET 200 https://registry.npmjs.org/@babel/plugin-transform-object-super/-/plugin-transform-object-super-7.27.1.tgz 2770ms (cache miss)
1987 http fetch GET 200 https://registry.npmjs.org/lz-string/-/lz-string-1.5.0.tgz 2914ms (cache miss)
1988 http fetch GET 200 https://registry.npmjs.org/@babel/plugin-transform-template-literals/-/plugin-transform-template-literals-7.27.1.tgz 2795ms (cache miss)
1989 http fetch GET 200 https://registry.npmjs.org/@babel/plugin-transform-numeric-separator/-/plugin-transform-numeric-separator-7.28.6.tgz 2793ms (cache miss)
1990 http fetch GET 200 https://registry.npmjs.org/@babel/plugin-transform-optional-catch-binding/-/plugin-transform-optional-catch-binding-7.28.6.tgz 2815ms (cache miss)
1991 http fetch GET 200 https://registry.npmjs.org/@babel/plugin-transform-named-capturing-groups-regex/-/plugin-transform-named-capturing-groups-regex-7.29.0.tgz 2814ms (cache miss)
1992 http fetch GET 200 https://registry.npmjs.org/@babel/plugin-transform-nullish-coalescing-operator/-/plugin-transform-nullish-coalescing-operator-7.28.6.tgz 2815ms (cache miss)
1993 http fetch GET 200 https://registry.npmjs.org/@babel/plugin-transform-new-target/-/plugin-transform-new-target-7.27.1.tgz 2815ms (cache miss)
1994 http fetch GET 200 https://registry.npmjs.org/@vitest/snapshot/-/snapshot-4.1.4.tgz 2882ms (cache miss)
1995 http fetch GET 200 https://registry.npmjs.org/@humanwhocodes/retry/-/retry-0.4.3.tgz 2870ms (cache miss)
1996 http fetch GET 200 https://registry.npmjs.org/@babel/plugin-transform-object-rest-spread/-/plugin-transform-object-rest-spread-7.28.6.tgz 2855ms (cache miss)
1997 http fetch GET 200 https://registry.npmjs.org/@babel/plugin-transform-modules-systemjs/-/plugin-transform-modules-systemjs-7.29.0.tgz 2855ms (cache miss)
1998 http fetch GET 200 https://registry.npmjs.org/@babel/plugin-transform-member-expression-literals/-/plugin-transform-member-expression-literals-7.27.1.tgz 2854ms (cache miss)
1999 http fetch GET 200 https://registry.npmjs.org/@babel/plugin-transform-literals/-/plugin-transform-literals-7.27.1.tgz 2853ms (cache miss)
2000 http fetch GET 200 https://registry.npmjs.org/@babel/plugin-transform-json-strings/-/plugin-transform-json-strings-7.28.6.tgz 2853ms (cache miss)
2001 http fetch GET 200 https://registry.npmjs.org/@babel/plugin-transform-logical-assignment-operators/-/plugin-transform-logical-assignment-operators-7.28.6.tgz 2854ms (cache miss)
2002 http fetch GET 200 https://registry.npmjs.org/lightningcss/-/lightningcss-1.32.0.tgz 3007ms (cache miss)
2003 http fetch GET 200 https://registry.npmjs.org/json5/-/json5-2.2.3.tgz 3006ms (cache miss)
2004 http fetch GET 200 https://registry.npmjs.org/eslint-scope/-/eslint-scope-9.1.2.tgz 2959ms (cache miss)
2005 http fetch GET 200 https://registry.npmjs.org/@babel/plugin-transform-function-name/-/plugin-transform-function-name-7.27.1.tgz 2885ms (cache miss)
2006 http fetch GET 200 https://registry.npmjs.org/@babel/plugin-transform-for-of/-/plugin-transform-for-of-7.27.1.tgz 2884ms (cache miss)
2007 http fetch GET 200 https://registry.npmjs.org/@babel/plugin-transform-explicit-resource-management/-/plugin-transform-explicit-resource-management-7.28.6.tgz 2885ms (cache miss)
2008 http fetch GET 200 https://registry.npmjs.org/@babel/plugin-transform-modules-umd/-/plugin-transform-modules-umd-7.27.1.tgz 2910ms (cache miss)
2009 http fetch GET 200 https://registry.npmjs.org/@babel/plugin-transform-exponentiation-operator/-/plugin-transform-exponentiation-operator-7.28.6.tgz 2907ms (cache miss)
2010 http fetch GET 200 https://registry.npmjs.org/@babel/plugin-transform-dynamic-import/-/plugin-transform-dynamic-import-7.27.1.tgz 2907ms (cache miss)
2011 http fetch GET 200 https://registry.npmjs.org/@babel/plugin-transform-duplicate-named-capturing-groups-regex/-/plugin-transform-duplicate-named-capturing-groups-regex-7.29.0.tgz 2907ms (cache miss)
2012 http fetch GET 200 https://registry.npmjs.org/workbox-recipes/-/workbox-recipes-7.4.0.tgz 3132ms (cache miss)
2013 http fetch GET 200 https://registry.npmjs.org/http-proxy/-/http-proxy-1.18.1.tgz 3021ms (cache miss)
2014 http fetch GET 200 https://registry.npmjs.org/@babel/plugin-transform-optional-chaining/-/plugin-transform-optional-chaining-7.28.6.tgz 2928ms (cache miss)
2015 http fetch GET 200 https://registry.npmjs.org/@babel/plugin-transform-dotall-regex/-/plugin-transform-dotall-regex-7.28.6.tgz 2922ms (cache miss)
2016 http fetch GET 200 https://registry.npmjs.org/@babel/plugin-transform-duplicate-keys/-/plugin-transform-duplicate-keys-7.27.1.tgz 2922ms (cache miss)
2017 http fetch GET 200 https://registry.npmjs.org/@babel/plugin-transform-computed-properties/-/plugin-transform-computed-properties-7.28.6.tgz 2921ms (cache miss)
2018 http fetch GET 200 https://registry.npmjs.org/@babel/plugin-transform-class-properties/-/plugin-transform-class-properties-7.28.6.tgz 2921ms (cache miss)
2019 http fetch GET 200 https://registry.npmjs.org/@rollup/plugin-node-resolve/-/plugin-node-resolve-15.3.1.tgz 2968ms (cache miss)
2020 http fetch GET 200 https://registry.npmjs.org/@babel/plugin-transform-export-namespace-from/-/plugin-transform-export-namespace-from-7.27.1.tgz 2943ms (cache miss)
2021 http fetch GET 200 https://registry.npmjs.org/workbox-range-requests/-/workbox-range-requests-7.4.0.tgz 3165ms (cache miss)
2022 http fetch GET 200 https://registry.npmjs.org/@babel/plugin-transform-destructuring/-/plugin-transform-destructuring-7.28.5.tgz 2955ms (cache miss)
2023 http fetch GET 200 https://registry.npmjs.org/@babel/plugin-transform-arrow-functions/-/plugin-transform-arrow-functions-7.27.1.tgz 2949ms (cache miss)
2024 http fetch GET 200 https://registry.npmjs.org/@babel/plugin-syntax-unicode-sets-regex/-/plugin-syntax-unicode-sets-regex-7.18.6.tgz 2948ms (cache miss)
2025 http fetch GET 200 https://registry.npmjs.org/@babel/plugin-transform-async-generator-functions/-/plugin-transform-async-generator-functions-7.29.0.tgz 2950ms (cache miss)
2026 http fetch GET 200 https://registry.npmjs.org/@babel/plugin-transform-class-static-block/-/plugin-transform-class-static-block-7.28.6.tgz 2976ms (cache miss)
2027 http fetch GET 200 https://registry.npmjs.org/@babel/plugin-syntax-import-attributes/-/plugin-syntax-import-attributes-7.28.6.tgz 2969ms (cache miss)
2028 http fetch GET 200 https://registry.npmjs.org/@babel/plugin-bugfix-v8-static-class-fields-redefine-readonly/-/plugin-bugfix-v8-static-class-fields-redefine-readonly-7.28.6.tgz 2969ms (cache miss)
2029 http fetch GET 200 https://registry.npmjs.org/@babel/plugin-bugfix-safari-class-field-initializer-scope/-/plugin-bugfix-safari-class-field-initializer-scope-7.27.1.tgz 2969ms (cache miss)
2030 http fetch GET 200 https://registry.npmjs.org/@babel/plugin-syntax-import-assertions/-/plugin-syntax-import-assertions-7.28.6.tgz 2985ms (cache miss)
2031 http fetch GET 200 https://registry.npmjs.org/@babel/plugin-transform-block-scoped-functions/-/plugin-transform-block-scoped-functions-7.27.1.tgz 2990ms (cache miss)
2032 http fetch GET 200 https://registry.npmjs.org/@babel/plugin-proposal-private-property-in-object/-/plugin-proposal-private-property-in-object-7.21.0-placeholder-for-preset-env.2.tgz 2985ms (cache miss)
2033 http fetch GET 200 https://registry.npmjs.org/@babel/plugin-bugfix-safari-id-destructuring-collision-in-function-expression/-/plugin-bugfix-safari-id-destructuring-collision-in-function-expression-7.27.1.tgz 2982ms (cache miss)
2034 http fetch GET 200 https://registry.npmjs.org/@babel/helper-validator-option/-/helper-validator-option-7.27.1.tgz 2983ms (cache miss)
2035 http fetch GET 200 https://registry.npmjs.org/@pnpm/npm-conf/-/npm-conf-3.0.2.tgz 3040ms (cache miss)
2036 http fetch GET 200 https://registry.npmjs.org/@babel/plugin-transform-async-to-generator/-/plugin-transform-async-to-generator-7.28.6.tgz 3014ms (cache miss)
2037 http fetch GET 200 https://registry.npmjs.org/@babel/plugin-bugfix-v8-spread-parameters-in-optional-chaining/-/plugin-bugfix-v8-spread-parameters-in-optional-chaining-7.27.1.tgz 3008ms (cache miss)
2038 http fetch GET 200 https://registry.npmjs.org/@babel/plugin-bugfix-firefox-class-in-computed-class-key/-/plugin-bugfix-firefox-class-in-computed-class-key-7.28.5.tgz 3007ms (cache miss)
2039 http fetch GET 200 https://registry.npmjs.org/@babel/helper-wrap-function/-/helper-wrap-function-7.28.6.tgz 3005ms (cache miss)
2040 http fetch GET 200 https://registry.npmjs.org/@babel/helper-skip-transparent-expression-wrappers/-/helper-skip-transparent-expression-wrappers-7.27.1.tgz 3004ms (cache miss)
2041 http fetch GET 200 https://registry.npmjs.org/@babel/helper-string-parser/-/helper-string-parser-7.27.1.tgz 3021ms (cache miss)
2042 http fetch GET 200 https://registry.npmjs.org/@babel/helper-replace-supers/-/helper-replace-supers-7.28.6.tgz 3021ms (cache miss)
2043 http fetch GET 200 https://registry.npmjs.org/@babel/helper-module-imports/-/helper-module-imports-7.28.6.tgz 3019ms (cache miss)
2044 http fetch GET 200 https://registry.npmjs.org/@babel/helper-optimise-call-expression/-/helper-optimise-call-expression-7.27.1.tgz 3020ms (cache miss)
2045 http fetch GET 200 https://registry.npmjs.org/@babel/helper-remap-async-to-generator/-/helper-remap-async-to-generator-7.27.1.tgz 3021ms (cache miss)
2046 http fetch GET 200 https://registry.npmjs.org/@babel/plugin-transform-modules-amd/-/plugin-transform-modules-amd-7.27.1.tgz 3038ms (cache miss)
2047 http fetch GET 200 https://registry.npmjs.org/workbox-streams/-/workbox-streams-7.4.0.tgz 3268ms (cache miss)
2048 http fetch GET 200 https://registry.npmjs.org/@babel/helper-validator-identifier/-/helper-validator-identifier-7.28.5.tgz 3046ms (cache miss)
2049 http fetch GET 200 https://registry.npmjs.org/@babel/helper-member-expression-to-functions/-/helper-member-expression-to-functions-7.28.5.tgz 3043ms (cache miss)
2050 http fetch GET 200 https://registry.npmjs.org/@babel/helper-plugin-utils/-/helper-plugin-utils-7.28.6.tgz 3060ms (cache miss)
2051 http fetch GET 200 https://registry.npmjs.org/@babel/helper-globals/-/helper-globals-7.28.0.tgz 3059ms (cache miss)
2052 http fetch GET 200 https://registry.npmjs.org/tough-cookie/-/tough-cookie-6.0.1.tgz 3284ms (cache miss)
2053 http fetch GET 200 https://registry.npmjs.org/babel-plugin-polyfill-corejs3/-/babel-plugin-polyfill-corejs3-0.14.2.tgz 3135ms (cache miss)
2054 http fetch GET 200 https://registry.npmjs.org/atomically/-/atomically-2.1.1.tgz 3134ms (cache miss)
2055 http fetch GET 200 https://registry.npmjs.org/@babel/compat-data/-/compat-data-7.29.0.tgz 3079ms (cache miss)
2056 http fetch GET 200 https://registry.npmjs.org/@babel/code-frame/-/code-frame-7.29.0.tgz 3078ms (cache miss)
2057 http fetch GET 200 https://registry.npmjs.org/@asamuzakjp/generational-cache/-/generational-cache-1.0.1.tgz 3078ms (cache miss)
2058 http fetch GET 200 https://registry.npmjs.org/@vitest/runner/-/runner-4.1.4.tgz 3146ms (cache miss)
2059 http fetch GET 200 https://registry.npmjs.org/@babel/helper-annotate-as-pure/-/helper-annotate-as-pure-7.27.3.tgz 3097ms (cache miss)
2060 http fetch GET 200 https://registry.npmjs.org/@asamuzakjp/nwsapi/-/nwsapi-2.3.9.tgz 3096ms (cache miss)
2061 http fetch GET 200 https://registry.npmjs.org/@eslint/js/-/js-10.0.1.tgz 3110ms (cache miss)
2062 http fetch GET 200 https://registry.npmjs.org/workbox-expiration/-/workbox-expiration-7.4.0.tgz 3365ms (cache miss)
2063 http fetch GET 200 https://registry.npmjs.org/@babel/plugin-transform-parameters/-/plugin-transform-parameters-7.27.7.tgz 3164ms (cache miss)
2064 http fetch GET 200 https://registry.npmjs.org/@babel/plugin-transform-classes/-/plugin-transform-classes-7.28.6.tgz 3156ms (cache miss)
2065 http fetch GET 200 https://registry.npmjs.org/@babel/plugin-transform-modules-commonjs/-/plugin-transform-modules-commonjs-7.28.6.tgz 3183ms (cache miss)
2066 http fetch GET 200 https://registry.npmjs.org/emoji-regex/-/emoji-regex-10.6.0.tgz 3151ms (cache miss)
2067 http fetch GET 200 https://registry.npmjs.org/string-width/-/string-width-7.2.0.tgz 3152ms (cache miss)
2068 http fetch GET 200 https://registry.npmjs.org/object-inspect/-/object-inspect-1.13.4.tgz 3339ms (cache miss)
2069 http fetch GET 200 https://registry.npmjs.org/ansi-regex/-/ansi-regex-6.2.2.tgz 3171ms (cache miss)
2070 http fetch GET 200 https://registry.npmjs.org/path-scurry/-/path-scurry-2.0.2.tgz 3355ms (cache miss)
2071 http fetch GET 200 https://registry.npmjs.org/@eslint/config-helpers/-/config-helpers-0.5.5.tgz 3226ms (cache miss)
2072 http fetch GET 200 https://registry.npmjs.org/strip-ansi/-/strip-ansi-7.2.0.tgz 3181ms (cache miss)
2073 http fetch GET 200 https://registry.npmjs.org/balanced-match/-/balanced-match-4.0.4.tgz 3179ms (cache miss)
2074 http fetch GET 200 https://registry.npmjs.org/brace-expansion/-/brace-expansion-5.0.5.tgz 3180ms (cache miss)
2075 http fetch GET 200 https://registry.npmjs.org/ansi-styles/-/ansi-styles-6.2.3.tgz 3188ms (cache miss)
2076 http fetch GET 200 https://registry.npmjs.org/@img/sharp-linux-x64/-/sharp-linux-x64-0.34.5.tgz 3247ms (cache miss)
2077 http fetch GET 200 https://registry.npmjs.org/@eslint-community/regexpp/-/regexpp-4.12.2.tgz 3241ms (cache miss)
2078 http fetch GET 200 https://registry.npmjs.org/@babel/helper-create-regexp-features-plugin/-/helper-create-regexp-features-plugin-7.28.5.tgz 3210ms (cache miss)
2079 http fetch GET 200 https://registry.npmjs.org/emoji-regex/-/emoji-regex-10.6.0.tgz 3193ms (cache miss)
2080 http fetch GET 200 https://registry.npmjs.org/string-width/-/string-width-7.2.0.tgz 3194ms (cache miss)
2081 http fetch GET 200 https://registry.npmjs.org/p-limit/-/p-limit-2.3.0.tgz 3191ms (cache miss)
2082 http fetch GET 200 https://registry.npmjs.org/locate-path/-/locate-path-5.0.0.tgz 3191ms (cache miss)
2083 http fetch GET 200 https://registry.npmjs.org/@eslint/plugin-kit/-/plugin-kit-0.7.1.tgz 3250ms (cache miss)
2084 http fetch GET 200 https://registry.npmjs.org/@eslint/object-schema/-/object-schema-3.0.5.tgz 3250ms (cache miss)
2085 http fetch GET 200 https://registry.npmjs.org/ansi-regex/-/ansi-regex-6.2.2.tgz 3200ms (cache miss)
2086 http fetch GET 200 https://registry.npmjs.org/json-schema-traverse/-/json-schema-traverse-1.0.0.tgz 3203ms (cache miss)
2087 http fetch GET 200 https://registry.npmjs.org/webidl-conversions/-/webidl-conversions-4.0.2.tgz 3199ms (cache miss)
2088 http fetch GET 200 https://registry.npmjs.org/find-up/-/find-up-4.1.0.tgz 3197ms (cache miss)
2089 http fetch GET 200 https://registry.npmjs.org/tar/-/tar-6.2.1.tgz 3425ms (cache miss)
2090 warn deprecated tar@6.2.1: Old versions of tar are not supported, and contain widely publicized security vulnerabilities, which have been fixed in the current version. Please update. Support for old versions may be purchased (at exorbitant rates) by contacting i@izs.me
2091 http fetch GET 200 https://registry.npmjs.org/strip-ansi/-/strip-ansi-7.2.0.tgz 3209ms (cache miss)
2092 http fetch GET 200 https://registry.npmjs.org/strip-ansi/-/strip-ansi-7.2.0.tgz 3196ms (cache miss)
2093 http fetch GET 200 https://registry.npmjs.org/p-locate/-/p-locate-4.1.0.tgz 3207ms (cache miss)
2094 http fetch GET 200 https://registry.npmjs.org/webidl-conversions/-/webidl-conversions-3.0.1.tgz 3202ms (cache miss)
2095 http fetch GET 200 https://registry.npmjs.org/minipass/-/minipass-3.3.6.tgz 3201ms (cache miss)
2096 http fetch GET 200 https://registry.npmjs.org/globals/-/globals-17.5.0.tgz 3218ms (cache miss)
2097 http fetch GET 200 https://registry.npmjs.org/acorn/-/acorn-8.16.0.tgz 3282ms (cache miss)
2098 http fetch GET 200 https://registry.npmjs.org/chownr/-/chownr-2.0.0.tgz 3215ms (cache miss)
2099 http fetch GET 200 https://registry.npmjs.org/ini/-/ini-1.3.8.tgz 3212ms (cache miss)
2100 http fetch GET 200 https://registry.npmjs.org/semver/-/semver-5.7.2.tgz 3209ms (cache miss)
2101 http fetch GET 200 https://registry.npmjs.org/minimatch/-/minimatch-5.1.9.tgz 3207ms (cache miss)
2102 http fetch GET 200 https://registry.npmjs.org/escape-string-regexp/-/escape-string-regexp-1.0.5.tgz 3206ms (cache miss)
2103 http fetch GET 200 https://registry.npmjs.org/yallist/-/yallist-3.1.1.tgz 3207ms (cache miss)
2104 http fetch GET 200 https://registry.npmjs.org/ansi-styles/-/ansi-styles-5.2.0.tgz 3216ms (cache miss)
2105 http fetch GET 200 https://registry.npmjs.org/glob-parent/-/glob-parent-5.1.2.tgz 3212ms (cache miss)
2106 http fetch GET 200 https://registry.npmjs.org/map-obj/-/map-obj-1.0.1.tgz 3212ms (cache miss)
2107 http fetch GET 200 https://registry.npmjs.org/string-width/-/string-width-7.2.0.tgz 3211ms (cache miss)
2108 http fetch GET 200 https://registry.npmjs.org/emoji-regex/-/emoji-regex-10.6.0.tgz 3211ms (cache miss)
2109 http fetch GET 200 https://registry.npmjs.org/tar 2376ms (cache revalidated)
2110 silly packumentCache corgi:https://registry.npmjs.org/tar set size:202125 disposed:false
2111 http fetch GET 200 https://registry.npmjs.org/pdfjs-dist 2383ms (cache revalidated)
2112 silly packumentCache corgi:https://registry.npmjs.org/pdfjs-dist set size:839393 disposed:false
2113 http fetch GET 200 https://registry.npmjs.org/@eslint-community/eslint-utils/-/eslint-utils-4.9.1.tgz 3291ms (cache miss)
2114 http fetch GET 200 https://registry.npmjs.org/esbuild/-/esbuild-0.28.0.tgz 3248ms (cache miss)
2115 http fetch GET 200 https://registry.npmjs.org/ini/-/ini-1.3.8.tgz 3232ms (cache miss)
2116 http fetch GET 200 https://registry.npmjs.org/semver/-/semver-6.3.1.tgz 3235ms (cache miss)
2117 http fetch GET 200 https://registry.npmjs.org/brace-expansion/-/brace-expansion-2.1.0.tgz 3233ms (cache miss)
2118 http fetch GET 200 https://registry.npmjs.org/camelcase/-/camelcase-8.0.0.tgz 3231ms (cache miss)
2119 http fetch GET 200 https://registry.npmjs.org/safe-buffer/-/safe-buffer-5.1.2.tgz 3231ms (cache miss)
2120 http fetch GET 200 https://registry.npmjs.org/ansi-regex/-/ansi-regex-6.2.2.tgz 3231ms (cache miss)
2121 http fetch GET 200 https://registry.npmjs.org/workbox-background-sync/-/workbox-background-sync-7.4.0.tgz 3488ms (cache miss)
2122 http fetch GET 200 https://registry.npmjs.org/core-js-compat/-/core-js-compat-3.49.0.tgz 3345ms (cache miss)
2123 http fetch GET 200 https://registry.npmjs.org/@babel/plugin-transform-block-scoping/-/plugin-transform-block-scoping-7.28.6.tgz 3281ms (cache miss)
2124 http fetch GET 200 https://registry.npmjs.org/minipass/-/minipass-3.3.6.tgz 3242ms (cache miss)
2125 http fetch GET 200 https://registry.npmjs.org/estree-walker/-/estree-walker-1.0.1.tgz 3237ms (cache miss)
2126 http fetch GET 200 https://registry.npmjs.org/estree-walker/-/estree-walker-2.0.2.tgz 3236ms (cache miss)
2127 http fetch GET 200 https://registry.npmjs.org/@types/estree/-/estree-0.0.39.tgz 3236ms (cache miss)
2128 http fetch GET 200 https://registry.npmjs.org/graceful-fs/-/graceful-fs-4.2.10.tgz 3236ms (cache miss)
2129 http fetch GET 200 https://registry.npmjs.org/bidi-js/-/bidi-js-1.0.3.tgz 3330ms (cache miss)
2130 http fetch GET 200 https://registry.npmjs.org/semver/-/semver-6.3.1.tgz 3243ms (cache miss)
2131 http fetch GET 200 https://registry.npmjs.org/semver/-/semver-6.3.1.tgz 3239ms (cache miss)
2132 http fetch GET 200 https://registry.npmjs.org/semver/-/semver-6.3.1.tgz 3239ms (cache miss)
2133 http fetch GET 200 https://registry.npmjs.org/semver/-/semver-6.3.1.tgz 3238ms (cache miss)
2134 http fetch GET 200 https://registry.npmjs.org/balanced-match/-/balanced-match-4.0.4.tgz 3239ms (cache miss)
2135 http fetch GET 200 https://registry.npmjs.org/balanced-match/-/balanced-match-4.0.4.tgz 3238ms (cache miss)
2136 http fetch GET 200 https://registry.npmjs.org/semver/-/semver-6.3.1.tgz 3239ms (cache miss)
2137 http fetch GET 200 https://registry.npmjs.org/semver/-/semver-6.3.1.tgz 3239ms (cache miss)
2138 http fetch GET 200 https://registry.npmjs.org/readable-stream/-/readable-stream-3.6.2.tgz 3451ms (cache miss)
2139 http fetch GET 200 https://registry.npmjs.org/brace-expansion/-/brace-expansion-5.0.5.tgz 3244ms (cache miss)
2140 http fetch GET 200 https://registry.npmjs.org/brace-expansion/-/brace-expansion-5.0.5.tgz 3241ms (cache miss)
2141 http fetch GET 200 https://registry.npmjs.org/whatwg-url/-/whatwg-url-5.0.0.tgz 3261ms (cache miss)
2142 http fetch GET 200 https://registry.npmjs.org/@rollup/pluginutils/-/pluginutils-5.3.0.tgz 3253ms (cache miss)
2143 http fetch GET 200 https://registry.npmjs.org/eslint-visitor-keys/-/eslint-visitor-keys-3.4.3.tgz 3252ms (cache miss)
2144 http fetch GET 200 https://registry.npmjs.org/simple-get/-/simple-get-3.1.1.tgz 3249ms (cache miss)
2145 http fetch GET 200 https://registry.npmjs.org/html-encoding-sniffer/-/html-encoding-sniffer-6.0.0.tgz 3248ms (cache miss)
2146 http fetch GET 200 https://registry.npmjs.org/mimic-response/-/mimic-response-2.1.0.tgz 3254ms (cache miss)
2147 http fetch GET 200 https://registry.npmjs.org/balanced-match/-/balanced-match-4.0.4.tgz 3252ms (cache miss)
2148 http fetch GET 200 https://registry.npmjs.org/decompress-response/-/decompress-response-4.2.1.tgz 3258ms (cache miss)
2149 http fetch GET 200 https://registry.npmjs.org/tmp 2429ms (cache miss)
2150 silly packumentCache corgi:https://registry.npmjs.org/tmp set size:undefined disposed:false
2151 http fetch GET 200 https://registry.npmjs.org/tslib/-/tslib-1.14.1.tgz 3284ms (cache miss)
2152 http fetch GET 200 https://registry.npmjs.org/picomatch/-/picomatch-2.3.2.tgz 3283ms (cache miss)
2153 http fetch GET 200 https://registry.npmjs.org/brace-expansion 2438ms (cache miss)
2154 silly packumentCache corgi:https://registry.npmjs.org/brace-expansion set size:undefined disposed:false
2155 http fetch GET 200 https://registry.npmjs.org/fast-uri 2442ms (cache miss)
2156 silly packumentCache corgi:https://registry.npmjs.org/fast-uri set size:undefined disposed:false
2157 http fetch GET 200 https://registry.npmjs.org/serialize-javascript 2451ms (cache miss)
2158 silly packumentCache corgi:https://registry.npmjs.org/serialize-javascript set size:undefined disposed:false
2159 http fetch GET 200 https://registry.npmjs.org/@babel/template/-/template-7.28.6.tgz 3359ms (cache miss)
2160 http fetch GET 200 https://registry.npmjs.org/tr46/-/tr46-1.0.1.tgz 3317ms (cache miss)
2161 http fetch GET 200 https://registry.npmjs.org/picomatch/-/picomatch-2.3.2.tgz 3304ms (cache miss)
2162 http fetch GET 200 https://registry.npmjs.org/picomatch/-/picomatch-2.3.2.tgz 3308ms (cache miss)
2163 http fetch GET 200 https://registry.npmjs.org/qs 2474ms (cache miss)
2164 silly packumentCache corgi:https://registry.npmjs.org/qs set size:undefined disposed:false
2165 http fetch GET 200 https://registry.npmjs.org/@babel%2fplugin-transform-modules-systemjs 2482ms (cache miss)
2166 silly packumentCache corgi:https://registry.npmjs.org/@babel%2fplugin-transform-modules-systemjs set size:undefined disposed:false
2167 http fetch GET 200 https://registry.npmjs.org/tr46/-/tr46-0.0.3.tgz 3328ms (cache miss)
2168 http fetch GET 200 https://registry.npmjs.org/whatwg-url/-/whatwg-url-7.1.0.tgz 3339ms (cache miss)
2169 http fetch GET 200 https://registry.npmjs.org/union/-/union-0.5.0.tgz 3573ms (cache miss)
2170 http fetch GET 200 https://registry.npmjs.org/type-fest/-/type-fest-0.6.0.tgz 3342ms (cache miss)
2171 http fetch GET 200 https://registry.npmjs.org/mdn-data/-/mdn-data-2.27.1.tgz 3517ms (cache miss)
2172 http fetch GET 200 https://registry.npmjs.org/fast-uri/-/fast-uri-3.1.0.tgz 3470ms (cache miss)
2173 http fetch GET 200 https://registry.npmjs.org/@babel/helper-compilation-targets/-/helper-compilation-targets-7.28.6.tgz 3374ms (cache miss)
2174 http fetch GET 200 https://registry.npmjs.org/type-fest/-/type-fest-0.21.3.tgz 3619ms (cache miss)
2175 http fetch GET 200 https://registry.npmjs.org/jackspeak/-/jackspeak-4.2.3.tgz 3554ms (cache miss)
2176 http fetch GET 200 https://registry.npmjs.org/@babel/helper-module-transforms/-/helper-module-transforms-7.28.6.tgz 3419ms (cache miss)
2177 http fetch GET 200 https://registry.npmjs.org/@jridgewell/sourcemap-codec/-/sourcemap-codec-1.5.5.tgz 3460ms (cache miss)
2178 http fetch GET 200 https://registry.npmjs.org/@emnapi/runtime/-/runtime-1.10.0.tgz 3453ms (cache miss)
2179 http fetch GET 200 https://registry.npmjs.org/type-fest/-/type-fest-0.8.1.tgz 3410ms (cache miss)
2180 http fetch GET 200 https://registry.npmjs.org/chalk/-/chalk-5.6.2.tgz 3416ms (cache miss)
2181 http fetch GET 200 https://registry.npmjs.org/workbox-strategies/-/workbox-strategies-7.4.0.tgz 3669ms (cache miss)
2182 http fetch GET 200 https://registry.npmjs.org/esquery/-/esquery-1.7.0.tgz 3535ms (cache miss)
2183 http fetch GET 200 https://registry.npmjs.org/magic-string/-/magic-string-0.25.9.tgz 3409ms (cache miss)
2184 http fetch GET 200 https://registry.npmjs.org/magic-string/-/magic-string-0.25.9.tgz 3408ms (cache miss)
2185 http fetch GET 200 https://registry.npmjs.org/inquirer/-/inquirer-7.3.3.tgz 3565ms (cache miss)
2186 http fetch GET 200 https://registry.npmjs.org/@jridgewell/remapping/-/remapping-2.3.5.tgz 3488ms (cache miss)
2187 http fetch GET 200 https://registry.npmjs.org/semver/-/semver-7.7.4.tgz 3639ms (cache miss)
2188 http fetch GET 200 https://registry.npmjs.org/chalk/-/chalk-5.6.2.tgz 3425ms (cache miss)
2189 http fetch GET 200 https://registry.npmjs.org/@eslint/config-array/-/config-array-0.23.5.tgz 3490ms (cache miss)
2190 http fetch GET 200 https://registry.npmjs.org/nan/-/nan-2.26.2.tgz 3613ms (cache miss)
2191 http fetch GET 200 https://registry.npmjs.org/@asamuzakjp/dom-selector/-/dom-selector-7.1.1.tgz 3458ms (cache miss)
2192 http fetch GET 200 https://registry.npmjs.org/brace-expansion/-/brace-expansion-5.0.5.tgz 3435ms (cache miss)
2193 http fetch GET 200 https://registry.npmjs.org/@vitest/mocker/-/mocker-4.1.4.tgz 3529ms (cache miss)
2194 http fetch GET 200 https://registry.npmjs.org/workbox-routing/-/workbox-routing-7.4.0.tgz 3712ms (cache miss)
2195 http fetch GET 200 https://registry.npmjs.org/@babel/preset-modules/-/preset-modules-0.1.6-no-external-plugins.tgz 3512ms (cache miss)
2196 http fetch GET 200 https://registry.npmjs.org/@babel/helper-create-class-features-plugin/-/helper-create-class-features-plugin-7.28.6.tgz 3484ms (cache miss)
2197 http fetch GET 200 https://registry.npmjs.org/@vitest/utils/-/utils-4.1.4.tgz 3540ms (cache miss)
2198 http fetch GET 200 https://registry.npmjs.org/@jridgewell/gen-mapping/-/gen-mapping-0.3.13.tgz 3528ms (cache miss)
2199 http fetch GET 200 https://registry.npmjs.org/@babel/helper-define-polyfill-provider/-/helper-define-polyfill-provider-0.6.8.tgz 3494ms (cache miss)
2200 http fetch GET 200 https://registry.npmjs.org/fuse.js/-/fuse.js-7.0.0.tgz 3482ms (cache miss)
2201 http fetch GET 200 https://registry.npmjs.org/@babel/plugin-transform-regenerator/-/plugin-transform-regenerator-7.29.0.tgz 3526ms (cache miss)
2202 http fetch GET 200 https://registry.npmjs.org/iconv-lite/-/iconv-lite-0.6.3.tgz 3625ms (cache miss)
2203 http fetch GET 200 https://registry.npmjs.org/minipass/-/minipass-7.1.3.tgz 3494ms (cache miss)
2204 http fetch GET 200 https://registry.npmjs.org/@bramus/specificity/-/specificity-2.4.2.tgz 3540ms (cache miss)
2205 http fetch GET 200 https://registry.npmjs.org/@apideck/better-ajv-errors/-/better-ajv-errors-0.3.7.tgz 3504ms (cache miss)
2206 http fetch GET 200 https://registry.npmjs.org/minipass/-/minipass-7.1.3.tgz 3501ms (cache miss)
2207 http fetch GET 200 https://registry.npmjs.org/esbuild 2662ms (cache miss)
2208 silly packumentCache corgi:https://registry.npmjs.org/esbuild set size:undefined disposed:false
2209 http fetch GET 200 https://registry.npmjs.org/fs-extra/-/fs-extra-9.1.0.tgz 3646ms (cache miss)
2210 http fetch GET 200 https://registry.npmjs.org/type-fest/-/type-fest-0.16.0.tgz 3523ms (cache miss)
2211 http fetch GET 200 https://registry.npmjs.org/type-fest/-/type-fest-0.13.1.tgz 3516ms (cache miss)
2212 http fetch GET 200 https://registry.npmjs.org/@mapbox/node-pre-gyp/-/node-pre-gyp-1.0.11.tgz 3584ms (cache miss)
2213 http fetch GET 200 https://registry.npmjs.org/dompurify/-/dompurify-3.4.0.tgz 3538ms (cache miss)
2214 http fetch GET 200 https://registry.npmjs.org/minipass/-/minipass-7.1.3.tgz 3515ms (cache miss)
2215 http fetch GET 200 https://registry.npmjs.org/workbox-window/-/workbox-window-7.4.0.tgz 3784ms (cache miss)
2216 http fetch GET 200 https://registry.npmjs.org/parse5/-/parse5-8.0.1.tgz 3721ms (cache miss)
2217 http fetch GET 200 https://registry.npmjs.org/marked/-/marked-9.1.6.tgz 3560ms (cache miss)
2218 silly packumentCache corgi:https://registry.npmjs.org/@babel%2fpreset-env cache-miss
2219 http fetch GET 200 https://registry.npmjs.org/postcss/-/postcss-8.5.10.tgz 3743ms (cache miss)
2220 http fetch GET 200 https://registry.npmjs.org/http-server/-/http-server-14.1.1.tgz 3574ms (cache miss)
2221 http fetch GET 200 https://registry.npmjs.org/jake/-/jake-10.9.4.tgz 3741ms (cache miss)
2222 http fetch GET 200 https://registry.npmjs.org/source-map/-/source-map-0.6.1.tgz 3589ms (cache miss)
2223 http fetch GET 200 https://registry.npmjs.org/iconv-lite/-/iconv-lite-0.4.24.tgz 3592ms (cache miss)
2224 http fetch GET 200 https://registry.npmjs.org/@jridgewell/trace-mapping/-/trace-mapping-0.3.31.tgz 3675ms (cache miss)
2225 http fetch GET 200 https://registry.npmjs.org/@babel/preset-env/-/preset-env-7.29.2.tgz 3669ms (cache miss)
2226 http fetch GET 200 https://registry.npmjs.org/@exodus/bytes/-/bytes-1.15.0.tgz 3683ms (cache miss)
2227 http fetch GET 200 https://registry.npmjs.org/sharp/-/sharp-0.34.5.tgz 3648ms (cache miss)
2228 http fetch GET 200 https://registry.npmjs.org/@babel/parser/-/parser-7.29.2.tgz 3670ms (cache miss)
2229 http fetch GET 200 https://registry.npmjs.org/signal-exit/-/signal-exit-4.1.0.tgz 3651ms (cache miss)
2230 http fetch GET 200 https://registry.npmjs.org/rolldown/-/rolldown-1.0.0-rc.16.tgz 3881ms (cache miss)
2231 http fetch GET 200 https://registry.npmjs.org/dom-accessibility-api/-/dom-accessibility-api-0.5.16.tgz 3829ms (cache miss)
2232 http fetch GET 200 https://registry.npmjs.org/workbox-cli/-/workbox-cli-7.4.0.tgz 3732ms (cache miss)
2233 http fetch GET 200 https://registry.npmjs.org/workbox-precaching/-/workbox-precaching-7.4.0.tgz 3991ms (cache miss)
2234 http fetch GET 200 https://registry.npmjs.org/entities/-/entities-8.0.0.tgz 3862ms (cache miss)
2235 http fetch GET 200 https://registry.npmjs.org/@babel%2fpreset-env 198ms (cache miss)
2236 silly packumentCache corgi:https://registry.npmjs.org/@babel%2fpreset-env set size:undefined disposed:false
2237 http fetch GET 200 https://registry.npmjs.org/vite/-/vite-8.0.9.tgz 4035ms (cache miss)
2238 http fetch GET 200 https://registry.npmjs.org/uri-js/-/uri-js-4.4.1.tgz 4037ms (cache miss)
2239 silly packumentCache corgi:https://registry.npmjs.org/minimatch cache-miss
2240 http fetch GET 200 https://registry.npmjs.org/async/-/async-3.2.6.tgz 3896ms (cache miss)
2241 http fetch GET 200 https://registry.npmjs.org/terser/-/terser-5.46.1.tgz 4052ms (cache miss)
2242 http fetch GET 200 https://registry.npmjs.org/@babel/generator/-/generator-7.29.1.tgz 3889ms (cache miss)
2243 http fetch GET 200 https://registry.npmjs.org/canvas/-/canvas-2.11.2.tgz 3858ms (cache miss)
2244 http fetch GET 200 https://registry.npmjs.org/minimatch 83ms (cache miss)
2245 silly packumentCache corgi:https://registry.npmjs.org/minimatch set size:undefined disposed:false
2246 silly packumentCache corgi:https://registry.npmjs.org/vite cache-miss
2247 http fetch GET 200 https://registry.npmjs.org/tldts/-/tldts-7.0.28.tgz 4192ms (cache miss)
2248 http fetch GET 200 https://registry.npmjs.org/minimatch/-/minimatch-10.2.5.tgz 3976ms (cache miss)
2249 http fetch GET 200 https://registry.npmjs.org/minimatch/-/minimatch-10.2.5.tgz 3963ms (cache miss)
2250 http fetch GET 200 https://registry.npmjs.org/minimatch/-/minimatch-10.2.5.tgz 3969ms (cache miss)
2251 http fetch GET 200 https://registry.npmjs.org/minimatch/-/minimatch-10.2.5.tgz 3972ms (cache miss)
2252 http fetch GET 200 https://registry.npmjs.org/ky/-/ky-1.14.3.tgz 4162ms (cache miss)
2253 http fetch GET 200 https://registry.npmjs.org/workbox-core/-/workbox-core-7.4.0.tgz 4258ms (cache miss)
2254 http fetch GET 200 https://registry.npmjs.org/@testing-library/dom/-/dom-10.4.1.tgz 4047ms (cache miss)
2255 http fetch GET 200 https://registry.npmjs.org/@babel/traverse/-/traverse-7.29.0.tgz 4094ms (cache miss)
2256 http fetch GET 200 https://registry.npmjs.org/glob/-/glob-11.1.0.tgz 4059ms (cache miss)
2257 warn deprecated glob@11.1.0: Old versions of glob are not supported, and contain widely publicized security vulnerabilities, which have been fixed in the current version. Please update. Support for old versions may be purchased (at exorbitant rates) by contacting i@izs.me
2258 http fetch GET 200 https://registry.npmjs.org/@asamuzakjp/css-color/-/css-color-5.1.11.tgz 4092ms (cache miss)
2259 http fetch GET 200 https://registry.npmjs.org/glob/-/glob-11.1.0.tgz 4061ms (cache miss)
2260 warn deprecated glob@11.1.0: Old versions of glob are not supported, and contain widely publicized security vulnerabilities, which have been fixed in the current version. Please update. Support for old versions may be purchased (at exorbitant rates) by contacting i@izs.me
2261 http fetch GET 200 https://registry.npmjs.org/tldts-core/-/tldts-core-7.0.28.tgz 4311ms (cache miss)
2262 http fetch GET 200 https://registry.npmjs.org/lru-cache/-/lru-cache-11.3.5.tgz 4092ms (cache miss)
2263 http fetch GET 200 https://registry.npmjs.org/lru-cache/-/lru-cache-11.3.5.tgz 4101ms (cache miss)
2264 http fetch GET 200 https://registry.npmjs.org/resolve/-/resolve-1.22.12.tgz 4389ms (cache miss)
2265 http fetch GET 200 https://registry.npmjs.org/common-tags/-/common-tags-1.8.2.tgz 4293ms (cache miss)
2266 http fetch GET 200 https://registry.npmjs.org/ajv/-/ajv-6.14.0.tgz 4270ms (cache miss)
2267 http fetch GET 200 https://registry.npmjs.org/rollup/-/rollup-2.80.0.tgz 4406ms (cache miss)
2268 http fetch GET 200 https://registry.npmjs.org/@surma/rollup-plugin-off-main-thread/-/rollup-plugin-off-main-thread-2.2.3.tgz 4287ms (cache miss)
2269 http fetch GET 200 https://registry.npmjs.org/@isaacs/cliui/-/cliui-9.0.0.tgz 4285ms (cache miss)
2270 http fetch GET 200 https://registry.npmjs.org/vite 302ms (cache miss)
2271 silly packumentCache corgi:https://registry.npmjs.org/vite set size:undefined disposed:false
2272 silly packumentCache corgi:https://registry.npmjs.org/ajv cache-miss
2273 http fetch GET 200 https://registry.npmjs.org/workbox-build/-/workbox-build-7.4.0.tgz 4589ms (cache miss)
2274 http fetch GET 200 https://registry.npmjs.org/vitest/-/vitest-4.1.4.tgz 4387ms (cache miss)
2275 http fetch GET 200 https://registry.npmjs.org/@fontsource/playfair-display/-/playfair-display-5.2.8.tgz 4397ms (cache miss)
2276 http fetch GET 200 https://registry.npmjs.org/ajv 77ms (cache miss)
2277 silly packumentCache corgi:https://registry.npmjs.org/ajv set size:undefined disposed:false
2278 http fetch GET 200 https://registry.npmjs.org/type-fest/-/type-fest-4.41.0.tgz 4392ms (cache miss)
2279 http fetch GET 200 https://registry.npmjs.org/type-fest/-/type-fest-4.41.0.tgz 4397ms (cache miss)
2280 silly packumentCache corgi:https://registry.npmjs.org/union cache-miss
2281 http fetch GET 200 https://registry.npmjs.org/union 33ms (cache miss)
2282 silly packumentCache corgi:https://registry.npmjs.org/union set size:undefined disposed:false
2283 silly packumentCache corgi:https://registry.npmjs.org/@rollup%2fplugin-terser cache-miss
2284 http fetch GET 200 https://registry.npmjs.org/fake-indexeddb/-/fake-indexeddb-6.2.5.tgz 4518ms (cache miss)
2285 http fetch GET 200 https://registry.npmjs.org/@rollup%2fplugin-terser 43ms (cache miss)
2286 silly packumentCache corgi:https://registry.npmjs.org/@rollup%2fplugin-terser set size:undefined disposed:false
2287 http fetch GET 200 https://registry.npmjs.org/lightningcss-linux-x64-gnu/-/lightningcss-linux-x64-gnu-1.32.0.tgz 4682ms (cache miss)
2288 silly packumentCache corgi:https://registry.npmjs.org/@mapbox%2fnode-pre-gyp cache-miss
2289 http fetch GET 200 https://registry.npmjs.org/@babel/core/-/core-7.29.0.tgz 4578ms (cache miss)
2290 http fetch GET 200 https://registry.npmjs.org/@mapbox%2fnode-pre-gyp 62ms (cache revalidated)
2291 silly packumentCache corgi:https://registry.npmjs.org/@mapbox%2fnode-pre-gyp set size:47144 disposed:false
2292 silly packumentCache corgi:https://registry.npmjs.org/external-editor cache-miss
2293 http fetch GET 200 https://registry.npmjs.org/external-editor 34ms (cache miss)
2294 silly packumentCache corgi:https://registry.npmjs.org/external-editor set size:undefined disposed:false
2295 silly packumentCache corgi:https://registry.npmjs.org/workbox-build cache-miss
2296 http fetch GET 200 https://registry.npmjs.org/@esbuild/linux-x64/-/linux-x64-0.28.0.tgz 4715ms (cache miss)
2297 http fetch GET 200 https://registry.npmjs.org/workbox-build 44ms (cache miss)
2298 silly packumentCache corgi:https://registry.npmjs.org/workbox-build set size:undefined disposed:false
2299 silly packumentCache corgi:https://registry.npmjs.org/canvas cache-miss
2300 http fetch GET 200 https://registry.npmjs.org/canvas 33ms (cache revalidated)
2301 silly packumentCache corgi:https://registry.npmjs.org/canvas set size:135314 disposed:false
2302 silly packumentCache corgi:https://registry.npmjs.org/inquirer cache-miss
2303 http fetch GET 200 https://registry.npmjs.org/@fontsource/jetbrains-mono/-/jetbrains-mono-5.2.8.tgz 4757ms (cache miss)
2304 http fetch GET 200 https://registry.npmjs.org/chart.js/-/chart.js-4.5.1.tgz 4767ms (cache miss)
2305 http fetch GET 200 https://registry.npmjs.org/@babel/runtime/-/runtime-7.29.2.tgz 4817ms (cache miss)
2306 http fetch GET 200 https://registry.npmjs.org/inquirer 48ms (cache miss)
2307 silly packumentCache corgi:https://registry.npmjs.org/inquirer set size:undefined disposed:false
2308 silly packumentCache corgi:https://registry.npmjs.org/workbox-cli cache-miss
2309 http fetch GET 200 https://registry.npmjs.org/@babel/types/-/types-7.29.0.tgz 4884ms (cache miss)
2310 http fetch GET 200 https://registry.npmjs.org/undici/-/undici-7.25.0.tgz 5107ms (cache miss)
2311 http fetch GET 200 https://registry.npmjs.org/@img/sharp-libvips-linux-x64/-/sharp-libvips-linux-x64-1.2.4.tgz 4961ms (cache miss)
2312 http fetch GET 200 https://registry.npmjs.org/workbox-cli 129ms (cache miss)
2313 silly packumentCache corgi:https://registry.npmjs.org/workbox-cli set size:undefined disposed:false
2314 http fetch GET 200 https://registry.npmjs.org/aria-query/-/aria-query-5.3.0.tgz 5039ms (cache miss)
2315 http fetch GET 200 https://registry.npmjs.org/@babel/helpers/-/helpers-7.29.2.tgz 4991ms (cache miss)
2316 http fetch GET 200 https://registry.npmjs.org/regenerate-unicode-properties/-/regenerate-unicode-properties-10.2.2.tgz 5175ms (cache miss)
2317 http fetch GET 200 https://registry.npmjs.org/@fontsource/inter/-/inter-5.2.8.tgz 5019ms (cache miss)
2318 http fetch GET 200 https://registry.npmjs.org/css-tree/-/css-tree-3.2.1.tgz 5183ms (cache miss)
2319 http fetch GET 200 https://registry.npmjs.org/@rolldown/binding-linux-x64-gnu/-/binding-linux-x64-gnu-1.0.0-rc.16.tgz 5149ms (cache miss)
2320 http fetch GET 200 https://registry.npmjs.org/lodash/-/lodash-4.18.1.tgz 5294ms (cache miss)
2321 http fetch GET 200 https://registry.npmjs.org/eslint/-/eslint-10.2.1.tgz 5238ms (cache miss)
2322 http fetch GET 200 https://registry.npmjs.org/ajv/-/ajv-8.18.0.tgz 5320ms (cache miss)
2323 http fetch GET 200 https://registry.npmjs.org/pdfjs-dist/-/pdfjs-dist-3.11.174.tgz 5391ms (cache miss)
2324 http fetch GET 200 https://registry.npmjs.org/caniuse-lite/-/caniuse-lite-1.0.30001788.tgz 5543ms (cache miss)
2325 http fetch GET 200 https://registry.npmjs.org/jsdom/-/jsdom-29.0.2.tgz 5570ms (cache miss)
2326 http fetch GET 200 https://registry.npmjs.org/es-abstract/-/es-abstract-1.24.2.tgz 5791ms (cache miss)
2327 http fetch GET 200 https://registry.npmjs.org/rxjs/-/rxjs-6.6.7.tgz 6235ms (cache miss)
2328 http fetch GET 200 https://registry.npmjs.org/@fortawesome/fontawesome-free/-/fontawesome-free-7.2.0.tgz 6332ms (cache miss)
2329 info run sharp@0.34.5 install node_modules/sharp node install/check.js || npm run build
2330 info run canvas@2.11.2 install node_modules/pdfjs-dist/node_modules/canvas node-pre-gyp install --fallback-to-build --update-binary
2331 info run sharp@0.34.5 install { code: 0, signal: null }
2332 info run canvas@2.11.2 install { code: 1, signal: null }
2333 verbose reify failed optional dependency /vercel/share/v0-project/far/node_modules/pdfjs-dist/node_modules/canvas
2334 silly reify mark deleted [
2334 silly reify   '/vercel/share/v0-project/far/node_modules/pdfjs-dist/node_modules/canvas'
2334 silly reify ]
2335 verbose reify failed optional dependency /vercel/share/v0-project/far/node_modules/@mapbox/node-pre-gyp
2336 silly reify mark deleted [
2336 silly reify   '/vercel/share/v0-project/far/node_modules/@mapbox/node-pre-gyp',
2336 silly reify   '/vercel/share/v0-project/far/node_modules/.bin/node-pre-gyp'
2336 silly reify ]
2337 verbose reify failed optional dependency /vercel/share/v0-project/far/node_modules/nan
2338 silly reify mark deleted [ '/vercel/share/v0-project/far/node_modules/nan' ]
2339 verbose reify failed optional dependency /vercel/share/v0-project/far/node_modules/pdfjs-dist/node_modules/simple-get
2340 silly reify mark deleted [
2340 silly reify   '/vercel/share/v0-project/far/node_modules/pdfjs-dist/node_modules/simple-get'
2340 silly reify ]
2341 verbose reify failed optional dependency /vercel/share/v0-project/far/node_modules/https-proxy-agent
2342 silly reify mark deleted [ '/vercel/share/v0-project/far/node_modules/https-proxy-agent' ]
2343 verbose reify failed optional dependency /vercel/share/v0-project/far/node_modules/make-dir
2344 silly reify mark deleted [ '/vercel/share/v0-project/far/node_modules/make-dir' ]
2345 verbose reify failed optional dependency /vercel/share/v0-project/far/node_modules/node-fetch
2346 silly reify mark deleted [ '/vercel/share/v0-project/far/node_modules/node-fetch' ]
2347 verbose reify failed optional dependency /vercel/share/v0-project/far/node_modules/nopt
2348 silly reify mark deleted [
2348 silly reify   '/vercel/share/v0-project/far/node_modules/nopt',
2348 silly reify   '/vercel/share/v0-project/far/node_modules/.bin/nopt'
2348 silly reify ]
2349 verbose reify failed optional dependency /vercel/share/v0-project/far/node_modules/npmlog
2350 silly reify mark deleted [ '/vercel/share/v0-project/far/node_modules/npmlog' ]
2351 verbose reify failed optional dependency /vercel/share/v0-project/far/node_modules/rimraf
2352 silly reify mark deleted [
2352 silly reify   '/vercel/share/v0-project/far/node_modules/rimraf',
2352 silly reify   '/vercel/share/v0-project/far/node_modules/.bin/rimraf'
2352 silly reify ]
2353 verbose reify failed optional dependency /vercel/share/v0-project/far/node_modules/tar
2354 silly reify mark deleted [ '/vercel/share/v0-project/far/node_modules/tar' ]
2355 verbose reify failed optional dependency /vercel/share/v0-project/far/node_modules/pdfjs-dist/node_modules/decompress-response
2356 silly reify mark deleted [
2356 silly reify   '/vercel/share/v0-project/far/node_modules/pdfjs-dist/node_modules/decompress-response'
2356 silly reify ]
2357 verbose reify failed optional dependency /vercel/share/v0-project/far/node_modules/once
2358 silly reify mark deleted [ '/vercel/share/v0-project/far/node_modules/once' ]
2359 verbose reify failed optional dependency /vercel/share/v0-project/far/node_modules/simple-concat
2360 silly reify mark deleted [ '/vercel/share/v0-project/far/node_modules/simple-concat' ]
2361 verbose reify failed optional dependency /vercel/share/v0-project/far/node_modules/agent-base
2362 silly reify mark deleted [ '/vercel/share/v0-project/far/node_modules/agent-base' ]
2363 verbose reify failed optional dependency /vercel/share/v0-project/far/node_modules/make-dir/node_modules/semver
2364 silly reify mark deleted [
2364 silly reify   '/vercel/share/v0-project/far/node_modules/make-dir/node_modules/semver',
2364 silly reify   '/vercel/share/v0-project/far/node_modules/make-dir/node_modules/.bin/semver'
2364 silly reify ]
2365 verbose reify failed optional dependency /vercel/share/v0-project/far/node_modules/node-fetch/node_modules/whatwg-url
2366 silly reify mark deleted [
2366 silly reify   '/vercel/share/v0-project/far/node_modules/node-fetch/node_modules/whatwg-url'
2366 silly reify ]
2367 verbose reify failed optional dependency /vercel/share/v0-project/far/node_modules/abbrev
2368 silly reify mark deleted [ '/vercel/share/v0-project/far/node_modules/abbrev' ]
2369 verbose reify failed optional dependency /vercel/share/v0-project/far/node_modules/are-we-there-yet
2370 silly reify mark deleted [ '/vercel/share/v0-project/far/node_modules/are-we-there-yet' ]
2371 verbose reify failed optional dependency /vercel/share/v0-project/far/node_modules/console-control-strings
2372 silly reify mark deleted [ '/vercel/share/v0-project/far/node_modules/console-control-strings' ]
2373 verbose reify failed optional dependency /vercel/share/v0-project/far/node_modules/gauge
2374 silly reify mark deleted [ '/vercel/share/v0-project/far/node_modules/gauge' ]
2375 verbose reify failed optional dependency /vercel/share/v0-project/far/node_modules/set-blocking
2376 silly reify mark deleted [ '/vercel/share/v0-project/far/node_modules/set-blocking' ]
2377 verbose reify failed optional dependency /vercel/share/v0-project/far/node_modules/glob
2378 silly reify mark deleted [ '/vercel/share/v0-project/far/node_modules/glob' ]
2379 verbose reify failed optional dependency /vercel/share/v0-project/far/node_modules/tar/node_modules/chownr
2380 silly reify mark deleted [ '/vercel/share/v0-project/far/node_modules/tar/node_modules/chownr' ]
2381 verbose reify failed optional dependency /vercel/share/v0-project/far/node_modules/fs-minipass
2382 silly reify mark deleted [ '/vercel/share/v0-project/far/node_modules/fs-minipass' ]
2383 verbose reify failed optional dependency /vercel/share/v0-project/far/node_modules/minipass
2384 silly reify mark deleted [ '/vercel/share/v0-project/far/node_modules/minipass' ]
2385 verbose reify failed optional dependency /vercel/share/v0-project/far/node_modules/minizlib
2386 silly reify mark deleted [ '/vercel/share/v0-project/far/node_modules/minizlib' ]
2387 verbose reify failed optional dependency /vercel/share/v0-project/far/node_modules/mkdirp
2388 silly reify mark deleted [
2388 silly reify   '/vercel/share/v0-project/far/node_modules/mkdirp',
2388 silly reify   '/vercel/share/v0-project/far/node_modules/.bin/mkdirp'
2388 silly reify ]
2389 verbose reify failed optional dependency /vercel/share/v0-project/far/node_modules/yallist
2390 silly reify mark deleted [ '/vercel/share/v0-project/far/node_modules/yallist' ]
2391 verbose reify failed optional dependency /vercel/share/v0-project/far/node_modules/pdfjs-dist/node_modules/mimic-response
2392 silly reify mark deleted [
2392 silly reify   '/vercel/share/v0-project/far/node_modules/pdfjs-dist/node_modules/mimic-response'
2392 silly reify ]
2393 verbose reify failed optional dependency /vercel/share/v0-project/far/node_modules/wrappy
2394 silly reify mark deleted [ '/vercel/share/v0-project/far/node_modules/wrappy' ]
2395 verbose reify failed optional dependency /vercel/share/v0-project/far/node_modules/node-fetch/node_modules/tr46
2396 silly reify mark deleted [
2396 silly reify   '/vercel/share/v0-project/far/node_modules/node-fetch/node_modules/tr46'
2396 silly reify ]
2397 verbose reify failed optional dependency /vercel/share/v0-project/far/node_modules/node-fetch/node_modules/webidl-conversions
2398 silly reify mark deleted [
2398 silly reify   '/vercel/share/v0-project/far/node_modules/node-fetch/node_modules/webidl-conversions'
2398 silly reify ]
2399 verbose reify failed optional dependency /vercel/share/v0-project/far/node_modules/delegates
2400 silly reify mark deleted [ '/vercel/share/v0-project/far/node_modules/delegates' ]
2401 verbose reify failed optional dependency /vercel/share/v0-project/far/node_modules/aproba
2402 silly reify mark deleted [ '/vercel/share/v0-project/far/node_modules/aproba' ]
2403 verbose reify failed optional dependency /vercel/share/v0-project/far/node_modules/color-support
2404 silly reify mark deleted [
2404 silly reify   '/vercel/share/v0-project/far/node_modules/color-support',
2404 silly reify   '/vercel/share/v0-project/far/node_modules/.bin/color-support'
2404 silly reify ]
2405 verbose reify failed optional dependency /vercel/share/v0-project/far/node_modules/has-unicode
2406 silly reify mark deleted [ '/vercel/share/v0-project/far/node_modules/has-unicode' ]
2407 verbose reify failed optional dependency /vercel/share/v0-project/far/node_modules/object-assign
2408 silly reify mark deleted [ '/vercel/share/v0-project/far/node_modules/object-assign' ]
2409 verbose reify failed optional dependency /vercel/share/v0-project/far/node_modules/wide-align
2410 silly reify mark deleted [ '/vercel/share/v0-project/far/node_modules/wide-align' ]
2411 verbose reify failed optional dependency /vercel/share/v0-project/far/node_modules/fs.realpath
2412 silly reify mark deleted [ '/vercel/share/v0-project/far/node_modules/fs.realpath' ]
2413 verbose reify failed optional dependency /vercel/share/v0-project/far/node_modules/inflight
2414 silly reify mark deleted [ '/vercel/share/v0-project/far/node_modules/inflight' ]
2415 verbose reify failed optional dependency /vercel/share/v0-project/far/node_modules/minimatch
2416 silly reify mark deleted [ '/vercel/share/v0-project/far/node_modules/minimatch' ]
2417 verbose reify failed optional dependency /vercel/share/v0-project/far/node_modules/path-is-absolute
2418 silly reify mark deleted [ '/vercel/share/v0-project/far/node_modules/path-is-absolute' ]
2419 verbose reify failed optional dependency /vercel/share/v0-project/far/node_modules/fs-minipass/node_modules/minipass
2420 silly reify mark deleted [
2420 silly reify   '/vercel/share/v0-project/far/node_modules/fs-minipass/node_modules/minipass'
2420 silly reify ]
2421 verbose reify failed optional dependency /vercel/share/v0-project/far/node_modules/minizlib/node_modules/minipass
2422 silly reify mark deleted [
2422 silly reify   '/vercel/share/v0-project/far/node_modules/minizlib/node_modules/minipass'
2422 silly reify ]
2423 verbose reify failed optional dependency /vercel/share/v0-project/far/node_modules/brace-expansion
2424 silly reify mark deleted [ '/vercel/share/v0-project/far/node_modules/brace-expansion' ]
2425 verbose reify failed optional dependency /vercel/share/v0-project/far/node_modules/concat-map
2426 silly reify mark deleted [ '/vercel/share/v0-project/far/node_modules/concat-map' ]
2427 info run esbuild@0.28.0 postinstall node_modules/esbuild node install.js
2428 info run esbuild@0.28.0 postinstall { code: 0, signal: null }
2429 silly ADD node_modules/espree
2430 silly ADD node_modules/yocto-queue
2431 silly ADD node_modules/yargs-parser
2432 silly ADD
2433 silly ADD node_modules/xmlchars
2434 silly ADD node_modules/xml-name-validator
2435 silly ADD node_modules/xdg-basedir
2436 silly ADD
2437 silly ADD node_modules/wrap-ansi
2438 silly ADD node_modules/wrap-ansi/node_modules/strip-ansi
2439 silly ADD node_modules/wrap-ansi/node_modules/string-width
2440 silly ADD node_modules/wrap-ansi/node_modules/emoji-regex
2441 silly ADD node_modules/wrap-ansi/node_modules/ansi-styles
2442 silly ADD node_modules/wrap-ansi/node_modules/ansi-regex
2443 silly ADD node_modules/workbox-window
2444 silly ADD node_modules/workbox-sw
2445 silly ADD node_modules/workbox-streams
2446 silly ADD node_modules/workbox-strategies
2447 silly ADD node_modules/workbox-routing
2448 silly ADD node_modules/workbox-recipes
2449 silly ADD node_modules/workbox-range-requests
2450 silly ADD node_modules/workbox-precaching
2451 silly ADD node_modules/workbox-navigation-preload
2452 silly ADD node_modules/workbox-google-analytics
2453 silly ADD node_modules/workbox-expiration
2454 silly ADD node_modules/workbox-core
2455 silly ADD node_modules/workbox-cacheable-response
2456 silly ADD node_modules/workbox-build
2457 silly ADD node_modules/workbox-build/node_modules/minipass
2458 silly ADD node_modules/workbox-build/node_modules/minimatch
2459 silly ADD node_modules/workbox-build/node_modules/json-schema-traverse
2460 silly ADD node_modules/workbox-build/node_modules/glob
2461 silly ADD node_modules/workbox-build/node_modules/brace-expansion
2462 silly ADD node_modules/workbox-build/node_modules/balanced-match
2463 silly ADD node_modules/workbox-build/node_modules/ajv
2464 silly ADD node_modules/workbox-build/node_modules/@apideck/better-ajv-errors
2465 silly ADD node_modules/workbox-broadcast-update
2466 silly ADD node_modules/workbox-background-sync
2467 silly ADD node_modules/word-wrap
2468 silly ADD node_modules/widest-line
2469 silly ADD node_modules/widest-line/node_modules/strip-ansi
2470 silly ADD node_modules/widest-line/node_modules/string-width
2471 silly ADD node_modules/widest-line/node_modules/emoji-regex
2472 silly ADD node_modules/widest-line/node_modules/ansi-regex
2473 silly ADD
2474 silly ADD node_modules/why-is-node-running
2475 silly ADD node_modules/which-typed-array
2476 silly ADD node_modules/which-collection
2477 silly ADD node_modules/which-builtin-type
2478 silly ADD node_modules/which-boxed-primitive
2479 silly ADD node_modules/which
2480 silly ADD node_modules/when-exit
2481 silly ADD node_modules/whatwg-url
2482 silly ADD node_modules/whatwg-mimetype
2483 silly ADD node_modules/whatwg-encoding
2484 silly ADD node_modules/webidl-conversions
2485 silly ADD node_modules/wcwidth
2486 silly ADD node_modules/w3c-xmlserializer
2487 silly ADD node_modules/vite
2488 silly ADD node_modules/validate-npm-package-license
2489 silly ADD node_modules/util-deprecate
2490 silly ADD node_modules/url-join
2491 silly ADD node_modules/uri-js
2492 silly ADD node_modules/update-notifier
2493 silly ADD node_modules/update-notifier/node_modules/chalk
2494 silly ADD node_modules/update-browserslist-db
2495 silly ADD node_modules/upath
2496 silly ADD node_modules/universalify
2497 silly ADD node_modules/unique-string
2498 silly ADD node_modules/union
2499 silly ADD node_modules/unicode-property-aliases-ecmascript
2500 silly ADD node_modules/unicode-match-property-value-ecmascript
2501 silly ADD node_modules/unicode-match-property-ecmascript
2502 silly ADD node_modules/unicode-canonical-property-names-ecmascript
2503 silly ADD node_modules/undici
2504 silly ADD node_modules/unbox-primitive
2505 silly ADD node_modules/typed-array-length
2506 silly ADD node_modules/typed-array-byte-offset
2507 silly ADD node_modules/typed-array-byte-length
2508 silly ADD node_modules/typed-array-buffer
2509 silly ADD node_modules/type-fest
2510 silly ADD node_modules/type-check
2511 silly ADD node_modules/tslib
2512 silly ADD node_modules/trim-newlines
2513 silly ADD node_modules/tr46
2514 silly ADD node_modules/tough-cookie
2515 silly ADD node_modules/to-regex-range
2516 silly ADD node_modules/tmp
2517 silly ADD node_modules/tldts-core
2518 silly ADD node_modules/tldts
2519 silly ADD node_modules/tinyrainbow
2520 silly ADD node_modules/tinyglobby
2521 silly ADD node_modules/tinyexec
2522 silly ADD node_modules/tinybench
2523 silly ADD node_modules/through
2524 silly ADD node_modules/terser
2525 silly ADD node_modules/tempy
2526 silly ADD node_modules/tempy/node_modules/type-fest
2527 silly ADD node_modules/temp-dir
2528 silly ADD
2529 silly ADD node_modules/chownr
2530 silly ADD node_modules/symbol-tree
2531 silly ADD node_modules/supports-preserve-symlinks-flag
2532 silly ADD node_modules/supports-color
2533 silly ADD node_modules/stubborn-utils
2534 silly ADD node_modules/stubborn-fs
2535 silly ADD node_modules/strip-json-comments
2536 silly ADD node_modules/strip-indent
2537 silly ADD node_modules/strip-comments
2538 silly ADD node_modules/strip-ansi
2539 silly ADD node_modules/stringify-object
2540 silly ADD node_modules/string.prototype.trimstart
2541 silly ADD node_modules/string.prototype.trimend
2542 silly ADD node_modules/string.prototype.trim
2543 silly ADD node_modules/string.prototype.matchall
2544 silly ADD node_modules/string-width
2545 silly ADD node_modules/string_decoder
2546 silly ADD node_modules/stop-iteration-iterator
2547 silly ADD node_modules/std-env
2548 silly ADD node_modules/stackback
2549 silly ADD node_modules/spdx-license-ids
2550 silly ADD node_modules/spdx-expression-parse
2551 silly ADD node_modules/spdx-exceptions
2552 silly ADD node_modules/spdx-correct
2553 silly ADD node_modules/sourcemap-codec
2554 silly ADD node_modules/source-map-support
2555 silly ADD node_modules/source-map-support/node_modules/source-map
2556 silly ADD node_modules/source-map-js
2557 silly ADD node_modules/source-map
2558 silly ADD node_modules/source-map/node_modules/whatwg-url
2559 silly ADD node_modules/source-map/node_modules/webidl-conversions
2560 silly ADD node_modules/source-map/node_modules/tr46
2561 silly ADD node_modules/smob
2562 silly ADD
2563 silly ADD node_modules/signal-exit
2564 silly ADD node_modules/siginfo
2565 silly ADD node_modules/side-channel-weakmap
2566 silly ADD node_modules/side-channel-map
2567 silly ADD node_modules/side-channel-list
2568 silly ADD node_modules/side-channel
2569 silly ADD node_modules/shebang-regex
2570 silly ADD node_modules/shebang-command
2571 silly ADD node_modules/set-proto
2572 silly ADD node_modules/set-function-name
2573 silly ADD node_modules/set-function-length
2574 silly ADD
2575 silly ADD node_modules/serialize-javascript
2576 silly ADD node_modules/semver
2577 silly ADD node_modules/secure-compare
2578 silly ADD node_modules/saxes
2579 silly ADD node_modules/safer-buffer
2580 silly ADD node_modules/safe-regex-test
2581 silly ADD node_modules/safe-push-apply
2582 silly ADD node_modules/safe-buffer
2583 silly ADD node_modules/safe-array-concat
2584 silly ADD node_modules/rxjs
2585 silly ADD node_modules/rxjs/node_modules/tslib
2586 silly ADD node_modules/run-async
2587 silly ADD node_modules/rollup
2588 silly ADD node_modules/rolldown
2589 silly ADD
2590 silly ADD node_modules/restore-cursor
2591 silly ADD node_modules/resolve
2592 silly ADD node_modules/requires-port
2593 silly ADD node_modules/require-from-string
2594 silly ADD node_modules/regjsparser
2595 silly ADD node_modules/regjsgen
2596 silly ADD node_modules/registry-url
2597 silly ADD node_modules/registry-auth-token
2598 silly ADD node_modules/regexpu-core
2599 silly ADD node_modules/regexp.prototype.flags
2600 silly ADD node_modules/regenerate-unicode-properties
2601 silly ADD node_modules/regenerate
2602 silly ADD node_modules/reflect.getprototypeof
2603 silly ADD node_modules/redent
2604 silly ADD node_modules/readdirp
2605 silly ADD node_modules/readdirp/node_modules/picomatch
2606 silly ADD node_modules/readable-stream
2607 silly ADD node_modules/read-pkg-up
2608 silly ADD node_modules/read-pkg-up/node_modules/type-fest
2609 silly ADD node_modules/read-pkg-up/node_modules/p-locate
2610 silly ADD node_modules/read-pkg-up/node_modules/p-limit
2611 silly ADD node_modules/read-pkg-up/node_modules/locate-path
2612 silly ADD node_modules/read-pkg-up/node_modules/find-up
2613 silly ADD node_modules/read-pkg
2614 silly ADD node_modules/read-pkg/node_modules/type-fest
2615 silly ADD node_modules/react-is
2616 silly ADD node_modules/rc
2617 silly ADD node_modules/rc/node_modules/ini
2618 silly ADD node_modules/randombytes
2619 silly ADD node_modules/quick-lru
2620 silly ADD node_modules/qs
2621 silly ADD node_modules/pupa
2622 silly ADD node_modules/punycode
2623 silly ADD node_modules/proto-list
2624 silly ADD node_modules/pretty-format
2625 silly ADD node_modules/pretty-format/node_modules/ansi-styles
2626 silly ADD node_modules/pretty-bytes
2627 silly ADD node_modules/prelude-ls
2628 silly ADD node_modules/postcss
2629 silly ADD node_modules/possible-typed-array-names
2630 silly ADD node_modules/portfinder
2631 silly ADD node_modules/picomatch
2632 silly ADD node_modules/picocolors
2633 silly ADD node_modules/pathe
2634 silly ADD node_modules/path2d-polyfill
2635 silly ADD node_modules/path-scurry
2636 silly ADD node_modules/path-scurry/node_modules/minipass
2637 silly ADD node_modules/path-scurry/node_modules/lru-cache
2638 silly ADD node_modules/path-parse
2639 silly ADD node_modules/path-key
2640 silly ADD
2641 silly ADD node_modules/path-exists
2642 silly ADD node_modules/parse5
2643 silly ADD node_modules/parse-json
2644 silly ADD node_modules/package-json-from-dist
2645 silly ADD node_modules/package-json
2646 silly ADD node_modules/p-try
2647 silly ADD node_modules/p-locate
2648 silly ADD node_modules/p-limit
2649 silly ADD node_modules/own-keys
2650 silly ADD node_modules/os-tmpdir
2651 silly ADD node_modules/ora
2652 silly ADD node_modules/optionator
2653 silly ADD node_modules/opener
2654 silly ADD node_modules/onetime
2655 silly ADD
2656 silly ADD node_modules/obug
2657 silly ADD node_modules/object.assign
2658 silly ADD node_modules/object-keys
2659 silly ADD node_modules/object-inspect
2660 silly ADD
2661 silly ADD
2662 silly ADD node_modules/normalize-path
2663 silly ADD node_modules/normalize-package-data
2664 silly ADD node_modules/normalize-package-data/node_modules/semver
2665 silly ADD
2666 silly ADD node_modules/node-releases
2667 silly ADD
2668 silly ADD node_modules/whatwg-url
2669 silly ADD node_modules/webidl-conversions
2670 silly ADD node_modules/tr46
2671 silly ADD node_modules/natural-compare
2672 silly ADD node_modules/nanoid
2673 silly ADD
2674 silly ADD node_modules/mute-stream
2675 silly ADD node_modules/ms
2676 silly ADD
2677 silly ADD
2678 silly ADD node_modules/minipass
2679 silly ADD
2680 silly ADD node_modules/minimist-options
2681 silly ADD node_modules/minimist
2682 silly ADD
2683 silly ADD node_modules/min-indent
2684 silly ADD node_modules/mimic-fn
2685 silly ADD node_modules/mime
2686 silly ADD node_modules/meow
2687 silly ADD node_modules/meow/node_modules/type-fest
2688 silly ADD node_modules/mdn-data
2689 silly ADD node_modules/math-intrinsics
2690 silly ADD node_modules/map-obj
2691 silly ADD
2692 silly ADD node_modules/semver
2693 silly ADD node_modules/magic-string
2694 silly ADD node_modules/lz-string
2695 silly ADD node_modules/lru-cache
2696 silly ADD node_modules/lru-cache/node_modules/yallist
2697 silly ADD node_modules/log-symbols
2698 silly ADD node_modules/lodash.sortby
2699 silly ADD node_modules/lodash.debounce
2700 silly ADD node_modules/lodash
2701 silly ADD node_modules/locate-path
2702 silly ADD node_modules/lines-and-columns
2703 silly ADD node_modules/lightningcss-linux-x64-gnu
2704 silly ADD node_modules/lightningcss
2705 silly ADD node_modules/levn
2706 silly ADD node_modules/leven
2707 silly ADD node_modules/latest-version
2708 silly ADD node_modules/ky
2709 silly ADD node_modules/kind-of
2710 silly ADD node_modules/keyv
2711 silly ADD node_modules/jsonpointer
2712 silly ADD node_modules/jsonfile
2713 silly ADD node_modules/json5
2714 silly ADD node_modules/json-stable-stringify-without-jsonify
2715 silly ADD node_modules/json-schema-traverse
2716 silly ADD node_modules/json-parse-even-better-errors
2717 silly ADD node_modules/json-buffer
2718 silly ADD node_modules/jsesc
2719 silly ADD node_modules/js-tokens
2720 silly ADD node_modules/jake
2721 silly ADD node_modules/jackspeak
2722 silly ADD node_modules/isexe
2723 silly ADD node_modules/isarray
2724 silly ADD node_modules/is-weakset
2725 silly ADD node_modules/is-weakref
2726 silly ADD node_modules/is-weakmap
2727 silly ADD node_modules/is-unicode-supported
2728 silly ADD node_modules/is-typed-array
2729 silly ADD node_modules/is-symbol
2730 silly ADD node_modules/is-string
2731 silly ADD node_modules/is-stream
2732 silly ADD node_modules/is-shared-array-buffer
2733 silly ADD node_modules/is-set
2734 silly ADD node_modules/is-regexp
2735 silly ADD node_modules/is-regex
2736 silly ADD node_modules/is-potential-custom-element-name
2737 silly ADD node_modules/is-plain-obj
2738 silly ADD node_modules/is-path-inside
2739 silly ADD node_modules/is-obj
2740 silly ADD node_modules/is-number-object
2741 silly ADD node_modules/is-number
2742 silly ADD node_modules/is-npm
2743 silly ADD node_modules/is-negative-zero
2744 silly ADD node_modules/is-module
2745 silly ADD node_modules/is-map
2746 silly ADD node_modules/is-interactive
2747 silly ADD node_modules/is-installed-globally
2748 silly ADD node_modules/is-in-ci
2749 silly ADD node_modules/is-glob
2750 silly ADD node_modules/is-generator-function
2751 silly ADD node_modules/is-fullwidth-code-point
2752 silly ADD node_modules/is-finalizationregistry
2753 silly ADD node_modules/is-extglob
2754 silly ADD node_modules/is-date-object
2755 silly ADD node_modules/is-data-view
2756 silly ADD node_modules/is-core-module
2757 silly ADD node_modules/is-callable
2758 silly ADD node_modules/is-boolean-object
2759 silly ADD node_modules/is-binary-path
2760 silly ADD node_modules/is-bigint
2761 silly ADD node_modules/is-async-function
2762 silly ADD node_modules/is-arrayish
2763 silly ADD node_modules/is-array-buffer
2764 silly ADD node_modules/internal-slot
2765 silly ADD node_modules/inquirer
2766 silly ADD node_modules/ini
2767 silly ADD node_modules/inherits
2768 silly ADD
2769 silly ADD node_modules/indent-string
2770 silly ADD node_modules/imurmurhash
2771 silly ADD node_modules/ignore
2772 silly ADD node_modules/ieee754
2773 silly ADD node_modules/idb
2774 silly ADD node_modules/iconv-lite
2775 silly ADD
2776 silly ADD node_modules/http-proxy
2777 silly ADD node_modules/html-encoding-sniffer
2778 silly ADD node_modules/hosted-git-info
2779 silly ADD node_modules/he
2780 silly ADD node_modules/hasown
2781 silly ADD
2782 silly ADD node_modules/has-tostringtag
2783 silly ADD node_modules/has-symbols
2784 silly ADD node_modules/has-proto
2785 silly ADD node_modules/has-property-descriptors
2786 silly ADD node_modules/has-flag
2787 silly ADD node_modules/has-bigints
2788 silly ADD node_modules/hard-rejection
2789 silly ADD node_modules/graceful-fs
2790 silly ADD node_modules/gopd
2791 silly ADD node_modules/globalthis
2792 silly ADD node_modules/global-directory
2793 silly ADD node_modules/glob-parent
2794 silly ADD
2795 silly ADD node_modules/get-symbol-description
2796 silly ADD node_modules/get-proto
2797 silly ADD node_modules/get-own-enumerable-property-symbols
2798 silly ADD node_modules/get-intrinsic
2799 silly ADD node_modules/get-east-asian-width
2800 silly ADD node_modules/gensync
2801 silly ADD node_modules/generator-function
2802 silly ADD
2803 silly ADD node_modules/functions-have-names
2804 silly ADD node_modules/function.prototype.name
2805 silly ADD node_modules/function-bind
2806 silly ADD
2807 silly ADD
2808 silly ADD node_modules/minipass
2809 silly ADD node_modules/fs-extra
2810 silly ADD node_modules/foreground-child
2811 silly ADD node_modules/foreground-child/node_modules/signal-exit
2812 silly ADD node_modules/for-each
2813 silly ADD node_modules/follow-redirects
2814 silly ADD node_modules/flatted
2815 silly ADD node_modules/flat-cache
2816 silly ADD node_modules/find-up
2817 silly ADD node_modules/fill-range
2818 silly ADD node_modules/filelist
2819 silly ADD node_modules/filelist/node_modules/minimatch
2820 silly ADD node_modules/filelist/node_modules/brace-expansion
2821 silly ADD node_modules/file-entry-cache
2822 silly ADD node_modules/figures
2823 silly ADD node_modules/figures/node_modules/escape-string-regexp
2824 silly ADD node_modules/fdir
2825 silly ADD node_modules/fast-uri
2826 silly ADD node_modules/fast-levenshtein
2827 silly ADD node_modules/fast-json-stable-stringify
2828 silly ADD node_modules/fast-deep-equal
2829 silly ADD node_modules/external-editor
2830 silly ADD node_modules/external-editor/node_modules/iconv-lite
2831 silly ADD node_modules/expect-type
2832 silly ADD node_modules/eventemitter3
2833 silly ADD node_modules/esutils
2834 silly ADD node_modules/estree-walker
2835 silly ADD node_modules/estraverse
2836 silly ADD node_modules/esrecurse
2837 silly ADD node_modules/esquery
2838 silly ADD node_modules/eslint-visitor-keys
2839 silly ADD node_modules/eslint-scope
2840 silly ADD node_modules/escape-string-regexp
2841 silly ADD node_modules/escape-goat
2842 silly ADD node_modules/escalade
2843 silly ADD node_modules/es-to-primitive
2844 silly ADD node_modules/es-set-tostringtag
2845 silly ADD node_modules/es-object-atoms
2846 silly ADD node_modules/es-module-lexer
2847 silly ADD node_modules/es-errors
2848 silly ADD node_modules/es-define-property
2849 silly ADD node_modules/es-abstract
2850 silly ADD node_modules/error-ex
2851 silly ADD node_modules/entities
2852 silly ADD node_modules/emoji-regex
2853 silly ADD node_modules/electron-to-chromium
2854 silly ADD node_modules/ejs
2855 silly ADD node_modules/dunder-proto
2856 silly ADD node_modules/dot-prop
2857 silly ADD node_modules/dot-prop/node_modules/type-fest
2858 silly ADD node_modules/dom-accessibility-api
2859 silly ADD node_modules/detect-libc
2860 silly ADD node_modules/dequal
2861 silly ADD
2862 silly ADD node_modules/define-properties
2863 silly ADD node_modules/define-data-property
2864 silly ADD node_modules/defaults
2865 silly ADD node_modules/deepmerge
2866 silly ADD node_modules/deep-is
2867 silly ADD node_modules/deep-extend
2868 silly ADD node_modules/decimal.js
2869 silly ADD node_modules/decamelize-keys
2870 silly ADD node_modules/decamelize-keys/node_modules/map-obj
2871 silly ADD node_modules/decamelize
2872 silly ADD node_modules/debug
2873 silly ADD node_modules/data-view-byte-offset
2874 silly ADD node_modules/data-view-byte-length
2875 silly ADD node_modules/data-view-buffer
2876 silly ADD node_modules/data-urls
2877 silly ADD node_modules/css-tree
2878 silly ADD node_modules/crypto-random-string
2879 silly ADD node_modules/cross-spawn
2880 silly ADD node_modules/corser
2881 silly ADD node_modules/core-js-compat
2882 silly ADD node_modules/convert-source-map
2883 silly ADD
2884 silly ADD node_modules/configstore
2885 silly ADD node_modules/config-chain
2886 silly ADD node_modules/config-chain/node_modules/ini
2887 silly ADD
2888 silly ADD node_modules/common-tags
2889 silly ADD node_modules/commander
2890 silly ADD
2891 silly ADD node_modules/color-name
2892 silly ADD node_modules/color-convert
2893 silly ADD node_modules/clone
2894 silly ADD node_modules/cli-width
2895 silly ADD node_modules/cli-spinners
2896 silly ADD node_modules/cli-cursor
2897 silly ADD node_modules/cli-boxes
2898 silly ADD node_modules/chokidar
2899 silly ADD node_modules/chokidar/node_modules/glob-parent
2900 silly ADD node_modules/chardet
2901 silly ADD node_modules/chalk
2902 silly ADD node_modules/chai
2903 silly ADD node_modules/caniuse-lite
2904 silly ADD node_modules/camelcase-keys
2905 silly ADD node_modules/camelcase
2906 silly ADD node_modules/call-bound
2907 silly ADD node_modules/call-bind-apply-helpers
2908 silly ADD node_modules/call-bind
2909 silly ADD node_modules/buffer-from
2910 silly ADD node_modules/buffer
2911 silly ADD node_modules/browserslist
2912 silly ADD node_modules/braces
2913 silly ADD
2914 silly ADD node_modules/boxen
2915 silly ADD node_modules/boxen/node_modules/type-fest
2916 silly ADD node_modules/boxen/node_modules/strip-ansi
2917 silly ADD node_modules/boxen/node_modules/string-width
2918 silly ADD node_modules/boxen/node_modules/emoji-regex
2919 silly ADD node_modules/boxen/node_modules/chalk
2920 silly ADD node_modules/boxen/node_modules/camelcase
2921 silly ADD node_modules/boxen/node_modules/ansi-regex
2922 silly ADD node_modules/bl
2923 silly ADD node_modules/binary-extensions
2924 silly ADD node_modules/bidi-js
2925 silly ADD node_modules/basic-auth
2926 silly ADD node_modules/basic-auth/node_modules/safe-buffer
2927 silly ADD node_modules/baseline-browser-mapping
2928 silly ADD node_modules/base64-js
2929 silly ADD node_modules/balanced-match
2930 silly ADD node_modules/babel-plugin-polyfill-regenerator
2931 silly ADD node_modules/babel-plugin-polyfill-corejs3
2932 silly ADD node_modules/babel-plugin-polyfill-corejs2
2933 silly ADD node_modules/babel-plugin-polyfill-corejs2/node_modules/semver
2934 silly ADD node_modules/available-typed-arrays
2935 silly ADD node_modules/atomically
2936 silly ADD node_modules/at-least-node
2937 silly ADD node_modules/async-function
2938 silly ADD node_modules/async
2939 silly ADD node_modules/assertion-error
2940 silly ADD node_modules/arrify
2941 silly ADD node_modules/arraybuffer.prototype.slice
2942 silly ADD node_modules/array-buffer-byte-length
2943 silly ADD node_modules/aria-query
2944 silly ADD
2945 silly ADD
2946 silly ADD node_modules/anymatch
2947 silly ADD node_modules/anymatch/node_modules/picomatch
2948 silly ADD node_modules/ansi-styles
2949 silly ADD node_modules/ansi-regex
2950 silly ADD node_modules/ansi-escapes
2951 silly ADD node_modules/ansi-align
2952 silly ADD node_modules/ajv
2953 silly ADD
2954 silly ADD node_modules/acorn-jsx
2955 silly ADD node_modules/acorn
2956 silly ADD
2957 silly ADD node_modules/@vitest/utils
2958 silly ADD node_modules/@vitest/spy
2959 silly ADD node_modules/@vitest/snapshot
2960 silly ADD node_modules/@vitest/runner
2961 silly ADD node_modules/@vitest/pretty-format
2962 silly ADD node_modules/@vitest/mocker
2963 silly ADD node_modules/@vitest/expect
2964 silly ADD node_modules/@types/trusted-types
2965 silly ADD node_modules/@types/resolve
2966 silly ADD node_modules/@types/normalize-package-data
2967 silly ADD node_modules/@types/minimist
2968 silly ADD node_modules/@types/json-schema
2969 silly ADD node_modules/@types/estree
2970 silly ADD node_modules/@types/esrecurse
2971 silly ADD node_modules/@types/deep-eql
2972 silly ADD node_modules/@types/chai
2973 silly ADD node_modules/@types/aria-query
2974 silly ADD node_modules/@surma/rollup-plugin-off-main-thread
2975 silly ADD node_modules/@surma/rollup-plugin-off-main-thread/node_modules/magic-string
2976 silly ADD node_modules/@standard-schema/spec
2977 silly ADD node_modules/@rollup/pluginutils
2978 silly ADD node_modules/@rollup/pluginutils/node_modules/picomatch
2979 silly ADD node_modules/@rollup/pluginutils/node_modules/estree-walker
2980 silly ADD node_modules/@rollup/pluginutils/node_modules/@types/estree
2981 silly ADD node_modules/@rollup/plugin-terser
2982 silly ADD node_modules/@rollup/plugin-replace
2983 silly ADD node_modules/@rollup/plugin-replace/node_modules/magic-string
2984 silly ADD node_modules/@rollup/plugin-node-resolve
2985 silly ADD node_modules/@rollup/plugin-node-resolve/node_modules/estree-walker
2986 silly ADD node_modules/@rollup/plugin-node-resolve/node_modules/@rollup/pluginutils
2987 silly ADD node_modules/@rollup/plugin-babel
2988 silly ADD node_modules/@rolldown/pluginutils
2989 silly ADD node_modules/@rolldown/binding-linux-x64-gnu
2990 silly ADD node_modules/@pnpm/npm-conf
2991 silly ADD node_modules/@pnpm/network.ca-file
2992 silly ADD node_modules/@pnpm/network.ca-file/node_modules/graceful-fs
2993 silly ADD node_modules/@pnpm/config.env-replace
2994 silly ADD node_modules/@oxc-project/types
2995 silly ADD
2996 silly ADD node_modules/@kurkle/color
2997 silly ADD node_modules/@jridgewell/trace-mapping
2998 silly ADD node_modules/@jridgewell/sourcemap-codec
2999 silly ADD node_modules/@jridgewell/source-map
3000 silly ADD node_modules/@jridgewell/resolve-uri
3001 silly ADD node_modules/@jridgewell/remapping
3002 silly ADD node_modules/@jridgewell/gen-mapping
3003 silly ADD node_modules/@isaacs/cliui
3004 silly ADD node_modules/@img/sharp-linux-x64
3005 silly ADD node_modules/@img/sharp-libvips-linux-x64
3006 silly ADD node_modules/@img/colour
3007 silly ADD node_modules/@humanwhocodes/retry
3008 silly ADD node_modules/@humanwhocodes/module-importer
3009 silly ADD node_modules/@humanfs/types
3010 silly ADD node_modules/@humanfs/node
3011 silly ADD node_modules/@humanfs/core
3012 silly ADD node_modules/@exodus/bytes
3013 silly ADD node_modules/@eslint/plugin-kit
3014 silly ADD node_modules/@eslint/object-schema
3015 silly ADD node_modules/@eslint/core
3016 silly ADD node_modules/@eslint/config-helpers
3017 silly ADD node_modules/@eslint/config-array
3018 silly ADD node_modules/@eslint/config-array/node_modules/minimatch
3019 silly ADD node_modules/@eslint/config-array/node_modules/brace-expansion
3020 silly ADD node_modules/@eslint/config-array/node_modules/balanced-match
3021 silly ADD node_modules/@eslint-community/regexpp
3022 silly ADD node_modules/@eslint-community/eslint-utils
3023 silly ADD node_modules/@eslint-community/eslint-utils/node_modules/eslint-visitor-keys
3024 silly ADD node_modules/@esbuild/linux-x64
3025 silly ADD node_modules/@emnapi/runtime
3026 silly ADD node_modules/@csstools/css-tokenizer
3027 silly ADD node_modules/@csstools/css-syntax-patches-for-csstree
3028 silly ADD node_modules/@csstools/css-parser-algorithms
3029 silly ADD node_modules/@csstools/css-color-parser
3030 silly ADD node_modules/@csstools/css-calc
3031 silly ADD node_modules/@csstools/color-helpers
3032 silly ADD node_modules/@bramus/specificity
3033 silly ADD node_modules/@babel/types
3034 silly ADD node_modules/@babel/traverse
3035 silly ADD node_modules/@babel/template
3036 silly ADD node_modules/@babel/runtime
3037 silly ADD node_modules/@babel/preset-modules
3038 silly ADD node_modules/@babel/preset-env
3039 silly ADD node_modules/@babel/preset-env/node_modules/semver
3040 silly ADD node_modules/@babel/plugin-transform-unicode-sets-regex
3041 silly ADD node_modules/@babel/plugin-transform-unicode-regex
3042 silly ADD node_modules/@babel/plugin-transform-unicode-property-regex
3043 silly ADD node_modules/@babel/plugin-transform-unicode-escapes
3044 silly ADD node_modules/@babel/plugin-transform-typeof-symbol
3045 silly ADD node_modules/@babel/plugin-transform-template-literals
3046 silly ADD node_modules/@babel/plugin-transform-sticky-regex
3047 silly ADD node_modules/@babel/plugin-transform-spread
3048 silly ADD node_modules/@babel/plugin-transform-shorthand-properties
3049 silly ADD node_modules/@babel/plugin-transform-reserved-words
3050 silly ADD node_modules/@babel/plugin-transform-regexp-modifiers
3051 silly ADD node_modules/@babel/plugin-transform-regenerator
3052 silly ADD node_modules/@babel/plugin-transform-property-literals
3053 silly ADD node_modules/@babel/plugin-transform-private-property-in-object
3054 silly ADD node_modules/@babel/plugin-transform-private-methods
3055 silly ADD node_modules/@babel/plugin-transform-parameters
3056 silly ADD node_modules/@babel/plugin-transform-optional-chaining
3057 silly ADD node_modules/@babel/plugin-transform-optional-catch-binding
3058 silly ADD node_modules/@babel/plugin-transform-object-super
3059 silly ADD node_modules/@babel/plugin-transform-object-rest-spread
3060 silly ADD node_modules/@babel/plugin-transform-numeric-separator
3061 silly ADD node_modules/@babel/plugin-transform-nullish-coalescing-operator
3062 silly ADD node_modules/@babel/plugin-transform-new-target
3063 silly ADD node_modules/@babel/plugin-transform-named-capturing-groups-regex
3064 silly ADD node_modules/@babel/plugin-transform-modules-umd
3065 silly ADD node_modules/@babel/plugin-transform-modules-systemjs
3066 silly ADD node_modules/@babel/plugin-transform-modules-commonjs
3067 silly ADD node_modules/@babel/plugin-transform-modules-amd
3068 silly ADD node_modules/@babel/plugin-transform-member-expression-literals
3069 silly ADD node_modules/@babel/plugin-transform-logical-assignment-operators
3070 silly ADD node_modules/@babel/plugin-transform-literals
3071 silly ADD node_modules/@babel/plugin-transform-json-strings
3072 silly ADD node_modules/@babel/plugin-transform-function-name
3073 silly ADD node_modules/@babel/plugin-transform-for-of
3074 silly ADD node_modules/@babel/plugin-transform-export-namespace-from
3075 silly ADD node_modules/@babel/plugin-transform-exponentiation-operator
3076 silly ADD node_modules/@babel/plugin-transform-explicit-resource-management
3077 silly ADD node_modules/@babel/plugin-transform-dynamic-import
3078 silly ADD node_modules/@babel/plugin-transform-duplicate-named-capturing-groups-regex
3079 silly ADD node_modules/@babel/plugin-transform-duplicate-keys
3080 silly ADD node_modules/@babel/plugin-transform-dotall-regex
3081 silly ADD node_modules/@babel/plugin-transform-destructuring
3082 silly ADD node_modules/@babel/plugin-transform-computed-properties
3083 silly ADD node_modules/@babel/plugin-transform-classes
3084 silly ADD node_modules/@babel/plugin-transform-class-static-block
3085 silly ADD node_modules/@babel/plugin-transform-class-properties
3086 silly ADD node_modules/@babel/plugin-transform-block-scoping
3087 silly ADD node_modules/@babel/plugin-transform-block-scoped-functions
3088 silly ADD node_modules/@babel/plugin-transform-async-to-generator
3089 silly ADD node_modules/@babel/plugin-transform-async-generator-functions
3090 silly ADD node_modules/@babel/plugin-transform-arrow-functions
3091 silly ADD node_modules/@babel/plugin-syntax-unicode-sets-regex
3092 silly ADD node_modules/@babel/plugin-syntax-import-attributes
3093 silly ADD node_modules/@babel/plugin-syntax-import-assertions
3094 silly ADD node_modules/@babel/plugin-proposal-private-property-in-object
3095 silly ADD node_modules/@babel/plugin-bugfix-v8-static-class-fields-redefine-readonly
3096 silly ADD node_modules/@babel/plugin-bugfix-v8-spread-parameters-in-optional-chaining
3097 silly ADD node_modules/@babel/plugin-bugfix-safari-id-destructuring-collision-in-function-expression
3098 silly ADD node_modules/@babel/plugin-bugfix-safari-class-field-initializer-scope
3099 silly ADD node_modules/@babel/plugin-bugfix-firefox-class-in-computed-class-key
3100 silly ADD node_modules/@babel/parser
3101 silly ADD node_modules/@babel/helpers
3102 silly ADD node_modules/@babel/helper-wrap-function
3103 silly ADD node_modules/@babel/helper-validator-option
3104 silly ADD node_modules/@babel/helper-validator-identifier
3105 silly ADD node_modules/@babel/helper-string-parser
3106 silly ADD node_modules/@babel/helper-skip-transparent-expression-wrappers
3107 silly ADD node_modules/@babel/helper-replace-supers
3108 silly ADD node_modules/@babel/helper-remap-async-to-generator
3109 silly ADD node_modules/@babel/helper-plugin-utils
3110 silly ADD node_modules/@babel/helper-optimise-call-expression
3111 silly ADD node_modules/@babel/helper-module-transforms
3112 silly ADD node_modules/@babel/helper-module-imports
3113 silly ADD node_modules/@babel/helper-member-expression-to-functions
3114 silly ADD node_modules/@babel/helper-globals
3115 silly ADD node_modules/@babel/helper-define-polyfill-provider
3116 silly ADD node_modules/@babel/helper-create-regexp-features-plugin
3117 silly ADD node_modules/@babel/helper-create-regexp-features-plugin/node_modules/semver
3118 silly ADD node_modules/@babel/helper-create-class-features-plugin
3119 silly ADD node_modules/@babel/helper-create-class-features-plugin/node_modules/semver
3120 silly ADD node_modules/@babel/helper-compilation-targets
3121 silly ADD node_modules/@babel/helper-compilation-targets/node_modules/semver
3122 silly ADD node_modules/@babel/helper-annotate-as-pure
3123 silly ADD node_modules/@babel/generator
3124 silly ADD node_modules/@babel/core
3125 silly ADD node_modules/@babel/core/node_modules/semver
3126 silly ADD node_modules/@babel/compat-data
3127 silly ADD node_modules/@babel/code-frame
3128 silly ADD node_modules/@asamuzakjp/nwsapi
3129 silly ADD node_modules/@asamuzakjp/generational-cache
3130 silly ADD node_modules/@asamuzakjp/dom-selector
3131 silly ADD node_modules/@asamuzakjp/css-color
3132 silly CHANGE node_modules/@testing-library/dom
3133 silly CHANGE node_modules/@fortawesome/fontawesome-free
3134 silly CHANGE node_modules/@fontsource/playfair-display
3135 silly CHANGE node_modules/@fontsource/jetbrains-mono
3136 silly CHANGE node_modules/@fontsource/inter
3137 silly CHANGE node_modules/@eslint/js
3138 silly CHANGE node_modules/workbox-cli
3139 silly ADD node_modules/workbox-cli/node_modules/minipass
3140 silly ADD node_modules/workbox-cli/node_modules/minimatch
3141 silly ADD node_modules/workbox-cli/node_modules/glob
3142 silly ADD node_modules/workbox-cli/node_modules/brace-expansion
3143 silly ADD node_modules/workbox-cli/node_modules/balanced-match
3144 silly CHANGE node_modules/vitest
3145 silly CHANGE node_modules/sharp
3146 silly CHANGE node_modules/pdfjs-dist
3147 silly ADD
3148 silly ADD
3149 silly ADD
3150 silly ADD
3151 silly CHANGE node_modules/marked
3152 silly CHANGE node_modules/jsdom
3153 silly ADD node_modules/jsdom/node_modules/lru-cache
3154 silly ADD node_modules/jsdom/node_modules/html-encoding-sniffer
3155 silly CHANGE node_modules/http-server
3156 silly CHANGE node_modules/globals
3157 silly CHANGE node_modules/fuse.js
3158 silly CHANGE node_modules/fake-indexeddb
3159 silly CHANGE node_modules/eslint
3160 silly ADD node_modules/eslint/node_modules/minimatch
3161 silly ADD node_modules/eslint/node_modules/brace-expansion
3162 silly ADD node_modules/eslint/node_modules/balanced-match
3163 silly CHANGE node_modules/esbuild
3164 silly CHANGE node_modules/dompurify
3165 silly CHANGE node_modules/chart.js
3166 verbose cwd /vercel/share/v0-project/far
3167 verbose os Linux 5.10.174
3168 verbose node v24.14.1
3169 verbose npm  v11.11.0
3170 verbose exit 0
3171 info ok
